id,title,culture,theme,period,dateStart,dateEnd,site,region,currentMuseum,lat,lng,locationPrecision,imageUrl,image_photographer,image_license,image_licenseUrl,image_sourceUrl,sourceCitation,description
knossos-wall-painting-of-the-saffron-gatherer-from-knossos-room-of-the-saffron-gatherer-heraklion-am-01,Wall painting of the Saffron Gatherer from Knossos (room of the saffron gatherer) - Heraklion AM - 01,Minoan,Animal,Middle Bronze Age,,,Knossos,Crete,Heraklion Archaeological Museum,35.29658,25.16455,approximate,https://commons.wikimedia.org/wiki/Special:FilePath/Wall_painting_of_the_Saffron_Gatherer_from_Knossos_%28room_of_the_saffron_gatherer%29_-_Heraklion_AM_-_01.jpg?width=400,ArchaiOptix,CC BY-SA 4.0,https://creativecommons.org/licenses/by-sa/4.0,https://commons.wikimedia.org/wiki/File:Wall_painting_of_the_Saffron_Gatherer_from_Knossos_%28room_of_the_saffron_gatherer%29_-_Heraklion_AM_-_01.jpg,,Wall painting of the Saffron Gatherer from Knossos (room of the saffron gatherer) - Heraklion AM - 01
knossos-wall-painting-of-the-saffron-gatherer-from-knossos-room-of-the-saffron-gatherer-heraklion-am-02,Wall painting of the Saffron Gatherer from Knossos (room of the saffron gatherer) - Heraklion AM - 02,Minoan,Animal,Middle Bronze Age,,,Knossos,Crete,Heraklion Archaeological Museum,35.29898,25.16447,approximate,https://commons.wikimedia.org/wiki/Special:FilePath/Wall_painting_of_the_Saffron_Gatherer_from_Knossos_%28room_of_the_saffron_gatherer%29_-_Heraklion_AM_-_02.jpg?width=400,ArchaiOptix,CC BY-SA 4.0,https://creativecommons.org/licenses/by-sa/4.0,https://commons.wikimedia.org/wiki/File:Wall_painting_of_the_Saffron_Gatherer_from_Knossos_%28room_of_the_saffron_gatherer%29_-_Heraklion_AM_-_02.jpg,,Wall painting of the Saffron Gatherer from Knossos (room of the saffron gatherer) - Heraklion AM - 02
knossos-wall-painting-of-monkeys-in-a-landscape-from-knossos-house-of-the-frescoes-heraklion-am-01,Wall painting of monkeys in a landscape from Knossos (House of the Frescoes) - Heraklion AM - 01,Minoan,Animal,Middle Bronze Age,,,Knossos,Crete,Heraklion Archaeological Museum,35.29935,25.16273,approximate,https://commons.wikimedia.org/wiki/Special:FilePath/Wall_painting_of_monkeys_in_a_landscape_from_Knossos_%28House_of_the_Frescoes%29_-_Heraklion_AM_-_01.jpg?width=400,ArchaiOptix,CC BY-SA 4.0,https://creativecommons.org/licenses/by-sa/4.0,https://commons.wikimedia.org/wiki/File:Wall_painting_of_monkeys_in_a_landscape_from_Knossos_%28House_of_the_Frescoes%29_-_Heraklion_AM_-_01.jpg,,Wall painting of monkeys in a landscape from Knossos (House of the Frescoes) - Heraklion AM - 01
knossos-wall-painting-of-monkeys-in-a-landscape-from-knossos-house-of-the-frescoes-heraklion-am-02,Wall painting of monkeys in a landscape from Knossos (House of the Frescoes) - Heraklion AM - 02,Minoan,Animal,Middle Bronze Age,,,Knossos,Crete,Heraklion Archaeological Museum,35.29812,25.16353,approximate,https://commons.wikimedia.org/wiki/Special:FilePath/Wall_painting_of_monkeys_in_a_landscape_from_Knossos_%28House_of_the_Frescoes%29_-_Heraklion_AM_-_02.jpg?width=400,ArchaiOptix,CC BY-SA 4.0,https://creativecommons.org/licenses/by-sa/4.0,https://commons.wikimedia.org/wiki/File:Wall_painting_of_monkeys_in_a_landscape_from_Knossos_%28House_of_the_Frescoes%29_-_Heraklion_AM_-_02.jpg,,Wall painting of monkeys in a landscape from Knossos (House of the Frescoes) - Heraklion AM - 02
knossos-wall-painting-of-monkeys-in-a-landscape-from-knossos-house-of-the-frescoes-heraklion-am-03,Wall painting of monkeys in a landscape from Knossos (House of the Frescoes) - Heraklion AM - 03,Minoan,Animal,Middle Bronze Age,,,Knossos,Crete,Heraklion Archaeological Museum,35.2971,25.16397,approximate,https://commons.wikimedia.org/wiki/Special:FilePath/Wall_painting_of_monkeys_in_a_landscape_from_Knossos_%28House_of_the_Frescoes%29_-_Heraklion_AM_-_03.jpg?width=400,ArchaiOptix,CC BY-SA 4.0,https://creativecommons.org/licenses/by-sa/4.0,https://commons.wikimedia.org/wiki/File:Wall_painting_of_monkeys_in_a_landscape_from_Knossos_%28House_of_the_Frescoes%29_-_Heraklion_AM_-_03.jpg,,Wall painting of monkeys in a landscape from Knossos (House of the Frescoes) - Heraklion AM - 03
knossos-wall-painting-of-monkeys-in-a-landscape-from-knossos-house-of-the-frescoes-heraklion-am-04,Wall painting of monkeys in a landscape from Knossos (House of the Frescoes) - Heraklion AM - 04,Minoan,Animal,Middle Bronze Age,,,Knossos,Crete,Heraklion Archaeological Museum,35.29746,25.16208,approximate,https://commons.wikimedia.org/wiki/Special:FilePath/Wall_painting_of_monkeys_in_a_landscape_from_Knossos_%28House_of_the_Frescoes%29_-_Heraklion_AM_-_04.jpg?width=400,ArchaiOptix,CC BY-SA 4.0,https://creativecommons.org/licenses/by-sa/4.0,https://commons.wikimedia.org/wiki/File:Wall_painting_of_monkeys_in_a_landscape_from_Knossos_%28House_of_the_Frescoes%29_-_Heraklion_AM_-_04.jpg,,Wall painting of monkeys in a landscape from Knossos (House of the Frescoes) - Heraklion AM - 04
knossos-wall-painting-of-griffins-and-athletes-from-knossos-east-corridor-heraklion-am,Wall painting of griffins and athletes from Knossos (East Corridor) - Heraklion AM,Minoan,Animal,Middle Bronze Age,,,Knossos,Crete,Heraklion Archaeological Museum,35.29882,25.16185,approximate,https://commons.wikimedia.org/wiki/Special:FilePath/Wall_painting_of_griffins_and_athletes_from_Knossos_%28East_Corridor%29_-_Heraklion_AM.jpg?width=400,ArchaiOptix,CC BY-SA 4.0,https://creativecommons.org/licenses/by-sa/4.0,https://commons.wikimedia.org/wiki/File:Wall_painting_of_griffins_and_athletes_from_Knossos_%28East_Corridor%29_-_Heraklion_AM.jpg,,Wall painting of griffins and athletes from Knossos (East Corridor) - Heraklion AM
knossos-wall-painting-of-three-women-ladies-in-blue-from-knossos-outside-royal-magazines-heraklion-am,Wall painting of three women (Ladies in Blue) from Knossos (outside Royal Magazines) - Heraklion AM,Minoan,Animal,Middle Bronze Age,,,Knossos,Crete,Heraklion Archaeological Museum,35.29872,25.16213,approximate,https://commons.wikimedia.org/wiki/Special:FilePath/Wall_painting_of_three_women_%28Ladies_in_Blue%29_from_Knossos_%28outside_Royal_Magazines%29_-_Heraklion_AM.jpg?width=400,ArchaiOptix,CC BY-SA 4.0,https://creativecommons.org/licenses/by-sa/4.0,https://commons.wikimedia.org/wiki/File:Wall_painting_of_three_women_%28Ladies_in_Blue%29_from_Knossos_%28outside_Royal_Magazines%29_-_Heraklion_AM.jpg,,Wall painting of three women (Ladies in Blue) from Knossos (outside Royal Magazines) - Heraklion AM
knossos-wall-painting-of-grandstand-or-sacred-grove-and-shrine-from-knossos-north-end-of-central-court-heraklion-am-01,Wall painting of grandstand or sacred grove and shrine from Knossos (north end of central court) - Heraklion AM - 01,Minoan,Animal,Middle Bronze Age,,,Knossos,Crete,Heraklion Archaeological Museum,35.2982,25.16327,approximate,https://commons.wikimedia.org/wiki/Special:FilePath/Wall_painting_of_grandstand_or_sacred_grove_and_shrine_from_Knossos_%28north_end_of_central_court%29_-_Heraklion_AM_-_01.jpg?width=400,ArchaiOptix,CC BY-SA 4.0,https://creativecommons.org/licenses/by-sa/4.0,https://commons.wikimedia.org/wiki/File:Wall_painting_of_grandstand_or_sacred_grove_and_shrine_from_Knossos_%28north_end_of_central_court%29_-_Heraklion_AM_-_01.jpg,,Wall painting of grandstand or sacred grove and shrine from Knossos (north end of central court) - Heraklion AM - 01
knossos-wall-painting-of-grandstand-or-sacred-grove-and-shrine-from-knossos-north-end-of-central-court-heraklion-am-02,Wall painting of grandstand or sacred grove and shrine from Knossos (north end of central court) - Heraklion AM - 02,Minoan,Animal,Middle Bronze Age,,,Knossos,Crete,Heraklion Archaeological Museum,35.29867,25.16443,approximate,https://commons.wikimedia.org/wiki/Special:FilePath/Wall_painting_of_grandstand_or_sacred_grove_and_shrine_from_Knossos_%28north_end_of_central_court%29_-_Heraklion_AM_-_02.jpg?width=400,ArchaiOptix,CC BY-SA 4.0,https://creativecommons.org/licenses/by-sa/4.0,https://commons.wikimedia.org/wiki/File:Wall_painting_of_grandstand_or_sacred_grove_and_shrine_from_Knossos_%28north_end_of_central_court%29_-_Heraklion_AM_-_02.jpg,,Wall painting of grandstand or sacred grove and shrine from Knossos (north end of central court) - Heraklion AM - 02
knossos-wall-painting-of-grandstand-or-sacred-grove-and-shrine-from-knossos-north-end-of-central-court-heraklion-am-03,Wall painting of grandstand or sacred grove and shrine from Knossos (north end of central court) - Heraklion AM - 03,Minoan,Animal,Middle Bronze Age,,,Knossos,Crete,Heraklion Archaeological Museum,35.29841,25.16414,approximate,https://commons.wikimedia.org/wiki/Special:FilePath/Wall_painting_of_grandstand_or_sacred_grove_and_shrine_from_Knossos_%28north_end_of_central_court%29_-_Heraklion_AM_-_03.jpg?width=400,ArchaiOptix,CC BY-SA 4.0,https://creativecommons.org/licenses/by-sa/4.0,https://commons.wikimedia.org/wiki/File:Wall_painting_of_grandstand_or_sacred_grove_and_shrine_from_Knossos_%28north_end_of_central_court%29_-_Heraklion_AM_-_03.jpg,,Wall painting of grandstand or sacred grove and shrine from Knossos (north end of central court) - Heraklion AM - 03
knossos-wall-painting-of-grandstand-or-sacred-grove-and-shrine-from-knossos-north-end-of-central-court-heraklion-am-04,Wall painting of grandstand or sacred grove and shrine from Knossos (north end of central court) - Heraklion AM - 04,Minoan,Animal,Middle Bronze Age,,,Knossos,Crete,Heraklion Archaeological Museum,35.29836,25.16393,approximate,https://commons.wikimedia.org/wiki/Special:FilePath/Wall_painting_of_grandstand_or_sacred_grove_and_shrine_from_Knossos_%28north_end_of_central_court%29_-_Heraklion_AM_-_04.jpg?width=400,ArchaiOptix,CC BY-SA 4.0,https://creativecommons.org/licenses/by-sa/4.0,https://commons.wikimedia.org/wiki/File:Wall_painting_of_grandstand_or_sacred_grove_and_shrine_from_Knossos_%28north_end_of_central_court%29_-_Heraklion_AM_-_04.jpg,,Wall painting of grandstand or sacred grove and shrine from Knossos (north end of central court) - Heraklion AM - 04
knossos-wall-painting-of-grandstand-or-sacred-grove-and-shrine-from-knossos-north-end-of-central-court-heraklion-am-05,Wall painting of grandstand or sacred grove and shrine from Knossos (north end of central court) - Heraklion AM - 05,Minoan,Animal,Middle Bronze Age,,,Knossos,Crete,Heraklion Archaeological Museum,35.29888,25.16453,approximate,https://commons.wikimedia.org/wiki/Special:FilePath/Wall_painting_of_grandstand_or_sacred_grove_and_shrine_from_Knossos_%28north_end_of_central_court%29_-_Heraklion_AM_-_05.jpg?width=400,ArchaiOptix,CC BY-SA 4.0,https://creativecommons.org/licenses/by-sa/4.0,https://commons.wikimedia.org/wiki/File:Wall_painting_of_grandstand_or_sacred_grove_and_shrine_from_Knossos_%28north_end_of_central_court%29_-_Heraklion_AM_-_05.jpg,,Wall painting of grandstand or sacred grove and shrine from Knossos (north end of central court) - Heraklion AM - 05
knossos-wall-painting-of-grandstand-or-sacred-grove-and-shrine-from-knossos-north-end-of-central-court-heraklion-am-06,Wall painting of grandstand or sacred grove and shrine from Knossos (north end of central court) - Heraklion AM - 06,Minoan,Animal,Middle Bronze Age,,,Knossos,Crete,Heraklion Archaeological Museum,35.29895,25.16185,approximate,https://commons.wikimedia.org/wiki/Special:FilePath/Wall_painting_of_grandstand_or_sacred_grove_and_shrine_from_Knossos_%28north_end_of_central_court%29_-_Heraklion_AM_-_06.jpg?width=400,ArchaiOptix,CC BY-SA 4.0,https://creativecommons.org/licenses/by-sa/4.0,https://commons.wikimedia.org/wiki/File:Wall_painting_of_grandstand_or_sacred_grove_and_shrine_from_Knossos_%28north_end_of_central_court%29_-_Heraklion_AM_-_06.jpg,,Wall painting of grandstand or sacred grove and shrine from Knossos (north end of central court) - Heraklion AM - 06
knossos-wall-painting-of-grandstand-or-sacred-grove-and-shrine-from-knossos-north-end-of-central-court-london-bm-01,Wall painting of grandstand or sacred grove and shrine from Knossos (north end of central court) - London BM - 01,Minoan,Ritual & Religion,Middle Bronze Age,,,Knossos,Crete,Heraklion Archaeological Museum,35.2988,25.16282,approximate,https://commons.wikimedia.org/wiki/Special:FilePath/Wall_painting_of_grandstand_or_sacred_grove_and_shrine_from_Knossos_%28north_end_of_central_court%29_-_London_BM_-_01.jpg?width=400,ArchaiOptix,CC BY-SA 4.0,https://creativecommons.org/licenses/by-sa/4.0,https://commons.wikimedia.org/wiki/File:Wall_painting_of_grandstand_or_sacred_grove_and_shrine_from_Knossos_%28north_end_of_central_court%29_-_London_BM_-_01.jpg,,Wall painting of grandstand or sacred grove and shrine from Knossos (north end of central court) - London BM - 01
knossos-wall-painting-of-grandstand-or-sacred-grove-and-shrine-from-knossos-north-end-of-central-court-london-bm-02,Wall painting of grandstand or sacred grove and shrine from Knossos (north end of central court) - London BM - 02,Minoan,Ritual & Religion,Middle Bronze Age,,,Knossos,Crete,Heraklion Archaeological Museum,35.29876,25.16339,approximate,https://commons.wikimedia.org/wiki/Special:FilePath/Wall_painting_of_grandstand_or_sacred_grove_and_shrine_from_Knossos_%28north_end_of_central_court%29_-_London_BM_-_02.jpg?width=400,ArchaiOptix,CC BY-SA 4.0,https://creativecommons.org/licenses/by-sa/4.0,https://commons.wikimedia.org/wiki/File:Wall_painting_of_grandstand_or_sacred_grove_and_shrine_from_Knossos_%28north_end_of_central_court%29_-_London_BM_-_02.jpg,,Wall painting of grandstand or sacred grove and shrine from Knossos (north end of central court) - London BM - 02
knossos-wall-painting-of-tricolumnar-shrine-from-knossos-heraklion-am,Wall painting of tricolumnar shrine from Knossos - Heraklion AM,Minoan,Animal,Middle Bronze Age,,,Knossos,Crete,Heraklion Archaeological Museum,35.29714,25.16407,approximate,https://commons.wikimedia.org/wiki/Special:FilePath/Wall_painting_of_tricolumnar_shrine_from_Knossos_-_Heraklion_AM.jpg?width=400,ArchaiOptix,CC BY-SA 4.0,https://creativecommons.org/licenses/by-sa/4.0,https://commons.wikimedia.org/wiki/File:Wall_painting_of_tricolumnar_shrine_from_Knossos_-_Heraklion_AM.jpg,,Wall painting of tricolumnar shrine from Knossos - Heraklion AM
knossos-wall-painting-of-labyrinth-and-other-fragments-from-knossos-east-west-corridor-heraklion-am,Wall painting of labyrinth and other fragments from Knossos (East-West Corridor) - Heraklion AM,Minoan,Animal,,,,Knossos,Crete,Heraklion Archaeological Museum,35.2968,25.16315,approximate,https://commons.wikimedia.org/wiki/Special:FilePath/Wall_painting_of_labyrinth_and_other_fragments_from_Knossos_%28East-West_Corridor%29_-_Heraklion_AM.jpg?width=400,ArchaiOptix,CC BY-SA 4.0,https://creativecommons.org/licenses/by-sa/4.0,https://commons.wikimedia.org/wiki/File:Wall_painting_of_labyrinth_and_other_fragments_from_Knossos_%28East-West_Corridor%29_-_Heraklion_AM.jpg,,Wall painting of labyrinth and other fragments from Knossos (East-West Corridor) - Heraklion AM
knossos-wall-painting-of-bull-from-knossos-thirteenth-magazine-heraklion-am,Wall painting of bull from Knossos (thirteenth magazine) - Heraklion AM,Minoan,Animal,Middle Bronze Age,,,Knossos,Crete,Heraklion Archaeological Museum,35.29671,25.16372,approximate,https://commons.wikimedia.org/wiki/Special:FilePath/Wall_painting_of_bull_from_Knossos_%28thirteenth_magazine%29_-_Heraklion_AM.jpg?width=400,ArchaiOptix,CC BY-SA 4.0,https://creativecommons.org/licenses/by-sa/4.0,https://commons.wikimedia.org/wiki/File:Wall_painting_of_bull_from_Knossos_%28thirteenth_magazine%29_-_Heraklion_AM.jpg,,Wall painting of bull from Knossos (thirteenth magazine) - Heraklion AM
knossos-wall-painting-of-athletes-from-knossos-heraklion-am,Wall painting of athletes from Knossos - Heraklion AM,Minoan,Animal,Middle Bronze Age,,,Knossos,Crete,Heraklion Archaeological Museum,35.29896,25.16404,approximate,https://commons.wikimedia.org/wiki/Special:FilePath/Wall_painting_of_athletes_from_Knossos_-_Heraklion_AM.jpg?width=400,ArchaiOptix,CC BY-SA 4.0,https://creativecommons.org/licenses/by-sa/4.0,https://commons.wikimedia.org/wiki/File:Wall_painting_of_athletes_from_Knossos_-_Heraklion_AM.jpg,,Wall painting of athletes from Knossos - Heraklion AM
amnisos-wall-painting-of-lilies-from-amnisos-room-7-heraklion-am,Wall painting of lilies from Amnisos (room 7) - Heraklion AM,Minoan,Animal,Middle Bronze Age,,,Amnisos,Crete,Heraklion Archaeological Museum,35.32993,25.20467,approximate,https://commons.wikimedia.org/wiki/Special:FilePath/Wall_painting_of_lilies_from_Amnisos_%28room_7%29_-_Heraklion_AM.jpg?width=400,ArchaiOptix,CC BY-SA 4.0,https://creativecommons.org/licenses/by-sa/4.0,https://commons.wikimedia.org/wiki/File:Wall_painting_of_lilies_from_Amnisos_%28room_7%29_-_Heraklion_AM.jpg,,Wall painting of lilies from Amnisos (room 7) - Heraklion AM
amnisos-wall-painting-of-mint-and-iris-from-amnisos-room-7-heraklion-am,Wall painting of mint and iris from Amnisos (room 7) - Heraklion AM,Minoan,Animal,Middle Bronze Age,,,Amnisos,Crete,Heraklion Archaeological Museum,35.33022,25.20604,approximate,https://commons.wikimedia.org/wiki/Special:FilePath/Wall_painting_of_mint_and_iris_from_Amnisos_%28room_7%29_-_Heraklion_AM.jpg?width=400,ArchaiOptix,CC BY-SA 4.0,https://creativecommons.org/licenses/by-sa/4.0,https://commons.wikimedia.org/wiki/File:Wall_painting_of_mint_and_iris_from_Amnisos_%28room_7%29_-_Heraklion_AM.jpg,,Wall painting of mint and iris from Amnisos (room 7) - Heraklion AM
aegean-prehistoric-painting-on-plaster-tripod-offering-table-from-palaikastro-siteia-am,Painting on plaster tripod offering table from Palaikastro - Siteia AM,Minoan,Ritual & Religion,Middle Bronze Age,,,Aegean Prehistoric,Crete,Heraklion Archaeological Museum,35.29799,25.16226,approximate,https://commons.wikimedia.org/wiki/Special:FilePath/Painting_on_plaster_tripod_offering_table_from_Palaikastro_-_Siteia_AM.jpg?width=400,ArchaiOptix,CC BY-SA 4.0,https://creativecommons.org/licenses/by-sa/4.0,https://commons.wikimedia.org/wiki/File:Painting_on_plaster_tripod_offering_table_from_Palaikastro_-_Siteia_AM.jpg,,Painting on plaster tripod offering table from Palaikastro - Siteia AM
Hagia-triada-painting-on-limestone-sarcophagus-of-religious-rituals-from-hagia-triada-heraklion-am-01,Painting on limestone sarcophagus of religious rituals from Hagia Triada - Heraklion AM - 01,Minoan,Animal,Late Bronze Age,,,Hagia Triada,Crete,Heraklion Archaeological Museum,35.06075,24.79257,approximate,https://commons.wikimedia.org/wiki/Special:FilePath/Painting_on_limestone_sarcophagus_of_religious_rituals_from_Hagia_Triada_-_Heraklion_AM_-_01.jpg?width=400,ArchaiOptix,CC BY-SA 4.0,https://creativecommons.org/licenses/by-sa/4.0,https://commons.wikimedia.org/wiki/File:Painting_on_limestone_sarcophagus_of_religious_rituals_from_Hagia_Triada_-_Heraklion_AM_-_01.jpg,,Painting on limestone sarcophagus of religious rituals from Hagia Triada - Heraklion AM - 01
Hagia-triada-painting-on-limestone-sarcophagus-of-religious-rituals-from-hagia-triada-heraklion-am-02,Painting on limestone sarcophagus of religious rituals from Hagia Triada - Heraklion AM - 02,Minoan,Animal,Late Bronze Age,,,Hagia Triada,Crete,Heraklion Archaeological Museum,35.05961,24.79303,approximate,https://commons.wikimedia.org/wiki/Special:FilePath/Painting_on_limestone_sarcophagus_of_religious_rituals_from_Hagia_Triada_-_Heraklion_AM_-_02.jpg?width=400,ArchaiOptix,CC BY-SA 4.0,https://creativecommons.org/licenses/by-sa/4.0,https://commons.wikimedia.org/wiki/File:Painting_on_limestone_sarcophagus_of_religious_rituals_from_Hagia_Triada_-_Heraklion_AM_-_02.jpg,,Painting on limestone sarcophagus of religious rituals from Hagia Triada - Heraklion AM - 02
Hagia-triada-painting-on-limestone-sarcophagus-of-religious-rituals-from-hagia-triada-heraklion-am-03,Painting on limestone sarcophagus of religious rituals from Hagia Triada - Heraklion AM - 03,Minoan,Animal,Late Bronze Age,,,Hagia Triada,Crete,Heraklion Archaeological Museum,35.06008,24.79421,approximate,https://commons.wikimedia.org/wiki/Special:FilePath/Painting_on_limestone_sarcophagus_of_religious_rituals_from_Hagia_Triada_-_Heraklion_AM_-_03.jpg?width=400,ArchaiOptix,CC BY-SA 4.0,https://creativecommons.org/licenses/by-sa/4.0,https://commons.wikimedia.org/wiki/File:Painting_on_limestone_sarcophagus_of_religious_rituals_from_Hagia_Triada_-_Heraklion_AM_-_03.jpg,,Painting on limestone sarcophagus of religious rituals from Hagia Triada - Heraklion AM - 03
Hagia-triada-painting-on-limestone-sarcophagus-of-religious-rituals-from-hagia-triada-heraklion-am-04,Painting on limestone sarcophagus of religious rituals from Hagia Triada - Heraklion AM - 04,Minoan,Animal,Late Bronze Age,,,Hagia Triada,Crete,Heraklion Archaeological Museum,35.06032,24.79255,approximate,https://commons.wikimedia.org/wiki/Special:FilePath/Painting_on_limestone_sarcophagus_of_religious_rituals_from_Hagia_Triada_-_Heraklion_AM_-_04.jpg?width=400,ArchaiOptix,CC BY-SA 4.0,https://creativecommons.org/licenses/by-sa/4.0,https://commons.wikimedia.org/wiki/File:Painting_on_limestone_sarcophagus_of_religious_rituals_from_Hagia_Triada_-_Heraklion_AM_-_04.jpg,,Painting on limestone sarcophagus of religious rituals from Hagia Triada - Heraklion AM - 04
Hagia-triada-painting-on-limestone-sarcophagus-of-religious-rituals-from-hagia-triada-heraklion-am-05,Painting on limestone sarcophagus of religious rituals from Hagia Triada - Heraklion AM - 05,Minoan,Animal,Late Bronze Age,,,Hagia Triada,Crete,Heraklion Archaeological Museum,35.05951,24.79338,approximate,https://commons.wikimedia.org/wiki/Special:FilePath/Painting_on_limestone_sarcophagus_of_religious_rituals_from_Hagia_Triada_-_Heraklion_AM_-_05.jpg?width=400,ArchaiOptix,CC BY-SA 4.0,https://creativecommons.org/licenses/by-sa/4.0,https://commons.wikimedia.org/wiki/File:Painting_on_limestone_sarcophagus_of_religious_rituals_from_Hagia_Triada_-_Heraklion_AM_-_05.jpg,,Painting on limestone sarcophagus of religious rituals from Hagia Triada - Heraklion AM - 05
Hagia-triada-painting-on-limestone-sarcophagus-of-religious-rituals-from-hagia-triada-heraklion-am-06,Painting on limestone sarcophagus of religious rituals from Hagia Triada - Heraklion AM - 06,Minoan,Animal,Late Bronze Age,,,Hagia Triada,Crete,Heraklion Archaeological Museum,35.05955,24.79308,approximate,https://commons.wikimedia.org/wiki/Special:FilePath/Painting_on_limestone_sarcophagus_of_religious_rituals_from_Hagia_Triada_-_Heraklion_AM_-_06.jpg?width=400,ArchaiOptix,CC BY-SA 4.0,https://creativecommons.org/licenses/by-sa/4.0,https://commons.wikimedia.org/wiki/File:Painting_on_limestone_sarcophagus_of_religious_rituals_from_Hagia_Triada_-_Heraklion_AM_-_06.jpg,,Painting on limestone sarcophagus of religious rituals from Hagia Triada - Heraklion AM - 06
Hagia-triada-painting-on-limestone-sarcophagus-of-religious-rituals-from-hagia-triada-heraklion-am-07,Painting on limestone sarcophagus of religious rituals from Hagia Triada - Heraklion AM - 07,Minoan,Animal,Late Bronze Age,,,Hagia Triada,Crete,Heraklion Archaeological Museum,35.05968,24.79212,approximate,https://commons.wikimedia.org/wiki/Special:FilePath/Painting_on_limestone_sarcophagus_of_religious_rituals_from_Hagia_Triada_-_Heraklion_AM_-_07.jpg?width=400,ArchaiOptix,CC BY-SA 4.0,https://creativecommons.org/licenses/by-sa/4.0,https://commons.wikimedia.org/wiki/File:Painting_on_limestone_sarcophagus_of_religious_rituals_from_Hagia_Triada_-_Heraklion_AM_-_07.jpg,,Painting on limestone sarcophagus of religious rituals from Hagia Triada - Heraklion AM - 07
Hagia-triada-painting-on-limestone-sarcophagus-of-religious-rituals-from-hagia-triada-heraklion-am-08,Painting on limestone sarcophagus of religious rituals from Hagia Triada - Heraklion AM - 08,Minoan,Animal,Late Bronze Age,,,Hagia Triada,Crete,Heraklion Archaeological Museum,35.05812,24.79353,approximate,https://commons.wikimedia.org/wiki/Special:FilePath/Painting_on_limestone_sarcophagus_of_religious_rituals_from_Hagia_Triada_-_Heraklion_AM_-_08.jpg?width=400,ArchaiOptix,CC BY-SA 4.0,https://creativecommons.org/licenses/by-sa/4.0,https://commons.wikimedia.org/wiki/File:Painting_on_limestone_sarcophagus_of_religious_rituals_from_Hagia_Triada_-_Heraklion_AM_-_08.jpg,,Painting on limestone sarcophagus of religious rituals from Hagia Triada - Heraklion AM - 08
Hagia-triada-painting-on-limestone-sarcophagus-of-religious-rituals-from-hagia-triada-heraklion-am-09,Painting on limestone sarcophagus of religious rituals from Hagia Triada - Heraklion AM - 09,Minoan,Animal,Late Bronze Age,,,Hagia Triada,Crete,Heraklion Archaeological Museum,35.06008,24.79244,approximate,https://commons.wikimedia.org/wiki/Special:FilePath/Painting_on_limestone_sarcophagus_of_religious_rituals_from_Hagia_Triada_-_Heraklion_AM_-_09.jpg?width=400,ArchaiOptix,CC BY-SA 4.0,https://creativecommons.org/licenses/by-sa/4.0,https://commons.wikimedia.org/wiki/File:Painting_on_limestone_sarcophagus_of_religious_rituals_from_Hagia_Triada_-_Heraklion_AM_-_09.jpg,,Painting on limestone sarcophagus of religious rituals from Hagia Triada - Heraklion AM - 09
Hagia-triada-painting-on-limestone-sarcophagus-of-religious-rituals-from-hagia-triada-heraklion-am-10,Painting on limestone sarcophagus of religious rituals from Hagia Triada - Heraklion AM - 10,Minoan,Animal,Late Bronze Age,,,Hagia Triada,Crete,Heraklion Archaeological Museum,35.05926,24.79261,approximate,https://commons.wikimedia.org/wiki/Special:FilePath/Painting_on_limestone_sarcophagus_of_religious_rituals_from_Hagia_Triada_-_Heraklion_AM_-_10.jpg?width=400,ArchaiOptix,CC BY-SA 4.0,https://creativecommons.org/licenses/by-sa/4.0,https://commons.wikimedia.org/wiki/File:Painting_on_limestone_sarcophagus_of_religious_rituals_from_Hagia_Triada_-_Heraklion_AM_-_10.jpg,,Painting on limestone sarcophagus of religious rituals from Hagia Triada - Heraklion AM - 10
Hagia-triada-painting-on-limestone-sarcophagus-of-religious-rituals-from-hagia-triada-heraklion-am-11,Painting on limestone sarcophagus of religious rituals from Hagia Triada - Heraklion AM - 11,Minoan,Animal,Late Bronze Age,,,Hagia Triada,Crete,Heraklion Archaeological Museum,35.06014,24.792,approximate,https://commons.wikimedia.org/wiki/Special:FilePath/Painting_on_limestone_sarcophagus_of_religious_rituals_from_Hagia_Triada_-_Heraklion_AM_-_11.jpg?width=400,ArchaiOptix,CC BY-SA 4.0,https://creativecommons.org/licenses/by-sa/4.0,https://commons.wikimedia.org/wiki/File:Painting_on_limestone_sarcophagus_of_religious_rituals_from_Hagia_Triada_-_Heraklion_AM_-_11.jpg,,Painting on limestone sarcophagus of religious rituals from Hagia Triada - Heraklion AM - 11
Hagia-triada-wall-painting-of-goats-being-led-to-an-altar-from-hagia-triada-heraklion-am,Wall painting of goats being led to an altar from Hagia Triada - Heraklion AM,Minoan,Animal,Late Bronze Age,,,Hagia Triada,Crete,Heraklion Archaeological Museum,35.05998,24.79343,approximate,https://commons.wikimedia.org/wiki/Special:FilePath/Wall_painting_of_goats_being_led_to_an_altar_from_Hagia_Triada_-_Heraklion_AM.jpg?width=400,ArchaiOptix,CC BY-SA 4.0,https://creativecommons.org/licenses/by-sa/4.0,https://commons.wikimedia.org/wiki/File:Wall_painting_of_goats_being_led_to_an_altar_from_Hagia_Triada_-_Heraklion_AM.jpg,,Wall painting of goats being led to an altar from Hagia Triada - Heraklion AM
Hagia-triada-wall-painting-of-cult-procession-to-a-sanctuary-from-hagia-triada-heraklion-am,Wall painting of cult procession to a sanctuary from Hagia Triada - Heraklion AM,Minoan,Animal,Late Bronze Age,,,Hagia Triada,Crete,Heraklion Archaeological Museum,35.06069,24.79259,approximate,https://commons.wikimedia.org/wiki/Special:FilePath/Wall_painting_of_cult_procession_to_a_sanctuary_from_Hagia_Triada_-_Heraklion_AM.jpg?width=400,ArchaiOptix,CC BY-SA 4.0,https://creativecommons.org/licenses/by-sa/4.0,https://commons.wikimedia.org/wiki/File:Wall_painting_of_cult_procession_to_a_sanctuary_from_Hagia_Triada_-_Heraklion_AM.jpg,,Wall painting of cult procession to a sanctuary from Hagia Triada - Heraklion AM
Hagia-triada-wall-painting-of-a-procession-of-women-from-hagia-triada-heraklion-am,Wall painting of a procession of women from Hagia Triada - Heraklion AM,Minoan,Animal,Late Bronze Age,,,Hagia Triada,Crete,Heraklion Archaeological Museum,35.05983,24.79344,approximate,https://commons.wikimedia.org/wiki/Special:FilePath/Wall_painting_of_a_procession_of_women_from_Hagia_Triada_-_Heraklion_AM.jpg?width=400,ArchaiOptix,CC BY-SA 4.0,https://creativecommons.org/licenses/by-sa/4.0,https://commons.wikimedia.org/wiki/File:Wall_painting_of_a_procession_of_women_from_Hagia_Triada_-_Heraklion_AM.jpg,,Wall painting of a procession of women from Hagia Triada - Heraklion AM
knossos-wall-painting-of-dolphins-from-knossos-queen-s-megaron-heraklion-am,Wall painting of dolphins from Knossos (Queen´s Megaron) - Heraklion AM,Minoan,Animal,Late Bronze Age,,,Knossos,Crete,Heraklion Archaeological Museum,35.29754,25.16289,approximate,https://commons.wikimedia.org/wiki/Special:FilePath/Wall_painting_of_dolphins_from_Knossos_%28Queen%C2%B4s_Megaron%29_-_Heraklion_AM.jpg?width=400,ArchaiOptix,CC BY-SA 4.0,https://creativecommons.org/licenses/by-sa/4.0,https://commons.wikimedia.org/wiki/File:Wall_painting_of_dolphins_from_Knossos_%28Queen%C2%B4s_Megaron%29_-_Heraklion_AM.jpg,,Wall painting of dolphins from Knossos (Queen´s Megaron) - Heraklion AM
knossos-wall-painting-of-the-priest-king-from-knossos-north-south-corridor-heraklion-am,Wall painting of the Priest-King from Knossos (North-South Corridor) - Heraklion AM,Minoan,Animal,Late Bronze Age,,,Knossos,Crete,Heraklion Archaeological Museum,35.29695,25.16189,approximate,https://commons.wikimedia.org/wiki/Special:FilePath/Wall_painting_of_the_Priest-King_from_Knossos_%28North-South_Corridor%29_-_Heraklion_AM.jpg?width=400,ArchaiOptix,CC BY-SA 4.0,https://creativecommons.org/licenses/by-sa/4.0,https://commons.wikimedia.org/wiki/File:Wall_painting_of_the_Priest-King_from_Knossos_%28North-South_Corridor%29_-_Heraklion_AM.jpg,,Wall painting of the Priest-King from Knossos (North-South Corridor) - Heraklion AM
knossos-wall-painting-of-partridges-and-hoopoes-in-a-landscape-from-knossos-caravanserai-heraklion-am,Wall painting of partridges and hoopoes in a landscape from Knossos (Caravanserai) - Heraklion AM,Minoan,Animal,Late Bronze Age,,,Knossos,Crete,Heraklion Archaeological Museum,35.29904,25.16378,approximate,https://commons.wikimedia.org/wiki/Special:FilePath/Wall_painting_of_partridges_and_hoopoes_in_a_landscape_from_Knossos_%28Caravanserai%29_-_Heraklion_AM.jpg?width=400,ArchaiOptix,CC BY-SA 4.0,https://creativecommons.org/licenses/by-sa/4.0,https://commons.wikimedia.org/wiki/File:Wall_painting_of_partridges_and_hoopoes_in_a_landscape_from_Knossos_%28Caravanserai%29_-_Heraklion_AM.jpg,,Wall painting of partridges and hoopoes in a landscape from Knossos (Caravanserai) - Heraklion AM
knossos-wall-painting-of-bulls-in-a-landscape-with-olive-trees-from-knossos-west-loggia-of-north-entrance-heraklion-am-01,Wall painting of bulls in a landscape with olive trees from Knossos (West Loggia of North Entrance) - Heraklion AM - 01,Minoan,Animal,Late Bronze Age,,,Knossos,Crete,Heraklion Archaeological Museum,35.29794,25.16429,approximate,https://commons.wikimedia.org/wiki/Special:FilePath/Wall_painting_of_bulls_in_a_landscape_with_olive_trees_from_Knossos_%28West_Loggia_of_North_Entrance%29_-_Heraklion_AM_-_01.jpg?width=400,ArchaiOptix,CC BY-SA 4.0,https://creativecommons.org/licenses/by-sa/4.0,https://commons.wikimedia.org/wiki/File:Wall_painting_of_bulls_in_a_landscape_with_olive_trees_from_Knossos_%28West_Loggia_of_North_Entrance%29_-_Heraklion_AM_-_01.jpg,,Wall painting of bulls in a landscape with olive trees from Knossos (West Loggia of North Entrance) - Heraklion AM - 01
knossos-wall-painting-of-bulls-in-a-landscape-with-olive-trees-from-knossos-west-loggia-of-north-entrance-heraklion-am-02,Wall painting of bulls in a landscape with olive trees from Knossos (West Loggia of North Entrance) - Heraklion AM - 02,Minoan,Animal,Late Bronze Age,,,Knossos,Crete,Heraklion Archaeological Museum,35.29857,25.16443,approximate,https://commons.wikimedia.org/wiki/Special:FilePath/Wall_painting_of_bulls_in_a_landscape_with_olive_trees_from_Knossos_%28West_Loggia_of_North_Entrance%29_-_Heraklion_AM_-_02.jpg?width=400,ArchaiOptix,CC BY-SA 4.0,https://creativecommons.org/licenses/by-sa/4.0,https://commons.wikimedia.org/wiki/File:Wall_painting_of_bulls_in_a_landscape_with_olive_trees_from_Knossos_%28West_Loggia_of_North_Entrance%29_-_Heraklion_AM_-_02.jpg,,Wall painting of bulls in a landscape with olive trees from Knossos (West Loggia of North Entrance) - Heraklion AM - 02
knossos-wall-painting-of-bulls-in-a-landscape-with-olive-trees-from-knossos-west-loggia-of-north-entrance-heraklion-am-03,Wall painting of bulls in a landscape with olive trees from Knossos (West Loggia of North Entrance) - Heraklion AM - 03,Minoan,Animal,Late Bronze Age,,,Knossos,Crete,Heraklion Archaeological Museum,35.29692,25.16292,approximate,https://commons.wikimedia.org/wiki/Special:FilePath/Wall_painting_of_bulls_in_a_landscape_with_olive_trees_from_Knossos_%28West_Loggia_of_North_Entrance%29_-_Heraklion_AM_-_03.jpg?width=400,ArchaiOptix,CC BY-SA 4.0,https://creativecommons.org/licenses/by-sa/4.0,https://commons.wikimedia.org/wiki/File:Wall_painting_of_bulls_in_a_landscape_with_olive_trees_from_Knossos_%28West_Loggia_of_North_Entrance%29_-_Heraklion_AM_-_03.jpg,,Wall painting of bulls in a landscape with olive trees from Knossos (West Loggia of North Entrance) - Heraklion AM - 03
knossos-wall-painting-of-cult-procession-from-knossos-corridor-of-procession-heraklion-am-01,Wall painting of cult procession from Knossos (Corridor of Procession) - Heraklion AM - 01,Minoan,Animal,Late Bronze Age,,,Knossos,Crete,Heraklion Archaeological Museum,35.2976,25.16222,approximate,https://commons.wikimedia.org/wiki/Special:FilePath/Wall_painting_of_cult_procession_from_Knossos_%28Corridor_of_Procession%29_-_Heraklion_AM_-_01.jpg?width=400,ArchaiOptix,CC BY-SA 4.0,https://creativecommons.org/licenses/by-sa/4.0,https://commons.wikimedia.org/wiki/File:Wall_painting_of_cult_procession_from_Knossos_%28Corridor_of_Procession%29_-_Heraklion_AM_-_01.jpg,,Wall painting of cult procession from Knossos (Corridor of Procession) - Heraklion AM - 01
knossos-wall-painting-of-cult-procession-from-knossos-corridor-of-procession-heraklion-am-02,Wall painting of cult procession from Knossos (Corridor of Procession) - Heraklion AM - 02,Minoan,Animal,Late Bronze Age,,,Knossos,Crete,Heraklion Archaeological Museum,35.29879,25.16313,approximate,https://commons.wikimedia.org/wiki/Special:FilePath/Wall_painting_of_cult_procession_from_Knossos_%28Corridor_of_Procession%29_-_Heraklion_AM_-_02.jpg?width=400,ArchaiOptix,CC BY-SA 4.0,https://creativecommons.org/licenses/by-sa/4.0,https://commons.wikimedia.org/wiki/File:Wall_painting_of_cult_procession_from_Knossos_%28Corridor_of_Procession%29_-_Heraklion_AM_-_02.jpg,,Wall painting of cult procession from Knossos (Corridor of Procession) - Heraklion AM - 02
knossos-wall-painting-of-cult-procession-from-knossos-corridor-of-procession-heraklion-am-03,Wall painting of cult procession from Knossos (Corridor of Procession) - Heraklion AM - 03,Minoan,Animal,Late Bronze Age,,,Knossos,Crete,Heraklion Archaeological Museum,35.29927,25.16259,approximate,https://commons.wikimedia.org/wiki/Special:FilePath/Wall_painting_of_cult_procession_from_Knossos_%28Corridor_of_Procession%29_-_Heraklion_AM_-_03.jpg?width=400,ArchaiOptix,CC BY-SA 4.0,https://creativecommons.org/licenses/by-sa/4.0,https://commons.wikimedia.org/wiki/File:Wall_painting_of_cult_procession_from_Knossos_%28Corridor_of_Procession%29_-_Heraklion_AM_-_03.jpg,,Wall painting of cult procession from Knossos (Corridor of Procession) - Heraklion AM - 03
knossos-wall-painting-of-cult-procession-from-knossos-corridor-of-procession-heraklion-am-04,Wall painting of cult procession from Knossos (Corridor of Procession) - Heraklion AM - 04,Minoan,Animal,Late Bronze Age,,,Knossos,Crete,Heraklion Archaeological Museum,35.29813,25.16393,approximate,https://commons.wikimedia.org/wiki/Special:FilePath/Wall_painting_of_cult_procession_from_Knossos_%28Corridor_of_Procession%29_-_Heraklion_AM_-_04.jpg?width=400,ArchaiOptix,CC BY-SA 4.0,https://creativecommons.org/licenses/by-sa/4.0,https://commons.wikimedia.org/wiki/File:Wall_painting_of_cult_procession_from_Knossos_%28Corridor_of_Procession%29_-_Heraklion_AM_-_04.jpg,,Wall painting of cult procession from Knossos (Corridor of Procession) - Heraklion AM - 04
knossos-wall-painting-of-cult-procession-from-knossos-corridor-of-procession-heraklion-am-05,Wall painting of cult procession from Knossos (Corridor of Procession) - Heraklion AM - 05,Minoan,Animal,Late Bronze Age,,,Knossos,Crete,Heraklion Archaeological Museum,35.29782,25.16289,approximate,https://commons.wikimedia.org/wiki/Special:FilePath/Wall_painting_of_cult_procession_from_Knossos_%28Corridor_of_Procession%29_-_Heraklion_AM_-_05.jpg?width=400,ArchaiOptix,CC BY-SA 4.0,https://creativecommons.org/licenses/by-sa/4.0,https://commons.wikimedia.org/wiki/File:Wall_painting_of_cult_procession_from_Knossos_%28Corridor_of_Procession%29_-_Heraklion_AM_-_05.jpg,,Wall painting of cult procession from Knossos (Corridor of Procession) - Heraklion AM - 05
knossos-wall-painting-of-cult-procession-from-knossos-corridor-of-procession-heraklion-am-06,Wall painting of cult procession from Knossos (Corridor of Procession) - Heraklion AM - 06,Minoan,Animal,Late Bronze Age,,,Knossos,Crete,Heraklion Archaeological Museum,35.2994,25.16189,approximate,https://commons.wikimedia.org/wiki/Special:FilePath/Wall_painting_of_cult_procession_from_Knossos_%28Corridor_of_Procession%29_-_Heraklion_AM_-_06.jpg?width=400,ArchaiOptix,CC BY-SA 4.0,https://creativecommons.org/licenses/by-sa/4.0,https://commons.wikimedia.org/wiki/File:Wall_painting_of_cult_procession_from_Knossos_%28Corridor_of_Procession%29_-_Heraklion_AM_-_06.jpg,,Wall painting of cult procession from Knossos (Corridor of Procession) - Heraklion AM - 06
knossos-wall-painting-of-male-and-female-taureadors-from-knossos-court-of-the-stone-spout-heraklion-am-01,Wall painting of male and female taureadors from Knossos (Court of the Stone Spout) - Heraklion AM - 01,Minoan,Animal,Late Bronze Age,,,Knossos,Crete,Heraklion Archaeological Museum,35.29887,25.16253,approximate,https://commons.wikimedia.org/wiki/Special:FilePath/Wall_painting_of_male_and_female_taureadors_from_Knossos_%28Court_of_the_Stone_Spout%29_-_Heraklion_AM_-_01.jpg?width=400,ArchaiOptix,CC BY-SA 4.0,https://creativecommons.org/licenses/by-sa/4.0,https://commons.wikimedia.org/wiki/File:Wall_painting_of_male_and_female_taureadors_from_Knossos_%28Court_of_the_Stone_Spout%29_-_Heraklion_AM_-_01.jpg,,Wall painting of male and female taureadors from Knossos (Court of the Stone Spout) - Heraklion AM - 01
knossos-wall-painting-of-male-and-female-taureadors-from-knossos-court-of-the-stone-spout-heraklion-am-02,Wall painting of male and female taureadors from Knossos (Court of the Stone Spout) - Heraklion AM - 02,Minoan,Animal,Late Bronze Age,,,Knossos,Crete,Heraklion Archaeological Museum,35.29853,25.16438,approximate,https://commons.wikimedia.org/wiki/Special:FilePath/Wall_painting_of_male_and_female_taureadors_from_Knossos_%28Court_of_the_Stone_Spout%29_-_Heraklion_AM_-_02.jpg?width=400,ArchaiOptix,CC BY-SA 4.0,https://creativecommons.org/licenses/by-sa/4.0,https://commons.wikimedia.org/wiki/File:Wall_painting_of_male_and_female_taureadors_from_Knossos_%28Court_of_the_Stone_Spout%29_-_Heraklion_AM_-_02.jpg,,Wall painting of male and female taureadors from Knossos (Court of the Stone Spout) - Heraklion AM - 02
knossos-wall-painting-of-male-and-female-taureadors-from-knossos-court-of-the-stone-spout-heraklion-am-03,Wall painting of male and female taureadors from Knossos (Court of the Stone Spout) - Heraklion AM - 03,Minoan,Animal,Late Bronze Age,,,Knossos,Crete,Heraklion Archaeological Museum,35.29835,25.16297,approximate,https://commons.wikimedia.org/wiki/Special:FilePath/Wall_painting_of_male_and_female_taureadors_from_Knossos_%28Court_of_the_Stone_Spout%29_-_Heraklion_AM_-_03.jpg?width=400,ArchaiOptix,CC BY-SA 4.0,https://creativecommons.org/licenses/by-sa/4.0,https://commons.wikimedia.org/wiki/File:Wall_painting_of_male_and_female_taureadors_from_Knossos_%28Court_of_the_Stone_Spout%29_-_Heraklion_AM_-_03.jpg,,Wall painting of male and female taureadors from Knossos (Court of the Stone Spout) - Heraklion AM - 03
knossos-wall-painting-of-male-and-female-taureadors-from-knossos-court-of-the-stone-spout-heraklion-am-04,Wall painting of male and female taureadors from Knossos (Court of the Stone Spout) - Heraklion AM - 04,Minoan,Animal,Late Bronze Age,,,Knossos,Crete,Heraklion Archaeological Museum,35.29684,25.16336,approximate,https://commons.wikimedia.org/wiki/Special:FilePath/Wall_painting_of_male_and_female_taureadors_from_Knossos_%28Court_of_the_Stone_Spout%29_-_Heraklion_AM_-_04.jpg?width=400,ArchaiOptix,CC BY-SA 4.0,https://creativecommons.org/licenses/by-sa/4.0,https://commons.wikimedia.org/wiki/File:Wall_painting_of_male_and_female_taureadors_from_Knossos_%28Court_of_the_Stone_Spout%29_-_Heraklion_AM_-_04.jpg,,Wall painting of male and female taureadors from Knossos (Court of the Stone Spout) - Heraklion AM - 04
knossos-wall-painting-of-male-and-female-taureadors-from-knossos-court-of-the-stone-spout-heraklion-am-05,Wall painting of male and female taureadors from Knossos (Court of the Stone Spout) - Heraklion AM - 05,Minoan,Animal,Late Bronze Age,,,Knossos,Crete,Heraklion Archaeological Museum,35.29828,25.16446,approximate,https://commons.wikimedia.org/wiki/Special:FilePath/Wall_painting_of_male_and_female_taureadors_from_Knossos_%28Court_of_the_Stone_Spout%29_-_Heraklion_AM_-_05.jpg?width=400,ArchaiOptix,CC BY-SA 4.0,https://creativecommons.org/licenses/by-sa/4.0,https://commons.wikimedia.org/wiki/File:Wall_painting_of_male_and_female_taureadors_from_Knossos_%28Court_of_the_Stone_Spout%29_-_Heraklion_AM_-_05.jpg,,Wall painting of male and female taureadors from Knossos (Court of the Stone Spout) - Heraklion AM - 05
knossos-wall-painting-of-male-and-female-taureadors-from-knossos-court-of-the-stone-spout-heraklion-am-06,Wall painting of male and female taureadors from Knossos (Court of the Stone Spout) - Heraklion AM - 06,Minoan,Animal,Late Bronze Age,,,Knossos,Crete,Heraklion Archaeological Museum,35.2988,25.16182,approximate,https://commons.wikimedia.org/wiki/Special:FilePath/Wall_painting_of_male_and_female_taureadors_from_Knossos_%28Court_of_the_Stone_Spout%29_-_Heraklion_AM_-_06.jpg?width=400,ArchaiOptix,CC BY-SA 4.0,https://creativecommons.org/licenses/by-sa/4.0,https://commons.wikimedia.org/wiki/File:Wall_painting_of_male_and_female_taureadors_from_Knossos_%28Court_of_the_Stone_Spout%29_-_Heraklion_AM_-_06.jpg,,Wall painting of male and female taureadors from Knossos (Court of the Stone Spout) - Heraklion AM - 06
knossos-wall-painting-of-male-and-female-taureadors-from-knossos-court-of-the-stone-spout-heraklion-am-07,Wall painting of male and female taureadors from Knossos (Court of the Stone Spout) - Heraklion AM - 07,Minoan,Animal,Late Bronze Age,,,Knossos,Crete,Heraklion Archaeological Museum,35.29854,25.16373,approximate,https://commons.wikimedia.org/wiki/Special:FilePath/Wall_painting_of_male_and_female_taureadors_from_Knossos_%28Court_of_the_Stone_Spout%29_-_Heraklion_AM_-_07.jpg?width=400,ArchaiOptix,CC BY-SA 4.0,https://creativecommons.org/licenses/by-sa/4.0,https://commons.wikimedia.org/wiki/File:Wall_painting_of_male_and_female_taureadors_from_Knossos_%28Court_of_the_Stone_Spout%29_-_Heraklion_AM_-_07.jpg,,Wall painting of male and female taureadors from Knossos (Court of the Stone Spout) - Heraklion AM - 07
knossos-wall-painting-of-the-dancing-lady-from-knossos-queen-s-megaron-heraklion-am,Wall painting of the dancing lady from Knossos (Queen´s Megaron) - Heraklion AM,Minoan,Animal,,,,Knossos,Crete,Heraklion Archaeological Museum,35.29848,25.16198,approximate,https://commons.wikimedia.org/wiki/Special:FilePath/Wall_painting_of_the_dancing_lady_from_Knossos_%28Queen%C2%B4s_Megaron%29_-_Heraklion_AM.jpg?width=400,ArchaiOptix,CC BY-SA 4.0,https://creativecommons.org/licenses/by-sa/4.0,https://commons.wikimedia.org/wiki/File:Wall_painting_of_the_dancing_lady_from_Knossos_%28Queen%C2%B4s_Megaron%29_-_Heraklion_AM.jpg,,Wall painting of the dancing lady from Knossos (Queen´s Megaron) - Heraklion AM
knossos-wall-painting-of-men-and-women-standing-and-sitting-on-camp-stools-from-knossos-outside-wall-of-the-palace-heraklion-am-01,Wall painting of men and women standing and sitting on camp stools from Knossos (outside wall of the palace) - Heraklion AM - 01,Minoan,Animal,Late Bronze Age,,,Knossos,Crete,Heraklion Archaeological Museum,35.29924,25.1624,approximate,https://commons.wikimedia.org/wiki/Special:FilePath/Wall_painting_of_men_and_women_standing_and_sitting_on_camp_stools_from_Knossos_%28outside_wall_of_the_palace%29_-_Heraklion_AM_-_01.jpg?width=400,ArchaiOptix,CC BY-SA 4.0,https://creativecommons.org/licenses/by-sa/4.0,https://commons.wikimedia.org/wiki/File:Wall_painting_of_men_and_women_standing_and_sitting_on_camp_stools_from_Knossos_%28outside_wall_of_the_palace%29_-_Heraklion_AM_-_01.jpg,,Wall painting of men and women standing and sitting on camp stools from Knossos (outside wall of the palace) - Heraklion AM - 01
knossos-wall-painting-of-men-and-women-standing-and-sitting-on-camp-stools-from-knossos-outside-wall-of-the-palace-heraklion-am-02,Wall painting of men and women standing and sitting on camp stools from Knossos (outside wall of the palace) - Heraklion AM - 02,Minoan,Animal,Late Bronze Age,,,Knossos,Crete,Heraklion Archaeological Museum,35.29838,25.16223,approximate,https://commons.wikimedia.org/wiki/Special:FilePath/Wall_painting_of_men_and_women_standing_and_sitting_on_camp_stools_from_Knossos_%28outside_wall_of_the_palace%29_-_Heraklion_AM_-_02.jpg?width=400,ArchaiOptix,CC BY-SA 4.0,https://creativecommons.org/licenses/by-sa/4.0,https://commons.wikimedia.org/wiki/File:Wall_painting_of_men_and_women_standing_and_sitting_on_camp_stools_from_Knossos_%28outside_wall_of_the_palace%29_-_Heraklion_AM_-_02.jpg,,Wall painting of men and women standing and sitting on camp stools from Knossos (outside wall of the palace) - Heraklion AM - 02
knossos-wall-painting-of-men-and-women-standing-and-sitting-on-camp-stools-from-knossos-outside-wall-of-the-palace-heraklion-am-03,Wall painting of men and women standing and sitting on camp stools from Knossos (outside wall of the palace) - Heraklion AM - 03,Minoan,Animal,Late Bronze Age,,,Knossos,Crete,Heraklion Archaeological Museum,35.29727,25.16411,approximate,https://commons.wikimedia.org/wiki/Special:FilePath/Wall_painting_of_men_and_women_standing_and_sitting_on_camp_stools_from_Knossos_%28outside_wall_of_the_palace%29_-_Heraklion_AM_-_03.jpg?width=400,ArchaiOptix,CC BY-SA 4.0,https://creativecommons.org/licenses/by-sa/4.0,https://commons.wikimedia.org/wiki/File:Wall_painting_of_men_and_women_standing_and_sitting_on_camp_stools_from_Knossos_%28outside_wall_of_the_palace%29_-_Heraklion_AM_-_03.jpg,,Wall painting of men and women standing and sitting on camp stools from Knossos (outside wall of the palace) - Heraklion AM - 03
knossos-wall-painting-of-men-and-women-standing-and-sitting-on-camp-stools-from-knossos-outside-wall-of-the-palace-heraklion-am-04,Wall painting of men and women standing and sitting on camp stools from Knossos (outside wall of the palace) - Heraklion AM - 04,Minoan,Animal,Late Bronze Age,,,Knossos,Crete,Heraklion Archaeological Museum,35.29754,25.16184,approximate,https://commons.wikimedia.org/wiki/Special:FilePath/Wall_painting_of_men_and_women_standing_and_sitting_on_camp_stools_from_Knossos_%28outside_wall_of_the_palace%29_-_Heraklion_AM_-_04.jpg?width=400,ArchaiOptix,CC BY-SA 4.0,https://creativecommons.org/licenses/by-sa/4.0,https://commons.wikimedia.org/wiki/File:Wall_painting_of_men_and_women_standing_and_sitting_on_camp_stools_from_Knossos_%28outside_wall_of_the_palace%29_-_Heraklion_AM_-_04.jpg,,Wall painting of men and women standing and sitting on camp stools from Knossos (outside wall of the palace) - Heraklion AM - 04
knossos-wall-painting-of-men-and-women-standing-and-sitting-on-camp-stools-from-knossos-outside-wall-of-the-palace-heraklion-am-05,Wall painting of men and women standing and sitting on camp stools from Knossos (outside wall of the palace) - Heraklion AM - 05,Minoan,Animal,Late Bronze Age,,,Knossos,Crete,Heraklion Archaeological Museum,35.29946,25.16405,approximate,https://commons.wikimedia.org/wiki/Special:FilePath/Wall_painting_of_men_and_women_standing_and_sitting_on_camp_stools_from_Knossos_%28outside_wall_of_the_palace%29_-_Heraklion_AM_-_05.jpg?width=400,ArchaiOptix,CC BY-SA 4.0,https://creativecommons.org/licenses/by-sa/4.0,https://commons.wikimedia.org/wiki/File:Wall_painting_of_men_and_women_standing_and_sitting_on_camp_stools_from_Knossos_%28outside_wall_of_the_palace%29_-_Heraklion_AM_-_05.jpg,,Wall painting of men and women standing and sitting on camp stools from Knossos (outside wall of the palace) - Heraklion AM - 05
knossos-wall-painting-of-men-and-women-standing-and-sitting-on-camp-stools-from-knossos-outside-wall-of-the-palace-heraklion-am-06,Wall painting of men and women standing and sitting on camp stools from Knossos (outside wall of the palace) - Heraklion AM - 06,Minoan,Animal,Late Bronze Age,,,Knossos,Crete,Heraklion Archaeological Museum,35.29673,25.16423,approximate,https://commons.wikimedia.org/wiki/Special:FilePath/Wall_painting_of_men_and_women_standing_and_sitting_on_camp_stools_from_Knossos_%28outside_wall_of_the_palace%29_-_Heraklion_AM_-_06.jpg?width=400,ArchaiOptix,CC BY-SA 4.0,https://creativecommons.org/licenses/by-sa/4.0,https://commons.wikimedia.org/wiki/File:Wall_painting_of_men_and_women_standing_and_sitting_on_camp_stools_from_Knossos_%28outside_wall_of_the_palace%29_-_Heraklion_AM_-_06.jpg,,Wall painting of men and women standing and sitting on camp stools from Knossos (outside wall of the palace) - Heraklion AM - 06
knossos-wall-painting-of-captain-of-the-blacks-from-knossos-heraklion-am,Wall painting of Captain of the blacks from Knossos - Heraklion AM,Minoan,Animal,Late Bronze Age,,,Knossos,Crete,Heraklion Archaeological Museum,35.2968,25.16452,approximate,https://commons.wikimedia.org/wiki/Special:FilePath/Wall_painting_of_Captain_of_the_blacks_from_Knossos_-_Heraklion_AM.jpg?width=400,ArchaiOptix,CC BY-SA 4.0,https://creativecommons.org/licenses/by-sa/4.0,https://commons.wikimedia.org/wiki/File:Wall_painting_of_Captain_of_the_blacks_from_Knossos_-_Heraklion_AM.jpg,,Wall painting of Captain of the blacks from Knossos - Heraklion AM
knossos-wall-painting-of-griffins-in-landscape-from-knossos-throne-room-heraklion-am-01,Wall painting of griffins in landscape from Knossos (Throne Room) - Heraklion AM - 01,Minoan,Animal,Late Bronze Age,,,Knossos,Crete,Heraklion Archaeological Museum,35.29847,25.16376,approximate,https://commons.wikimedia.org/wiki/Special:FilePath/Wall_painting_of_griffins_in_landscape_from_Knossos_%28Throne_Room%29_-_Heraklion_AM_-_01.jpg?width=400,ArchaiOptix,CC BY-SA 4.0,https://creativecommons.org/licenses/by-sa/4.0,https://commons.wikimedia.org/wiki/File:Wall_painting_of_griffins_in_landscape_from_Knossos_%28Throne_Room%29_-_Heraklion_AM_-_01.jpg,,Wall painting of griffins in landscape from Knossos (Throne Room) - Heraklion AM - 01
knossos-wall-painting-of-griffins-in-landscape-from-knossos-throne-room-heraklion-am-02,Wall painting of griffins in landscape from Knossos (Throne Room) - Heraklion AM - 02,Minoan,Animal,Late Bronze Age,,,Knossos,Crete,Heraklion Archaeological Museum,35.29751,25.1633,approximate,https://commons.wikimedia.org/wiki/Special:FilePath/Wall_painting_of_griffins_in_landscape_from_Knossos_%28Throne_Room%29_-_Heraklion_AM_-_02.jpg?width=400,ArchaiOptix,CC BY-SA 4.0,https://creativecommons.org/licenses/by-sa/4.0,https://commons.wikimedia.org/wiki/File:Wall_painting_of_griffins_in_landscape_from_Knossos_%28Throne_Room%29_-_Heraklion_AM_-_02.jpg,,Wall painting of griffins in landscape from Knossos (Throne Room) - Heraklion AM - 02
knossos-wall-painting-of-shields-from-knossos-area-of-the-room-of-the-demon-seals-heraklion-am,Wall painting of shields from Knossos (area of the Room of the Demon Seals) - Heraklion AM,Minoan,Animal,Late Bronze Age,,,Knossos,Crete,Heraklion Archaeological Museum,35.29717,25.16274,approximate,https://commons.wikimedia.org/wiki/Special:FilePath/Wall_painting_of_shields_from_Knossos_%28area_of_the_Room_of_the_Demon_Seals%29_-_Heraklion_AM.jpg?width=400,ArchaiOptix,CC BY-SA 4.0,https://creativecommons.org/licenses/by-sa/4.0,https://commons.wikimedia.org/wiki/File:Wall_painting_of_shields_from_Knossos_%28area_of_the_Room_of_the_Demon_Seals%29_-_Heraklion_AM.jpg,,Wall painting of shields from Knossos (area of the Room of the Demon Seals) - Heraklion AM
knossos-wall-painting-of-garland-with-wreaths-from-knossos-house-west-of-the-palace-heraklion-am,Wall painting of garland with wreaths from Knossos (house west of the palace) - Heraklion AM,Minoan,Animal,Late Bronze Age,,,Knossos,Crete,Heraklion Archaeological Museum,35.29813,25.1638,approximate,https://commons.wikimedia.org/wiki/Special:FilePath/Wall_painting_of_garland_with_wreaths_from_Knossos_%28house_west_of_the_palace%29_-_Heraklion_AM.jpg?width=400,ArchaiOptix,CC BY-SA 4.0,https://creativecommons.org/licenses/by-sa/4.0,https://commons.wikimedia.org/wiki/File:Wall_painting_of_garland_with_wreaths_from_Knossos_%28house_west_of_the_palace%29_-_Heraklion_AM.jpg,,Wall painting of garland with wreaths from Knossos (house west of the palace) - Heraklion AM
aegean-prehistoric-wall-painting-of-two-women-sitting-on-rocks-from-pseira-settlement-heraklion-am-01,Wall painting of two women sitting on rocks from Pseira(settlement) - Heraklion AM - 01,Minoan,Animal,Late Bronze Age,,,Aegean Prehistoric,Crete,Heraklion Archaeological Museum,35.29629,25.16388,approximate,https://commons.wikimedia.org/wiki/Special:FilePath/Wall_painting_of_two_women_sitting_on_rocks_from_Pseira%28settlement%29_-_Heraklion_AM_-_01.jpg?width=400,ArchaiOptix,CC BY-SA 4.0,https://creativecommons.org/licenses/by-sa/4.0,https://commons.wikimedia.org/wiki/File:Wall_painting_of_two_women_sitting_on_rocks_from_Pseira%28settlement%29_-_Heraklion_AM_-_01.jpg,,Wall painting of two women sitting on rocks from Pseira(settlement) - Heraklion AM - 01
aegean-prehistoric-wall-painting-of-two-women-sitting-on-rocks-from-pseira-settlement-heraklion-am-02,Wall painting of two women sitting on rocks from Pseira(settlement) - Heraklion AM - 02,Minoan,Animal,Late Bronze Age,,,Aegean Prehistoric,Crete,Heraklion Archaeological Museum,35.29783,25.1618,approximate,https://commons.wikimedia.org/wiki/Special:FilePath/Wall_painting_of_two_women_sitting_on_rocks_from_Pseira%28settlement%29_-_Heraklion_AM_-_02.jpg?width=400,ArchaiOptix,CC BY-SA 4.0,https://creativecommons.org/licenses/by-sa/4.0,https://commons.wikimedia.org/wiki/File:Wall_painting_of_two_women_sitting_on_rocks_from_Pseira%28settlement%29_-_Heraklion_AM_-_02.jpg,,Wall painting of two women sitting on rocks from Pseira(settlement) - Heraklion AM - 02
akrotiri-wall-painting-of-blue-monkeys-from-akrotiri-room-b-6-thera-mpt-01,Wall painting of blue monkeys from Akrotiri (room B 6) - Thera MPT - 01,Cycladic,Animal,Late Bronze Age,,,Akrotiri,Santorini (Thera),Museum of Prehistoric Thera,36.35225,25.40514,approximate,https://commons.wikimedia.org/wiki/Special:FilePath/Wall_painting_of_blue_monkeys_from_Akrotiri_%28room_B_6%29_-_Thera_MPT_-_01.jpg?width=400,ArchaiOptix,CC BY-SA 4.0,https://creativecommons.org/licenses/by-sa/4.0,https://commons.wikimedia.org/wiki/File:Wall_painting_of_blue_monkeys_from_Akrotiri_%28room_B_6%29_-_Thera_MPT_-_01.jpg,,Wall painting of blue monkeys from Akrotiri (room B 6) - Thera MPT - 01
akrotiri-wall-painting-of-blue-monkeys-from-akrotiri-room-b-6-thera-mpt-02,Wall painting of blue monkeys from Akrotiri (room B 6) - Thera MPT - 02,Cycladic,Animal,Late Bronze Age,,,Akrotiri,Santorini (Thera),Museum of Prehistoric Thera,36.35042,25.40447,approximate,https://commons.wikimedia.org/wiki/Special:FilePath/Wall_painting_of_blue_monkeys_from_Akrotiri_%28room_B_6%29_-_Thera_MPT_-_02.jpg?width=400,ArchaiOptix,CC BY-SA 4.0,https://creativecommons.org/licenses/by-sa/4.0,https://commons.wikimedia.org/wiki/File:Wall_painting_of_blue_monkeys_from_Akrotiri_%28room_B_6%29_-_Thera_MPT_-_02.jpg,,Wall painting of blue monkeys from Akrotiri (room B 6) - Thera MPT - 02
akrotiri-wall-painting-of-blue-monkeys-from-akrotiri-room-b-6-thera-mpt-03,Wall painting of blue monkeys from Akrotiri (room B 6) - Thera MPT - 03,Cycladic,Animal,Late Bronze Age,,,Akrotiri,Santorini (Thera),Museum of Prehistoric Thera,36.35065,25.40277,approximate,https://commons.wikimedia.org/wiki/Special:FilePath/Wall_painting_of_blue_monkeys_from_Akrotiri_%28room_B_6%29_-_Thera_MPT_-_03.jpg?width=400,ArchaiOptix,CC BY-SA 4.0,https://creativecommons.org/licenses/by-sa/4.0,https://commons.wikimedia.org/wiki/File:Wall_painting_of_blue_monkeys_from_Akrotiri_%28room_B_6%29_-_Thera_MPT_-_03.jpg,,Wall painting of blue monkeys from Akrotiri (room B 6) - Thera MPT - 03
akrotiri-wall-painting-of-spring-landscape-from-akrotiri-shrine-d-2-athen-nam-01,Wall painting of spring landscape from Akrotiri (shrine D 2) – Athen NAM - 01,Cycladic,Floral & Landscape,Late Bronze Age,,,Akrotiri,Santorini (Thera),Museum of Prehistoric Thera,36.35139,25.40426,approximate,https://commons.wikimedia.org/wiki/Special:FilePath/Wall_painting_of_spring_landscape_from_Akrotiri_%28shrine_D_2%29_%E2%80%93_Athen_NAM_-_01.jpg?width=400,ArchaiOptix,CC BY-SA 4.0,https://creativecommons.org/licenses/by-sa/4.0,https://commons.wikimedia.org/wiki/File:Wall_painting_of_spring_landscape_from_Akrotiri_%28shrine_D_2%29_%E2%80%93_Athen_NAM_-_01.jpg,,Wall painting of spring landscape from Akrotiri (shrine D 2) – Athen NAM - 01
akrotiri-wall-painting-of-spring-landscape-from-akrotiri-shrine-d-2-athen-nam-02,Wall painting of spring landscape from Akrotiri (shrine D 2) – Athen NAM - 02,Cycladic,Floral & Landscape,Late Bronze Age,,,Akrotiri,Santorini (Thera),Museum of Prehistoric Thera,36.35006,25.40251,approximate,https://commons.wikimedia.org/wiki/Special:FilePath/Wall_painting_of_spring_landscape_from_Akrotiri_%28shrine_D_2%29_%E2%80%93_Athen_NAM_-_02.jpg?width=400,ArchaiOptix,CC BY-SA 4.0,https://creativecommons.org/licenses/by-sa/4.0,https://commons.wikimedia.org/wiki/File:Wall_painting_of_spring_landscape_from_Akrotiri_%28shrine_D_2%29_%E2%80%93_Athen_NAM_-_02.jpg,,Wall painting of spring landscape from Akrotiri (shrine D 2) – Athen NAM - 02
akrotiri-wall-painting-of-spring-landscape-from-akrotiri-shrine-d-2-athen-nam-03,Wall painting of spring landscape from Akrotiri (shrine D 2) – Athen NAM - 03,Cycladic,Floral & Landscape,Late Bronze Age,,,Akrotiri,Santorini (Thera),Museum of Prehistoric Thera,36.35035,25.40439,approximate,https://commons.wikimedia.org/wiki/Special:FilePath/Wall_painting_of_spring_landscape_from_Akrotiri_%28shrine_D_2%29_%E2%80%93_Athen_NAM_-_03.jpg?width=400,ArchaiOptix,CC BY-SA 4.0,https://creativecommons.org/licenses/by-sa/4.0,https://commons.wikimedia.org/wiki/File:Wall_painting_of_spring_landscape_from_Akrotiri_%28shrine_D_2%29_%E2%80%93_Athen_NAM_-_03.jpg,,Wall painting of spring landscape from Akrotiri (shrine D 2) – Athen NAM - 03
akrotiri-wall-painting-of-spring-landscape-from-akrotiri-shrine-d-2-athen-nam-04,Wall painting of spring landscape from Akrotiri (shrine D 2) – Athen NAM - 04,Cycladic,Floral & Landscape,Late Bronze Age,,,Akrotiri,Santorini (Thera),Museum of Prehistoric Thera,36.35177,25.40446,approximate,https://commons.wikimedia.org/wiki/Special:FilePath/Wall_painting_of_spring_landscape_from_Akrotiri_%28shrine_D_2%29_%E2%80%93_Athen_NAM_-_04.jpg?width=400,ArchaiOptix,CC BY-SA 4.0,https://creativecommons.org/licenses/by-sa/4.0,https://commons.wikimedia.org/wiki/File:Wall_painting_of_spring_landscape_from_Akrotiri_%28shrine_D_2%29_%E2%80%93_Athen_NAM_-_04.jpg,,Wall painting of spring landscape from Akrotiri (shrine D 2) – Athen NAM - 04
akrotiri-wall-painting-of-boxing-boys-and-anthelopes-from-akrotiri-room-b-1-athen-nam-01,Wall painting of boxing boys and anthelopes from Akrotiri (room B 1) – Athen NAM - 01,Cycladic,General / Decorative,Late Bronze Age,,,Akrotiri,Santorini (Thera),Museum of Prehistoric Thera,36.35237,25.40325,approximate,https://commons.wikimedia.org/wiki/Special:FilePath/Wall_painting_of_boxing_boys_and_anthelopes_from_Akrotiri_%28room_B_1%29_%E2%80%93_Athen_NAM_-_01.jpg?width=400,ArchaiOptix,CC BY-SA 4.0,https://creativecommons.org/licenses/by-sa/4.0,https://commons.wikimedia.org/wiki/File:Wall_painting_of_boxing_boys_and_anthelopes_from_Akrotiri_%28room_B_1%29_%E2%80%93_Athen_NAM_-_01.jpg,,Wall painting of boxing boys and anthelopes from Akrotiri (room B 1) – Athen NAM - 01
akrotiri-wall-painting-of-boxing-boys-and-anthelopes-from-akrotiri-room-b-1-athen-nam-02,Wall painting of boxing boys and anthelopes from Akrotiri (room B 1) – Athen NAM - 02,Cycladic,General / Decorative,Late Bronze Age,,,Akrotiri,Santorini (Thera),Museum of Prehistoric Thera,36.35006,25.40414,approximate,https://commons.wikimedia.org/wiki/Special:FilePath/Wall_painting_of_boxing_boys_and_anthelopes_from_Akrotiri_%28room_B_1%29_%E2%80%93_Athen_NAM_-_02.jpg?width=400,ArchaiOptix,CC BY-SA 4.0,https://creativecommons.org/licenses/by-sa/4.0,https://commons.wikimedia.org/wiki/File:Wall_painting_of_boxing_boys_and_anthelopes_from_Akrotiri_%28room_B_1%29_%E2%80%93_Athen_NAM_-_02.jpg,,Wall painting of boxing boys and anthelopes from Akrotiri (room B 1) – Athen NAM - 02
akrotiri-wall-painting-of-boxing-boys-and-anthelopes-from-akrotiri-room-b-1-athen-nam-03,Wall painting of boxing boys and anthelopes from Akrotiri (room B 1) – Athen NAM - 03,Cycladic,General / Decorative,Late Bronze Age,,,Akrotiri,Santorini (Thera),Museum of Prehistoric Thera,36.35258,25.40504,approximate,https://commons.wikimedia.org/wiki/Special:FilePath/Wall_painting_of_boxing_boys_and_anthelopes_from_Akrotiri_%28room_B_1%29_%E2%80%93_Athen_NAM_-_03.jpg?width=400,ArchaiOptix,CC BY-SA 4.0,https://creativecommons.org/licenses/by-sa/4.0,https://commons.wikimedia.org/wiki/File:Wall_painting_of_boxing_boys_and_anthelopes_from_Akrotiri_%28room_B_1%29_%E2%80%93_Athen_NAM_-_03.jpg,,Wall painting of boxing boys and anthelopes from Akrotiri (room B 1) – Athen NAM - 03
akrotiri-wall-painting-of-boxing-boys-and-anthelopes-from-akrotiri-room-b-1-athen-nam-04,Wall painting of boxing boys and anthelopes from Akrotiri (room B 1) – Athen NAM - 04,Cycladic,General / Decorative,Late Bronze Age,,,Akrotiri,Santorini (Thera),Museum of Prehistoric Thera,36.35038,25.4047,approximate,https://commons.wikimedia.org/wiki/Special:FilePath/Wall_painting_of_boxing_boys_and_anthelopes_from_Akrotiri_%28room_B_1%29_%E2%80%93_Athen_NAM_-_04.jpg?width=400,ArchaiOptix,CC BY-SA 4.0,https://creativecommons.org/licenses/by-sa/4.0,https://commons.wikimedia.org/wiki/File:Wall_painting_of_boxing_boys_and_anthelopes_from_Akrotiri_%28room_B_1%29_%E2%80%93_Athen_NAM_-_04.jpg,,Wall painting of boxing boys and anthelopes from Akrotiri (room B 1) – Athen NAM - 04
akrotiri-wall-painting-of-two-ladies-and-papyrus-plants-from-akrotiri-house-of-the-ladies-thera-mpt-01,Wall painting of two ladies and papyrus plants from Akrotiri (house of the ladies) - Thera MPT - 01,Cycladic,Floral & Landscape,Late Bronze Age,,,Akrotiri,Santorini (Thera),Museum of Prehistoric Thera,36.35273,25.40422,approximate,https://commons.wikimedia.org/wiki/Special:FilePath/Wall_painting_of_two_ladies_and_papyrus_plants_from_Akrotiri_%28house_of_the_ladies%29_-_Thera_MPT_-_01.jpg?width=400,ArchaiOptix,CC BY-SA 4.0,https://creativecommons.org/licenses/by-sa/4.0,https://commons.wikimedia.org/wiki/File:Wall_painting_of_two_ladies_and_papyrus_plants_from_Akrotiri_%28house_of_the_ladies%29_-_Thera_MPT_-_01.jpg,,Wall painting of two ladies and papyrus plants from Akrotiri (house of the ladies) - Thera MPT - 01
akrotiri-wall-painting-of-two-ladies-and-papyrus-plants-from-akrotiri-house-of-the-ladies-thera-mpt-02,Wall painting of two ladies and papyrus plants from Akrotiri (house of the ladies) - Thera MPT - 02,Cycladic,Floral & Landscape,Late Bronze Age,,,Akrotiri,Santorini (Thera),Museum of Prehistoric Thera,36.35154,25.40506,approximate,https://commons.wikimedia.org/wiki/Special:FilePath/Wall_painting_of_two_ladies_and_papyrus_plants_from_Akrotiri_%28house_of_the_ladies%29_-_Thera_MPT_-_02.jpg?width=400,ArchaiOptix,CC BY-SA 4.0,https://creativecommons.org/licenses/by-sa/4.0,https://commons.wikimedia.org/wiki/File:Wall_painting_of_two_ladies_and_papyrus_plants_from_Akrotiri_%28house_of_the_ladies%29_-_Thera_MPT_-_02.jpg,,Wall painting of two ladies and papyrus plants from Akrotiri (house of the ladies) - Thera MPT - 02
akrotiri-wall-painting-of-two-ladies-and-papyrus-plants-from-akrotiri-house-of-the-ladies-thera-mpt-03,Wall painting of two ladies and papyrus plants from Akrotiri (house of the ladies) - Thera MPT - 03,Cycladic,Floral & Landscape,Late Bronze Age,,,Akrotiri,Santorini (Thera),Museum of Prehistoric Thera,36.35032,25.40379,approximate,https://commons.wikimedia.org/wiki/Special:FilePath/Wall_painting_of_two_ladies_and_papyrus_plants_from_Akrotiri_%28house_of_the_ladies%29_-_Thera_MPT_-_03.jpg?width=400,ArchaiOptix,CC BY-SA 4.0,https://creativecommons.org/licenses/by-sa/4.0,https://commons.wikimedia.org/wiki/File:Wall_painting_of_two_ladies_and_papyrus_plants_from_Akrotiri_%28house_of_the_ladies%29_-_Thera_MPT_-_03.jpg,,Wall painting of two ladies and papyrus plants from Akrotiri (house of the ladies) - Thera MPT - 03
akrotiri-wall-painting-of-two-ladies-and-papyrus-plants-from-akrotiri-house-of-the-ladies-thera-mpt-04,Wall painting of two ladies and papyrus plants from Akrotiri (house of the ladies) - Thera MPT - 04,Cycladic,Floral & Landscape,Late Bronze Age,,,Akrotiri,Santorini (Thera),Museum of Prehistoric Thera,36.35144,25.40326,approximate,https://commons.wikimedia.org/wiki/Special:FilePath/Wall_painting_of_two_ladies_and_papyrus_plants_from_Akrotiri_%28house_of_the_ladies%29_-_Thera_MPT_-_04.jpg?width=400,ArchaiOptix,CC BY-SA 4.0,https://creativecommons.org/licenses/by-sa/4.0,https://commons.wikimedia.org/wiki/File:Wall_painting_of_two_ladies_and_papyrus_plants_from_Akrotiri_%28house_of_the_ladies%29_-_Thera_MPT_-_04.jpg,,Wall painting of two ladies and papyrus plants from Akrotiri (house of the ladies) - Thera MPT - 04
akrotiri-wall-painting-of-two-ladies-and-papyrus-plants-from-akrotiri-house-of-the-ladies-thera-mpt-05,Wall painting of two ladies and papyrus plants from Akrotiri (house of the ladies) - Thera MPT - 05,Cycladic,Floral & Landscape,Late Bronze Age,,,Akrotiri,Santorini (Thera),Museum of Prehistoric Thera,36.35006,25.40412,approximate,https://commons.wikimedia.org/wiki/Special:FilePath/Wall_painting_of_two_ladies_and_papyrus_plants_from_Akrotiri_%28house_of_the_ladies%29_-_Thera_MPT_-_05.jpg?width=400,ArchaiOptix,CC BY-SA 4.0,https://creativecommons.org/licenses/by-sa/4.0,https://commons.wikimedia.org/wiki/File:Wall_painting_of_two_ladies_and_papyrus_plants_from_Akrotiri_%28house_of_the_ladies%29_-_Thera_MPT_-_05.jpg,,Wall painting of two ladies and papyrus plants from Akrotiri (house of the ladies) - Thera MPT - 05
akrotiri-wall-painting-of-two-ladies-and-papyrus-plants-from-akrotiri-house-of-the-ladies-thera-mpt-06,Wall painting of two ladies and papyrus plants from Akrotiri (house of the ladies) - Thera MPT - 06,Cycladic,Floral & Landscape,Late Bronze Age,,,Akrotiri,Santorini (Thera),Museum of Prehistoric Thera,36.35124,25.40494,approximate,https://commons.wikimedia.org/wiki/Special:FilePath/Wall_painting_of_two_ladies_and_papyrus_plants_from_Akrotiri_%28house_of_the_ladies%29_-_Thera_MPT_-_06.jpg?width=400,ArchaiOptix,CC BY-SA 4.0,https://creativecommons.org/licenses/by-sa/4.0,https://commons.wikimedia.org/wiki/File:Wall_painting_of_two_ladies_and_papyrus_plants_from_Akrotiri_%28house_of_the_ladies%29_-_Thera_MPT_-_06.jpg,,Wall painting of two ladies and papyrus plants from Akrotiri (house of the ladies) - Thera MPT - 06
akrotiri-wall-painting-of-fisherman-with-his-haul-from-akrotiri-room-5-of-the-west-house-thera-mpt,Wall painting of fisherman with his haul from Akrotiri (room 5 of the west house) – Thera MPT,Cycladic,Animal,Late Bronze Age,,,Akrotiri,Santorini (Thera),Museum of Prehistoric Thera,36.35081,25.40293,approximate,https://commons.wikimedia.org/wiki/Special:FilePath/Wall_painting_of_fisherman_with_his_haul_from_Akrotiri_%28room_5_of_the_west_house%29_%E2%80%93_Thera_MPT.jpg?width=400,ArchaiOptix,CC BY-SA 4.0,https://creativecommons.org/licenses/by-sa/4.0,https://commons.wikimedia.org/wiki/File:Wall_painting_of_fisherman_with_his_haul_from_Akrotiri_%28room_5_of_the_west_house%29_%E2%80%93_Thera_MPT.jpg,,Wall painting of fisherman with his haul from Akrotiri (room 5 of the west house) – Thera MPT
akrotiri-wall-painting-of-osier-branches-from-akrotiri-room-d-17-thera-mpt,Wall painting of osier branches from Akrotiri (room D 17) - Thera MPT,Cycladic,General / Decorative,Late Bronze Age,,,Akrotiri,Santorini (Thera),Museum of Prehistoric Thera,36.35079,25.40434,approximate,https://commons.wikimedia.org/wiki/Special:FilePath/Wall_painting_of_osier_branches_from_Akrotiri_%28room_D_17%29_-_Thera_MPT.jpg?width=400,ArchaiOptix,CC BY-SA 4.0,https://creativecommons.org/licenses/by-sa/4.0,https://commons.wikimedia.org/wiki/File:Wall_painting_of_osier_branches_from_Akrotiri_%28room_D_17%29_-_Thera_MPT.jpg,,Wall painting of osier branches from Akrotiri (room D 17) - Thera MPT
akrotiri-wall-painting-of-rosettes-in-net-pattern-from-akrotiri-room-9-xeste-3-thera-mpt-01,"Wall painting of rosettes in net pattern from Akrotiri (room 9, xeste 3) - Thera MPT - 01",Cycladic,Architecture & Pattern,Late Bronze Age,,,Akrotiri,Santorini (Thera),Museum of Prehistoric Thera,36.35018,25.40428,approximate,https://commons.wikimedia.org/wiki/Special:FilePath/Wall_painting_of_rosettes_in_net_pattern_from_Akrotiri_%28room_9%2C_xeste_3%29_-_Thera_MPT_-_01.jpg?width=400,ArchaiOptix,CC BY-SA 4.0,https://creativecommons.org/licenses/by-sa/4.0,https://commons.wikimedia.org/wiki/File:Wall_painting_of_rosettes_in_net_pattern_from_Akrotiri_%28room_9%2C_xeste_3%29_-_Thera_MPT_-_01.jpg,,"Wall painting of rosettes in net pattern from Akrotiri (room 9, xeste 3) - Thera MPT - 01"
akrotiri-wall-painting-of-rosettes-in-net-pattern-from-akrotiri-room-9-xeste-3-thera-mpt-02,"Wall painting of rosettes in net pattern from Akrotiri (room 9, xeste 3) - Thera MPT - 02",Cycladic,Architecture & Pattern,Late Bronze Age,,,Akrotiri,Santorini (Thera),Museum of Prehistoric Thera,36.35231,25.40235,approximate,https://commons.wikimedia.org/wiki/Special:FilePath/Wall_painting_of_rosettes_in_net_pattern_from_Akrotiri_%28room_9%2C_xeste_3%29_-_Thera_MPT_-_02.jpg?width=400,ArchaiOptix,CC BY-SA 4.0,https://creativecommons.org/licenses/by-sa/4.0,https://commons.wikimedia.org/wiki/File:Wall_painting_of_rosettes_in_net_pattern_from_Akrotiri_%28room_9%2C_xeste_3%29_-_Thera_MPT_-_02.jpg,,"Wall painting of rosettes in net pattern from Akrotiri (room 9, xeste 3) - Thera MPT - 02"
akrotiri-wall-painting-of-two-quadrupeds-in-landscape-from-akrotiri-thera-mpt,Wall painting of two quadrupeds in landscape from Akrotiri - Thera MPT,Cycladic,Floral & Landscape,Late Bronze Age,,,Akrotiri,Santorini (Thera),Museum of Prehistoric Thera,36.35142,25.40434,approximate,https://commons.wikimedia.org/wiki/Special:FilePath/Wall_painting_of_two_quadrupeds_in_landscape_from_Akrotiri_-_Thera_MPT.jpg?width=400,ArchaiOptix,CC BY-SA 4.0,https://creativecommons.org/licenses/by-sa/4.0,https://commons.wikimedia.org/wiki/File:Wall_painting_of_two_quadrupeds_in_landscape_from_Akrotiri_-_Thera_MPT.jpg,,Wall painting of two quadrupeds in landscape from Akrotiri - Thera MPT
akrotiri-painting-on-pumex-sacrificial-tripod-of-dolphins-from-akrotiri-thera-mpt-01,Painting on pumex sacrificial tripod of dolphins from Akrotiri - Thera MPT - 01,Cycladic,Animal,Late Bronze Age,,,Akrotiri,Santorini (Thera),Museum of Prehistoric Thera,36.35062,25.40247,approximate,https://commons.wikimedia.org/wiki/Special:FilePath/Painting_on_pumex_sacrificial_tripod_of_dolphins_from_Akrotiri_-_Thera_MPT_-_01.jpg?width=400,ArchaiOptix,CC BY-SA 4.0,https://creativecommons.org/licenses/by-sa/4.0,https://commons.wikimedia.org/wiki/File:Painting_on_pumex_sacrificial_tripod_of_dolphins_from_Akrotiri_-_Thera_MPT_-_01.jpg,,Painting on pumex sacrificial tripod of dolphins from Akrotiri - Thera MPT - 01
akrotiri-painting-on-pumex-sacrificial-tripod-of-dolphins-from-akrotiri-thera-mpt-02,Painting on pumex sacrificial tripod of dolphins from Akrotiri - Thera MPT - 02,Cycladic,Animal,Late Bronze Age,,,Akrotiri,Santorini (Thera),Museum of Prehistoric Thera,36.35182,25.40305,approximate,https://commons.wikimedia.org/wiki/Special:FilePath/Painting_on_pumex_sacrificial_tripod_of_dolphins_from_Akrotiri_-_Thera_MPT_-_02.jpg?width=400,ArchaiOptix,CC BY-SA 4.0,https://creativecommons.org/licenses/by-sa/4.0,https://commons.wikimedia.org/wiki/File:Painting_on_pumex_sacrificial_tripod_of_dolphins_from_Akrotiri_-_Thera_MPT_-_02.jpg,,Painting on pumex sacrificial tripod of dolphins from Akrotiri - Thera MPT - 02
akrotiri-painting-on-pumex-sacrificial-tripod-of-dolphins-from-akrotiri-thera-mpt-03,Painting on pumex sacrificial tripod of dolphins from Akrotiri - Thera MPT - 03,Cycladic,Animal,Late Bronze Age,,,Akrotiri,Santorini (Thera),Museum of Prehistoric Thera,36.35281,25.40394,approximate,https://commons.wikimedia.org/wiki/Special:FilePath/Painting_on_pumex_sacrificial_tripod_of_dolphins_from_Akrotiri_-_Thera_MPT_-_03.jpg?width=400,ArchaiOptix,CC BY-SA 4.0,https://creativecommons.org/licenses/by-sa/4.0,https://commons.wikimedia.org/wiki/File:Painting_on_pumex_sacrificial_tripod_of_dolphins_from_Akrotiri_-_Thera_MPT_-_03.jpg,,Painting on pumex sacrificial tripod of dolphins from Akrotiri - Thera MPT - 03
akrotiri-painting-on-pumex-sacrificial-tripod-of-dolphins-from-akrotiri-thera-mpt-04,Painting on pumex sacrificial tripod of dolphins from Akrotiri - Thera MPT - 04,Cycladic,Animal,Late Bronze Age,,,Akrotiri,Santorini (Thera),Museum of Prehistoric Thera,36.35239,25.40307,approximate,https://commons.wikimedia.org/wiki/Special:FilePath/Painting_on_pumex_sacrificial_tripod_of_dolphins_from_Akrotiri_-_Thera_MPT_-_04.jpg?width=400,ArchaiOptix,CC BY-SA 4.0,https://creativecommons.org/licenses/by-sa/4.0,https://commons.wikimedia.org/wiki/File:Painting_on_pumex_sacrificial_tripod_of_dolphins_from_Akrotiri_-_Thera_MPT_-_04.jpg,,Painting on pumex sacrificial tripod of dolphins from Akrotiri - Thera MPT - 04
akrotiri-painting-on-pumex-sacrificial-tripod-of-dolphins-from-akrotiri-thera-mpt-05,Painting on pumex sacrificial tripod of dolphins from Akrotiri - Thera MPT - 05,Cycladic,Animal,Late Bronze Age,,,Akrotiri,Santorini (Thera),Museum of Prehistoric Thera,36.35113,25.40498,approximate,https://commons.wikimedia.org/wiki/Special:FilePath/Painting_on_pumex_sacrificial_tripod_of_dolphins_from_Akrotiri_-_Thera_MPT_-_05.jpg?width=400,ArchaiOptix,CC BY-SA 4.0,https://creativecommons.org/licenses/by-sa/4.0,https://commons.wikimedia.org/wiki/File:Painting_on_pumex_sacrificial_tripod_of_dolphins_from_Akrotiri_-_Thera_MPT_-_05.jpg,,Painting on pumex sacrificial tripod of dolphins from Akrotiri - Thera MPT - 05
akrotiri-painting-on-pumex-sacrificial-tripod-of-dolphins-from-akrotiri-thera-mpt-06,Painting on pumex sacrificial tripod of dolphins from Akrotiri - Thera MPT - 06,Cycladic,Animal,Late Bronze Age,,,Akrotiri,Santorini (Thera),Museum of Prehistoric Thera,36.35188,25.40405,approximate,https://commons.wikimedia.org/wiki/Special:FilePath/Painting_on_pumex_sacrificial_tripod_of_dolphins_from_Akrotiri_-_Thera_MPT_-_06.jpg?width=400,ArchaiOptix,CC BY-SA 4.0,https://creativecommons.org/licenses/by-sa/4.0,https://commons.wikimedia.org/wiki/File:Painting_on_pumex_sacrificial_tripod_of_dolphins_from_Akrotiri_-_Thera_MPT_-_06.jpg,,Painting on pumex sacrificial tripod of dolphins from Akrotiri - Thera MPT - 06
akrotiri-painting-on-pumex-sacrificial-tripod-of-dolphins-from-akrotiri-thera-mpt-07,Painting on pumex sacrificial tripod of dolphins from Akrotiri - Thera MPT - 07,Cycladic,Animal,Late Bronze Age,,,Akrotiri,Santorini (Thera),Museum of Prehistoric Thera,36.3526,25.40288,approximate,https://commons.wikimedia.org/wiki/Special:FilePath/Painting_on_pumex_sacrificial_tripod_of_dolphins_from_Akrotiri_-_Thera_MPT_-_07.jpg?width=400,ArchaiOptix,CC BY-SA 4.0,https://creativecommons.org/licenses/by-sa/4.0,https://commons.wikimedia.org/wiki/File:Painting_on_pumex_sacrificial_tripod_of_dolphins_from_Akrotiri_-_Thera_MPT_-_07.jpg,,Painting on pumex sacrificial tripod of dolphins from Akrotiri - Thera MPT - 07
akrotiri-painting-on-pumex-sacrificial-tripod-of-dolphins-from-akrotiri-thera-mpt-08,Painting on pumex sacrificial tripod of dolphins from Akrotiri - Thera MPT - 08,Cycladic,Animal,Late Bronze Age,,,Akrotiri,Santorini (Thera),Museum of Prehistoric Thera,36.35131,25.40307,approximate,https://commons.wikimedia.org/wiki/Special:FilePath/Painting_on_pumex_sacrificial_tripod_of_dolphins_from_Akrotiri_-_Thera_MPT_-_08.jpg?width=400,ArchaiOptix,CC BY-SA 4.0,https://creativecommons.org/licenses/by-sa/4.0,https://commons.wikimedia.org/wiki/File:Painting_on_pumex_sacrificial_tripod_of_dolphins_from_Akrotiri_-_Thera_MPT_-_08.jpg,,Painting on pumex sacrificial tripod of dolphins from Akrotiri - Thera MPT - 08
akrotiri-painting-on-pumex-sacrificial-tripod-of-dolphins-from-akrotiri-thera-mpt-09,Painting on pumex sacrificial tripod of dolphins from Akrotiri - Thera MPT - 09,Cycladic,Animal,Late Bronze Age,,,Akrotiri,Santorini (Thera),Museum of Prehistoric Thera,36.35041,25.40484,approximate,https://commons.wikimedia.org/wiki/Special:FilePath/Painting_on_pumex_sacrificial_tripod_of_dolphins_from_Akrotiri_-_Thera_MPT_-_09.jpg?width=400,ArchaiOptix,CC BY-SA 4.0,https://creativecommons.org/licenses/by-sa/4.0,https://commons.wikimedia.org/wiki/File:Painting_on_pumex_sacrificial_tripod_of_dolphins_from_Akrotiri_-_Thera_MPT_-_09.jpg,,Painting on pumex sacrificial tripod of dolphins from Akrotiri - Thera MPT - 09
akrotiri-painting-on-pumex-sacrificial-tripod-of-dolphins-from-akrotiri-thera-mpt-10,Painting on pumex sacrificial tripod of dolphins from Akrotiri - Thera MPT - 10,Cycladic,Animal,Late Bronze Age,,,Akrotiri,Santorini (Thera),Museum of Prehistoric Thera,36.35105,25.4045,approximate,https://commons.wikimedia.org/wiki/Special:FilePath/Painting_on_pumex_sacrificial_tripod_of_dolphins_from_Akrotiri_-_Thera_MPT_-_10.jpg?width=400,ArchaiOptix,CC BY-SA 4.0,https://creativecommons.org/licenses/by-sa/4.0,https://commons.wikimedia.org/wiki/File:Painting_on_pumex_sacrificial_tripod_of_dolphins_from_Akrotiri_-_Thera_MPT_-_10.jpg,,Painting on pumex sacrificial tripod of dolphins from Akrotiri - Thera MPT - 10
tiryns-wall-painting-of-taureador-from-tiryns-athens-nam-1595,Wall painting of taureador from Tiryns - Athens NAM 1595,Mycenaean,General / Decorative,Late Bronze Age,,,Tiryns,Peloponnese,"National Archaeological Museum, Athens",37.59915,22.81715,approximate,https://commons.wikimedia.org/wiki/Special:FilePath/Wall_painting_of_taureador_from_Tiryns_-_Athens_NAM_1595.jpg?width=400,ArchaiOptix,CC BY-SA 4.0,https://creativecommons.org/licenses/by-sa/4.0,https://commons.wikimedia.org/wiki/File:Wall_painting_of_taureador_from_Tiryns_-_Athens_NAM_1595.jpg,,Wall painting of taureador from Tiryns - Athens NAM 1595
tiryns-wall-painting-of-procession-of-women-from-tiryns-athens-nam-5883-01,Wall painting of procession of women from Tiryns - Athens NAM 5883 - 01,Mycenaean,Ritual & Religion,Late Bronze Age,,,Tiryns,Peloponnese,"National Archaeological Museum, Athens",37.59986,22.8173,approximate,https://commons.wikimedia.org/wiki/Special:FilePath/Wall_painting_of_procession_of_women_from_Tiryns_-_Athens_NAM_5883_-_01.jpg?width=400,ArchaiOptix,CC BY-SA 4.0,https://creativecommons.org/licenses/by-sa/4.0,https://commons.wikimedia.org/wiki/File:Wall_painting_of_procession_of_women_from_Tiryns_-_Athens_NAM_5883_-_01.jpg,,Wall painting of procession of women from Tiryns - Athens NAM 5883 - 01
tiryns-wall-painting-of-procession-of-women-from-tiryns-athens-nam-5883-02,Wall painting of procession of women from Tiryns - Athens NAM 5883 - 02,Mycenaean,Ritual & Religion,Late Bronze Age,,,Tiryns,Peloponnese,"National Archaeological Museum, Athens",37.59961,22.81796,approximate,https://commons.wikimedia.org/wiki/Special:FilePath/Wall_painting_of_procession_of_women_from_Tiryns_-_Athens_NAM_5883_-_02.jpg?width=400,ArchaiOptix,CC BY-SA 4.0,https://creativecommons.org/licenses/by-sa/4.0,https://commons.wikimedia.org/wiki/File:Wall_painting_of_procession_of_women_from_Tiryns_-_Athens_NAM_5883_-_02.jpg,,Wall painting of procession of women from Tiryns - Athens NAM 5883 - 02
tiryns-wall-painting-of-boar-hunt-from-tiryns-athens-nam-5878-5882-01,Wall painting of boar hunt from Tiryns - Athens NAM 5878-5882 - 01,Mycenaean,General / Decorative,Late Bronze Age,,,Tiryns,Peloponnese,"National Archaeological Museum, Athens",37.5998,22.81805,approximate,https://commons.wikimedia.org/wiki/Special:FilePath/Wall_painting_of_boar_hunt_from_Tiryns_-_Athens_NAM_5878-5882_-_01.jpg?width=400,ArchaiOptix,CC BY-SA 4.0,https://creativecommons.org/licenses/by-sa/4.0,https://commons.wikimedia.org/wiki/File:Wall_painting_of_boar_hunt_from_Tiryns_-_Athens_NAM_5878-5882_-_01.jpg,,Wall painting of boar hunt from Tiryns - Athens NAM 5878-5882 - 01
tiryns-wall-painting-of-boar-hunt-from-tiryns-athens-nam-5878-5882-02,Wall painting of boar hunt from Tiryns - Athens NAM 5878-5882 - 02,Mycenaean,General / Decorative,Late Bronze Age,,,Tiryns,Peloponnese,"National Archaeological Museum, Athens",37.60063,22.81719,approximate,https://commons.wikimedia.org/wiki/Special:FilePath/Wall_painting_of_boar_hunt_from_Tiryns_-_Athens_NAM_5878-5882_-_02.jpg?width=400,ArchaiOptix,CC BY-SA 4.0,https://creativecommons.org/licenses/by-sa/4.0,https://commons.wikimedia.org/wiki/File:Wall_painting_of_boar_hunt_from_Tiryns_-_Athens_NAM_5878-5882_-_02.jpg,,Wall painting of boar hunt from Tiryns - Athens NAM 5878-5882 - 02
tiryns-wall-painting-of-boar-hunt-from-tiryns-athens-nam-5878-5882-03,Wall painting of boar hunt from Tiryns - Athens NAM 5878-5882 - 03,Mycenaean,General / Decorative,Late Bronze Age,,,Tiryns,Peloponnese,"National Archaeological Museum, Athens",37.59853,22.81666,approximate,https://commons.wikimedia.org/wiki/Special:FilePath/Wall_painting_of_boar_hunt_from_Tiryns_-_Athens_NAM_5878-5882_-_03.jpg?width=400,ArchaiOptix,CC BY-SA 4.0,https://creativecommons.org/licenses/by-sa/4.0,https://commons.wikimedia.org/wiki/File:Wall_painting_of_boar_hunt_from_Tiryns_-_Athens_NAM_5878-5882_-_03.jpg,,Wall painting of boar hunt from Tiryns - Athens NAM 5878-5882 - 03
tiryns-wall-painting-of-boar-hunt-from-tiryns-athens-nam-5878-5882-04,Wall painting of boar hunt from Tiryns - Athens NAM 5878-5882 - 04,Mycenaean,General / Decorative,Late Bronze Age,,,Tiryns,Peloponnese,"National Archaeological Museum, Athens",37.59908,22.81825,approximate,https://commons.wikimedia.org/wiki/Special:FilePath/Wall_painting_of_boar_hunt_from_Tiryns_-_Athens_NAM_5878-5882_-_04.jpg?width=400,ArchaiOptix,CC BY-SA 4.0,https://creativecommons.org/licenses/by-sa/4.0,https://commons.wikimedia.org/wiki/File:Wall_painting_of_boar_hunt_from_Tiryns_-_Athens_NAM_5878-5882_-_04.jpg,,Wall painting of boar hunt from Tiryns - Athens NAM 5878-5882 - 04
athens-wall-painting-of-women-in-a-loggia-from-mykene-athens-nam-1015,Wall painting of women in a loggia from Mykene - Athens NAM 1015,Minoan,General / Decorative,Late Bronze Age,,,Athens,Attica,"National Archaeological Museum, Athens",37.98815,23.73315,approximate,https://commons.wikimedia.org/wiki/Special:FilePath/Wall_painting_of_women_in_a_loggia_from_Mykene_-_Athens_NAM_1015.jpg?width=400,ArchaiOptix,CC BY-SA 4.0,https://creativecommons.org/licenses/by-sa/4.0,https://commons.wikimedia.org/wiki/File:Wall_painting_of_women_in_a_loggia_from_Mykene_-_Athens_NAM_1015.jpg,,Wall painting of women in a loggia from Mykene - Athens NAM 1015
athens-wall-painting-of-mycenean-lady-from-mykene-athens-nam-11670-01,Wall painting of Mycenean lady from Mykene - Athens NAM 11670 - 01,Minoan,General / Decorative,Late Bronze Age,,,Athens,Attica,"National Archaeological Museum, Athens",37.9879,23.73239,approximate,https://commons.wikimedia.org/wiki/Special:FilePath/Wall_painting_of_Mycenean_lady_from_Mykene_-_Athens_NAM_11670_-_01.jpg?width=400,ArchaiOptix,CC BY-SA 4.0,https://creativecommons.org/licenses/by-sa/4.0,https://commons.wikimedia.org/wiki/File:Wall_painting_of_Mycenean_lady_from_Mykene_-_Athens_NAM_11670_-_01.jpg,,Wall painting of Mycenean lady from Mykene - Athens NAM 11670 - 01
athens-wall-painting-of-mycenean-lady-from-mykene-athens-nam-11670-02,Wall painting of Mycenean lady from Mykene - Athens NAM 11670 - 02,Minoan,General / Decorative,Late Bronze Age,,,Athens,Attica,"National Archaeological Museum, Athens",37.98952,23.73319,approximate,https://commons.wikimedia.org/wiki/Special:FilePath/Wall_painting_of_Mycenean_lady_from_Mykene_-_Athens_NAM_11670_-_02.jpg?width=400,ArchaiOptix,CC BY-SA 4.0,https://creativecommons.org/licenses/by-sa/4.0,https://commons.wikimedia.org/wiki/File:Wall_painting_of_Mycenean_lady_from_Mykene_-_Athens_NAM_11670_-_02.jpg,,Wall painting of Mycenean lady from Mykene - Athens NAM 11670 - 02
athens-wall-painting-of-woman-with-lily-from-mykene-athens-nam-11651,Wall painting of woman with lily from Mykene - Athens NAM 11651,Minoan,Floral & Landscape,Late Bronze Age,,,Athens,Attica,"National Archaeological Museum, Athens",37.98806,23.73207,approximate,https://commons.wikimedia.org/wiki/Special:FilePath/Wall_painting_of_woman_with_lily_from_Mykene_-_Athens_NAM_11651.jpg?width=400,ArchaiOptix,CC BY-SA 4.0,https://creativecommons.org/licenses/by-sa/4.0,https://commons.wikimedia.org/wiki/File:Wall_painting_of_woman_with_lily_from_Mykene_-_Athens_NAM_11651.jpg,,Wall painting of woman with lily from Mykene - Athens NAM 11651
athens-wall-painting-of-goddess-with-griffin-from-mykene-athens-nam-11652,Wall painting of goddess with griffin from Mykene - Athens NAM 11652,Minoan,Ritual & Religion,Late Bronze Age,,,Athens,Attica,"National Archaeological Museum, Athens",37.98852,23.73143,approximate,https://commons.wikimedia.org/wiki/Special:FilePath/Wall_painting_of_goddess_with_griffin_from_Mykene_-_Athens_NAM_11652.jpg?width=400,ArchaiOptix,CC BY-SA 4.0,https://creativecommons.org/licenses/by-sa/4.0,https://commons.wikimedia.org/wiki/File:Wall_painting_of_goddess_with_griffin_from_Mykene_-_Athens_NAM_11652.jpg,,Wall painting of goddess with griffin from Mykene - Athens NAM 11652
athens-wall-painting-of-shield-from-mykene-athens-nam-11671-01,Wall painting of shield from Mykene - Athens NAM 11671 - 01,Minoan,General / Decorative,Late Bronze Age,,,Athens,Attica,"National Archaeological Museum, Athens",37.98952,23.73167,approximate,https://commons.wikimedia.org/wiki/Special:FilePath/Wall_painting_of_shield_from_Mykene_-_Athens_NAM_11671_-_01.jpg?width=400,ArchaiOptix,CC BY-SA 4.0,https://creativecommons.org/licenses/by-sa/4.0,https://commons.wikimedia.org/wiki/File:Wall_painting_of_shield_from_Mykene_-_Athens_NAM_11671_-_01.jpg,,Wall painting of shield from Mykene - Athens NAM 11671 - 01
athens-wall-painting-of-shield-from-mykene-athens-nam-11671-02,Wall painting of shield from Mykene - Athens NAM 11671 - 02,Minoan,General / Decorative,Late Bronze Age,,,Athens,Attica,"National Archaeological Museum, Athens",37.9903,23.7329,approximate,https://commons.wikimedia.org/wiki/Special:FilePath/Wall_painting_of_shield_from_Mykene_-_Athens_NAM_11671_-_02.jpg?width=400,ArchaiOptix,CC BY-SA 4.0,https://creativecommons.org/licenses/by-sa/4.0,https://commons.wikimedia.org/wiki/File:Wall_painting_of_shield_from_Mykene_-_Athens_NAM_11671_-_02.jpg,,Wall painting of shield from Mykene - Athens NAM 11671 - 02
athens-wall-painting-of-shield-from-mykene-athens-nam-11672-01,Wall painting of shield from Mykene - Athens NAM 11672 - 01,Minoan,General / Decorative,Late Bronze Age,,,Athens,Attica,"National Archaeological Museum, Athens",37.98961,23.73194,approximate,https://commons.wikimedia.org/wiki/Special:FilePath/Wall_painting_of_shield_from_Mykene_-_Athens_NAM_11672_-_01.jpg?width=400,ArchaiOptix,CC BY-SA 4.0,https://creativecommons.org/licenses/by-sa/4.0,https://commons.wikimedia.org/wiki/File:Wall_painting_of_shield_from_Mykene_-_Athens_NAM_11672_-_01.jpg,,Wall painting of shield from Mykene - Athens NAM 11672 - 01
athens-wall-painting-of-shield-from-mykene-athens-nam-11672-02,Wall painting of shield from Mykene - Athens NAM 11672 - 02,Minoan,General / Decorative,Late Bronze Age,,,Athens,Attica,"National Archaeological Museum, Athens",37.98817,23.73294,approximate,https://commons.wikimedia.org/wiki/Special:FilePath/Wall_painting_of_shield_from_Mykene_-_Athens_NAM_11672_-_02.jpg?width=400,ArchaiOptix,CC BY-SA 4.0,https://creativecommons.org/licenses/by-sa/4.0,https://commons.wikimedia.org/wiki/File:Wall_painting_of_shield_from_Mykene_-_Athens_NAM_11672_-_02.jpg,,Wall painting of shield from Mykene - Athens NAM 11672 - 02
aegean-prehistoric-wall-painting-of-shields-from-mykenai-akropolis-mykenai-am-01,Wall painting of shields from Mykenai (Akropolis) - Mykenai AM - 01,Minoan,General / Decorative,Late Bronze Age,,,Aegean Prehistoric,Crete,Heraklion Archaeological Museum,35.29822,25.16429,approximate,https://commons.wikimedia.org/wiki/Special:FilePath/Wall_painting_of_shields_from_Mykenai_%28Akropolis%29_-_Mykenai_AM.jpg?width=400,ArchaiOptix,CC BY-SA 4.0,https://creativecommons.org/licenses/by-sa/4.0,https://commons.wikimedia.org/wiki/File:Wall_painting_of_shields_from_Mykenai_%28Akropolis%29_-_Mykenai_AM.jpg,,Wall painting of shields from Mykenai (Akropolis) - Mykenai AM - 01
aegean-prehistoric-wall-painting-of-shields-from-mykenai-akropolis-mykenai-am-02,Wall painting of shields from Mykenai (Akropolis) - Mykenai AM - 02,Minoan,General / Decorative,Late Bronze Age,,,Aegean Prehistoric,Crete,Heraklion Archaeological Museum,35.29712,25.16383,approximate,https://commons.wikimedia.org/wiki/Special:FilePath/Wall_painting_of_shields_from_Mykenai_%28Akropolis%29_-_Mykenai_AM_-_02.jpg?width=400,ArchaiOptix,CC BY-SA 4.0,https://creativecommons.org/licenses/by-sa/4.0,https://commons.wikimedia.org/wiki/File:Wall_painting_of_shields_from_Mykenai_%28Akropolis%29_-_Mykenai_AM_-_02.jpg,,Wall painting of shields from Mykenai (Akropolis) - Mykenai AM - 02
aegean-prehistoric-wall-painting-of-goddess-from-mykenai-room-of-the-frescoes-in-citadel-house-mykenai-am-01,Wall painting of goddess from Mykenai (Room of the Frescoes in Citadel House) - Mykenai AM - 01,Minoan,Ritual & Religion,Late Bronze Age,,,Aegean Prehistoric,Crete,Heraklion Archaeological Museum,35.29921,25.16299,approximate,https://commons.wikimedia.org/wiki/Special:FilePath/Wall_painting_of_goddess_from_Mykenai_%28Room_of_the_Frescoes_in_Citadel_House%29_-_Mykenai_AM_-_01.jpg?width=400,ArchaiOptix,CC BY-SA 4.0,https://creativecommons.org/licenses/by-sa/4.0,https://commons.wikimedia.org/wiki/File:Wall_painting_of_goddess_from_Mykenai_%28Room_of_the_Frescoes_in_Citadel_House%29_-_Mykenai_AM_-_01.jpg,,Wall painting of goddess from Mykenai (Room of the Frescoes in Citadel House) - Mykenai AM - 01
aegean-prehistoric-wall-painting-of-goddess-from-mykenai-room-of-the-frescoes-in-citadel-house-mykenai-am-02,Wall painting of goddess from Mykenai (Room of the Frescoes in Citadel House) - Mykenai AM - 02,Minoan,Ritual & Religion,Late Bronze Age,,,Aegean Prehistoric,Crete,Heraklion Archaeological Museum,35.29673,25.16501,approximate,https://commons.wikimedia.org/wiki/Special:FilePath/Wall_painting_of_goddess_from_Mykenai_%28Room_of_the_Frescoes_in_Citadel_House%29_-_Mykenai_AM_-_02.jpg?width=400,ArchaiOptix,CC BY-SA 4.0,https://creativecommons.org/licenses/by-sa/4.0,https://commons.wikimedia.org/wiki/File:Wall_painting_of_goddess_from_Mykenai_%28Room_of_the_Frescoes_in_Citadel_House%29_-_Mykenai_AM_-_02.jpg,,Wall painting of goddess from Mykenai (Room of the Frescoes in Citadel House) - Mykenai AM - 02
aegean-prehistoric-wall-painting-of-goddess-from-mykenai-room-of-the-frescoes-in-citadel-house-mykenai-am-385-03,Wall painting of goddess from Mykenai (Room of the Frescoes in Citadel House) - Mykenai AM 385 - 03,Minoan,Ritual & Religion,Late Bronze Age,,,Aegean Prehistoric,Crete,Heraklion Archaeological Museum,35.29696,25.16516,approximate,https://commons.wikimedia.org/wiki/Special:FilePath/Wall_painting_of_goddess_from_Mykenai_%28Room_of_the_Frescoes_in_Citadel_House%29_-_Mykenai_AM_385_-_03.jpg?width=400,ArchaiOptix,CC BY-SA 4.0,https://creativecommons.org/licenses/by-sa/4.0,https://commons.wikimedia.org/wiki/File:Wall_painting_of_goddess_from_Mykenai_%28Room_of_the_Frescoes_in_Citadel_House%29_-_Mykenai_AM_385_-_03.jpg,,Wall painting of goddess from Mykenai (Room of the Frescoes in Citadel House) - Mykenai AM 385 - 03
aegean-prehistoric-wall-painting-of-goddess-from-mykenai-room-of-the-frescoes-in-citadel-house-mykenai-am-385-04,Wall painting of goddess from Mykenai (Room of the Frescoes in Citadel House) - Mykenai AM 385 - 04,Minoan,Ritual & Religion,Late Bronze Age,,,Aegean Prehistoric,Crete,Heraklion Archaeological Museum,35.29757,25.16196,approximate,https://commons.wikimedia.org/wiki/Special:FilePath/Wall_painting_of_goddess_from_Mykenai_%28Room_of_the_Frescoes_in_Citadel_House%29_-_Mykenai_AM_385_-_04.jpg?width=400,ArchaiOptix,CC BY-SA 4.0,https://creativecommons.org/licenses/by-sa/4.0,https://commons.wikimedia.org/wiki/File:Wall_painting_of_goddess_from_Mykenai_%28Room_of_the_Frescoes_in_Citadel_House%29_-_Mykenai_AM_385_-_04.jpg,,Wall painting of goddess from Mykenai (Room of the Frescoes in Citadel House) - Mykenai AM 385 - 04
aegean-prehistoric-wall-painting-of-goddess-from-mykenai-room-of-the-frescoes-in-citadel-house-mykenai-am-385-05,Wall painting of goddess from Mykenai (Room of the Frescoes in Citadel House) - Mykenai AM 385 - 05,Minoan,Ritual & Religion,Late Bronze Age,,,Aegean Prehistoric,Crete,Heraklion Archaeological Museum,35.29644,25.16394,approximate,https://commons.wikimedia.org/wiki/Special:FilePath/Wall_painting_of_goddess_from_Mykenai_%28Room_of_the_Frescoes_in_Citadel_House%29_-_Mykenai_AM_385_-_05.jpg?width=400,ArchaiOptix,CC BY-SA 4.0,https://creativecommons.org/licenses/by-sa/4.0,https://commons.wikimedia.org/wiki/File:Wall_painting_of_goddess_from_Mykenai_%28Room_of_the_Frescoes_in_Citadel_House%29_-_Mykenai_AM_385_-_05.jpg,,Wall painting of goddess from Mykenai (Room of the Frescoes in Citadel House) - Mykenai AM 385 - 05
athens-painted-limestone-stele-from-mykene-athens-nam-3256,Painted limestone stele from Mykene - Athens NAM 3256,Minoan,General / Decorative,Late Bronze Age,,,Athens,Attica,"National Archaeological Museum, Athens",37.98877,23.73205,approximate,https://commons.wikimedia.org/wiki/Special:FilePath/Painted_limestone_stele_from_Mykene_-_Athens_NAM_3256.jpg?width=400,ArchaiOptix,CC BY-SA 4.0,https://creativecommons.org/licenses/by-sa/4.0,https://commons.wikimedia.org/wiki/File:Painted_limestone_stele_from_Mykene_-_Athens_NAM_3256.jpg,,Painted limestone stele from Mykene - Athens NAM 3256
aegean-prehistoric-wall-painting-of-geese-in-landscape-with-papyrus-from-achet-aton-southern-palace-berlin-m,Wall painting of geese in landscape with papyrus from Achet Aton (southern palace) - Berlin ÄM,Minoan,Floral & Landscape,Late Bronze Age,,,Aegean Prehistoric,Crete,Heraklion Archaeological Museum,35.29628,25.16287,approximate,https://commons.wikimedia.org/wiki/Special:FilePath/Wall_painting_of_geese_in_landscape_with_papyrus_from_Achet_Aton_%28southern_palace%29_-_Berlin_%C3%84M.jpg?width=400,ArchaiOptix,CC BY-SA 4.0,https://creativecommons.org/licenses/by-sa/4.0,https://commons.wikimedia.org/wiki/File:Wall_painting_of_geese_in_landscape_with_papyrus_from_Achet_Aton_%28southern_palace%29_-_Berlin_%C3%84M.jpg,,Wall painting of geese in landscape with papyrus from Achet Aton (southern palace) - Berlin ÄM
luxor-limestone-chip-with-sketches-for-a-painting-or-relief-from-egypt-firenze-man-7618-01,Limestone chip with sketches for a painting or relief from Egypt - Firenze MAN 7618 - 01,Egyptian,General / Decorative,Late Bronze Age,,,Luxor,Egypt,"Egyptian Museum, Cairo",25.72719,32.60471,approximate,https://commons.wikimedia.org/wiki/Special:FilePath/Limestone_chip_with_sketches_for_a_painting_or_relief_from_Egypt_-_Firenze_MAN_7618_-_01.jpg?width=400,ArchaiOptix,CC BY-SA 4.0,https://creativecommons.org/licenses/by-sa/4.0,https://commons.wikimedia.org/wiki/File:Limestone_chip_with_sketches_for_a_painting_or_relief_from_Egypt_-_Firenze_MAN_7618_-_01.jpg,,Limestone chip with sketches for a painting or relief from Egypt - Firenze MAN 7618 - 01
luxor-limestone-chip-with-sketches-for-a-painting-or-relief-from-egypt-firenze-man-7618-02,Limestone chip with sketches for a painting or relief from Egypt - Firenze MAN 7618 - 02,Egyptian,General / Decorative,Late Bronze Age,,,Luxor,Egypt,"Egyptian Museum, Cairo",25.72681,32.60423,approximate,https://commons.wikimedia.org/wiki/Special:FilePath/Limestone_chip_with_sketches_for_a_painting_or_relief_from_Egypt_-_Firenze_MAN_7618_-_02.jpg?width=400,ArchaiOptix,CC BY-SA 4.0,https://creativecommons.org/licenses/by-sa/4.0,https://commons.wikimedia.org/wiki/File:Limestone_chip_with_sketches_for_a_painting_or_relief_from_Egypt_-_Firenze_MAN_7618_-_02.jpg,,Limestone chip with sketches for a painting or relief from Egypt - Firenze MAN 7618 - 02
luxor-limestone-chip-with-sketches-for-a-painting-or-relief-from-egypt-m-nchen-smaek-1549,Limestone chip with sketches for a painting or relief from Egypt - München SMAEK 1549,Egyptian,General / Decorative,Late Bronze Age,,,Luxor,Egypt,"Egyptian Museum, Cairo",25.72651,32.6064,approximate,https://commons.wikimedia.org/wiki/Special:FilePath/Limestone_chip_with_sketches_for_a_painting_or_relief_from_Egypt_-_M%C3%BCnchen_SMAEK_1549.jpg?width=400,ArchaiOptix,CC BY-SA 4.0,https://creativecommons.org/licenses/by-sa/4.0,https://commons.wikimedia.org/wiki/File:Limestone_chip_with_sketches_for_a_painting_or_relief_from_Egypt_-_M%C3%BCnchen_SMAEK_1549.jpg,,Limestone chip with sketches for a painting or relief from Egypt - München SMAEK 1549
luxor-limestone-chip-with-sketches-for-a-painting-or-relief-from-egypt-m-nchen-smaek-1540,Limestone chip with sketches for a painting or relief from Egypt - München SMAEK 1540,Egyptian,General / Decorative,Late Bronze Age,,,Luxor,Egypt,"Egyptian Museum, Cairo",25.72772,32.60477,approximate,https://commons.wikimedia.org/wiki/Special:FilePath/Limestone_chip_with_sketches_for_a_painting_or_relief_from_Egypt_-_M%C3%BCnchen_SMAEK_1540.jpg?width=400,ArchaiOptix,CC BY-SA 4.0,https://creativecommons.org/licenses/by-sa/4.0,https://commons.wikimedia.org/wiki/File:Limestone_chip_with_sketches_for_a_painting_or_relief_from_Egypt_-_M%C3%BCnchen_SMAEK_1540.jpg,,Limestone chip with sketches for a painting or relief from Egypt - München SMAEK 1540
thebes-floor-painting-of-nilotic-landscape-from-thebes-malquata-m-nchen-smaek-gl-74-01,Floor painting of nilotic landscape from Thebes (Malquata) - München SMAEK Gl 74 - 01,Mycenaean,Floral & Landscape,Late Bronze Age,,,Thebes,Boeotia,Archaeological Museum of Thebes,38.32273,23.31744,approximate,https://commons.wikimedia.org/wiki/Special:FilePath/Floor_painting_of_nilotic_landscape_from_Thebes_%28Malquata%29_-_M%C3%BCnchen_SMAEK_Gl_74_-_01.jpg?width=400,ArchaiOptix,CC BY-SA 4.0,https://creativecommons.org/licenses/by-sa/4.0,https://commons.wikimedia.org/wiki/File:Floor_painting_of_nilotic_landscape_from_Thebes_%28Malquata%29_-_M%C3%BCnchen_SMAEK_Gl_74_-_01.jpg,,Floor painting of nilotic landscape from Thebes (Malquata) - München SMAEK Gl 74 - 01
thebes-floor-painting-of-nilotic-landscape-from-thebes-malquata-m-nchen-smaek-gl-74-02,Floor painting of nilotic landscape from Thebes (Malquata) - München SMAEK Gl 74 - 02,Mycenaean,Floral & Landscape,Late Bronze Age,,,Thebes,Boeotia,Archaeological Museum of Thebes,38.32146,23.31683,approximate,https://commons.wikimedia.org/wiki/Special:FilePath/Floor_painting_of_nilotic_landscape_from_Thebes_%28Malquata%29_-_M%C3%BCnchen_SMAEK_Gl_74_-_02.jpg?width=400,ArchaiOptix,CC BY-SA 4.0,https://creativecommons.org/licenses/by-sa/4.0,https://commons.wikimedia.org/wiki/File:Floor_painting_of_nilotic_landscape_from_Thebes_%28Malquata%29_-_M%C3%BCnchen_SMAEK_Gl_74_-_02.jpg,,Floor painting of nilotic landscape from Thebes (Malquata) - München SMAEK Gl 74 - 02
thebes-floor-painting-of-nilotic-landscape-from-thebes-malquata-m-nchen-smaek-gl-74-03,Floor painting of nilotic landscape from Thebes (Malquata) - München SMAEK Gl 74 - 03,Mycenaean,Floral & Landscape,Late Bronze Age,,,Thebes,Boeotia,Archaeological Museum of Thebes,38.32243,23.31639,approximate,https://commons.wikimedia.org/wiki/Special:FilePath/Floor_painting_of_nilotic_landscape_from_Thebes_%28Malquata%29_-_M%C3%BCnchen_SMAEK_Gl_74_-_03.jpg?width=400,ArchaiOptix,CC BY-SA 4.0,https://creativecommons.org/licenses/by-sa/4.0,https://commons.wikimedia.org/wiki/File:Floor_painting_of_nilotic_landscape_from_Thebes_%28Malquata%29_-_M%C3%BCnchen_SMAEK_Gl_74_-_03.jpg,,Floor painting of nilotic landscape from Thebes (Malquata) - München SMAEK Gl 74 - 03
thebes-limestone-chip-with-sketches-from-thebes-cambridge-fwm-e-ga-4298-1943,Limestone chip with sketches from Thebes - Cambridge FWM E-GA-4298-1943,Mycenaean,General / Decorative,Late Bronze Age,,,Thebes,Boeotia,Archaeological Museum of Thebes,38.32263,23.31817,approximate,https://commons.wikimedia.org/wiki/Special:FilePath/Limestone_chip_with_sketches_from_Thebes_-_Cambridge_FWM_E-GA-4298-1943.jpg?width=400,ArchaiOptix,CC BY-SA 4.0,https://creativecommons.org/licenses/by-sa/4.0,https://commons.wikimedia.org/wiki/File:Limestone_chip_with_sketches_from_Thebes_-_Cambridge_FWM_E-GA-4298-1943.jpg,,Limestone chip with sketches from Thebes - Cambridge FWM E-GA-4298-1943
aegean-prehistoric-wall-painting-of-queen-ahmes-nefertari-and-pharaoh-amenophis-i-from-deir-el-medina-berlin-m-2060-and-2061-01,Wall painting of queen Ahmes-Nefertari and pharaoh Amenophis I from Deir el Medina - Berlin ÄM 2060 and 2061 - 01,Minoan,General / Decorative,Late Bronze Age,,,Aegean Prehistoric,Crete,Heraklion Archaeological Museum,35.29801,25.1624,approximate,https://commons.wikimedia.org/wiki/Special:FilePath/Wall_painting_of_queen_Ahmes-Nefertari_and_pharaoh_Amenophis_I_from_Deir_el_Medina_-_Berlin_%C3%84M_2060_and_2061_-_01.jpg?width=400,ArchaiOptix,CC BY-SA 4.0,https://creativecommons.org/licenses/by-sa/4.0,https://commons.wikimedia.org/wiki/File:Wall_painting_of_queen_Ahmes-Nefertari_and_pharaoh_Amenophis_I_from_Deir_el_Medina_-_Berlin_%C3%84M_2060_and_2061_-_01.jpg,,Wall painting of queen Ahmes-Nefertari and pharaoh Amenophis I from Deir el Medina - Berlin ÄM 2060 and 2061 - 01
aegean-prehistoric-wall-painting-of-queen-ahmes-nefertari-and-pharaoh-amenophis-i-from-deir-el-medina-berlin-m-2060-and-2061-02,Wall painting of queen Ahmes-Nefertari and pharaoh Amenophis I from Deir el Medina - Berlin ÄM 2060 and 2061 - 02,Minoan,General / Decorative,Late Bronze Age,,,Aegean Prehistoric,Crete,Heraklion Archaeological Museum,35.29732,25.16296,approximate,https://commons.wikimedia.org/wiki/Special:FilePath/Wall_painting_of_queen_Ahmes-Nefertari_and_pharaoh_Amenophis_I_from_Deir_el_Medina_-_Berlin_%C3%84M_2060_and_2061_-_02.jpg?width=400,ArchaiOptix,CC BY-SA 4.0,https://creativecommons.org/licenses/by-sa/4.0,https://commons.wikimedia.org/wiki/File:Wall_painting_of_queen_Ahmes-Nefertari_and_pharaoh_Amenophis_I_from_Deir_el_Medina_-_Berlin_%C3%84M_2060_and_2061_-_02.jpg,,Wall painting of queen Ahmes-Nefertari and pharaoh Amenophis I from Deir el Medina - Berlin ÄM 2060 and 2061 - 02
aegean-prehistoric-wall-painting-of-queen-ahmes-nefertari-and-pharaoh-amenophis-i-from-deir-el-medina-berlin-m-2060-and-2061-03,Wall painting of queen Ahmes-Nefertari and pharaoh Amenophis I from Deir el Medina - Berlin ÄM 2060 and 2061 - 03,Minoan,General / Decorative,Late Bronze Age,,,Aegean Prehistoric,Crete,Heraklion Archaeological Museum,35.29882,25.16147,approximate,https://commons.wikimedia.org/wiki/Special:FilePath/Wall_painting_of_queen_Ahmes-Nefertari_and_pharaoh_Amenophis_I_from_Deir_el_Medina_-_Berlin_%C3%84M_2060_and_2061_-_03.jpg?width=400,ArchaiOptix,CC BY-SA 4.0,https://creativecommons.org/licenses/by-sa/4.0,https://commons.wikimedia.org/wiki/File:Wall_painting_of_queen_Ahmes-Nefertari_and_pharaoh_Amenophis_I_from_Deir_el_Medina_-_Berlin_%C3%84M_2060_and_2061_-_03.jpg,,Wall painting of queen Ahmes-Nefertari and pharaoh Amenophis I from Deir el Medina - Berlin ÄM 2060 and 2061 - 03
aegean-prehistoric-wall-painting-of-queen-ahmes-nefertari-and-pharaoh-amenophis-i-from-deir-el-medina-berlin-m-2060-and-2061-04,Wall painting of queen Ahmes-Nefertari and pharaoh Amenophis I from Deir el Medina - Berlin ÄM 2060 and 2061 - 04,Minoan,General / Decorative,Late Bronze Age,,,Aegean Prehistoric,Crete,Heraklion Archaeological Museum,35.29737,25.16315,approximate,https://commons.wikimedia.org/wiki/Special:FilePath/Wall_painting_of_queen_Ahmes-Nefertari_and_pharaoh_Amenophis_I_from_Deir_el_Medina_-_Berlin_%C3%84M_2060_and_2061_-_04.jpg?width=400,ArchaiOptix,CC BY-SA 4.0,https://creativecommons.org/licenses/by-sa/4.0,https://commons.wikimedia.org/wiki/File:Wall_painting_of_queen_Ahmes-Nefertari_and_pharaoh_Amenophis_I_from_Deir_el_Medina_-_Berlin_%C3%84M_2060_and_2061_-_04.jpg,,Wall painting of queen Ahmes-Nefertari and pharaoh Amenophis I from Deir el Medina - Berlin ÄM 2060 and 2061 - 04
athens-painted-terracotta-metope-from-thermos-temple-of-apollon-athens-nam-ad-2-01,Painted terracotta metope from Thermos (temple of Apollon) - Athens NAM AD 2 - 01,Minoan,General / Decorative,Orientalizing Period,,,Athens,Attica,"National Archaeological Museum, Athens",37.98942,23.73226,approximate,https://commons.wikimedia.org/wiki/Special:FilePath/Painted_terracotta_metopes_from_Thermos_%28temple_of_Apollon%29_-_Athens_NAM_AD_2_-_01.jpg?width=400,ArchaiOptix,CC BY-SA 4.0,https://creativecommons.org/licenses/by-sa/4.0,https://commons.wikimedia.org/wiki/File:Painted_terracotta_metopes_from_Thermos_%28temple_of_Apollon%29_-_Athens_NAM_AD_2_-_01.jpg,,Painted terracotta metope from Thermos (temple of Apollon) - Athens NAM AD 2 - 01
athens-painted-terracotta-metope-from-thermos-temple-of-apollon-athens-nam-ad-2-02,Painted terracotta metope from Thermos (temple of Apollon) - Athens NAM AD 2 - 02,Minoan,General / Decorative,Orientalizing Period,,,Athens,Attica,"National Archaeological Museum, Athens",37.98942,23.73155,approximate,https://commons.wikimedia.org/wiki/Special:FilePath/Painted_terracotta_metopes_from_Thermos_%28temple_of_Apollon%29_-_Athens_NAM_AD_2_-_02.jpg?width=400,ArchaiOptix,CC BY-SA 4.0,https://creativecommons.org/licenses/by-sa/4.0,https://commons.wikimedia.org/wiki/File:Painted_terracotta_metopes_from_Thermos_%28temple_of_Apollon%29_-_Athens_NAM_AD_2_-_02.jpg,,Painted terracotta metope from Thermos (temple of Apollon) - Athens NAM AD 2 - 02
athens-painted-terracotta-metope-from-thermos-temple-of-apollon-athens-nam-ad-2-03,Painted terracotta metope from Thermos (temple of Apollon) - Athens NAM AD 2 - 03,Minoan,General / Decorative,Orientalizing Period,,,Athens,Attica,"National Archaeological Museum, Athens",37.98998,23.7325,approximate,https://commons.wikimedia.org/wiki/Special:FilePath/Painted_terracotta_metopes_from_Thermos_%28temple_of_Apollon%29_-_Athens_NAM_AD_2_-_03.jpg?width=400,ArchaiOptix,CC BY-SA 4.0,https://creativecommons.org/licenses/by-sa/4.0,https://commons.wikimedia.org/wiki/File:Painted_terracotta_metopes_from_Thermos_%28temple_of_Apollon%29_-_Athens_NAM_AD_2_-_03.jpg,,Painted terracotta metope from Thermos (temple of Apollon) - Athens NAM AD 2 - 03
athens-painted-terracotta-metope-from-thermos-temple-of-apollon-athens-nam-ad-2-04,Painted terracotta metope from Thermos (temple of Apollon) - Athens NAM AD 2 - 04,Minoan,General / Decorative,Orientalizing Period,,,Athens,Attica,"National Archaeological Museum, Athens",37.98987,23.7314,approximate,https://commons.wikimedia.org/wiki/Special:FilePath/Painted_terracotta_metopes_from_Thermos_%28temple_of_Apollon%29_-_Athens_NAM_AD_2_-_04.jpg?width=400,ArchaiOptix,CC BY-SA 4.0,https://creativecommons.org/licenses/by-sa/4.0,https://commons.wikimedia.org/wiki/File:Painted_terracotta_metopes_from_Thermos_%28temple_of_Apollon%29_-_Athens_NAM_AD_2_-_04.jpg,,Painted terracotta metope from Thermos (temple of Apollon) - Athens NAM AD 2 - 04
athens-painted-terracotta-metope-from-thermos-temple-of-apollon-athens-nam-ad-2-05,Painted terracotta metope from Thermos (temple of Apollon) - Athens NAM AD 2 - 05,Minoan,General / Decorative,Orientalizing Period,,,Athens,Attica,"National Archaeological Museum, Athens",37.98831,23.73296,approximate,https://commons.wikimedia.org/wiki/Special:FilePath/Painted_terracotta_metopes_from_Thermos_%28temple_of_Apollon%29_-_Athens_NAM_AD_2_-_05.jpg?width=400,ArchaiOptix,CC BY-SA 4.0,https://creativecommons.org/licenses/by-sa/4.0,https://commons.wikimedia.org/wiki/File:Painted_terracotta_metopes_from_Thermos_%28temple_of_Apollon%29_-_Athens_NAM_AD_2_-_05.jpg,,Painted terracotta metope from Thermos (temple of Apollon) - Athens NAM AD 2 - 05
athens-painted-terracotta-metope-from-thermos-temple-of-apollon-athens-nam-ad-2-06,Painted terracotta metope from Thermos (temple of Apollon) - Athens NAM AD 2 - 06,Minoan,General / Decorative,Orientalizing Period,,,Athens,Attica,"National Archaeological Museum, Athens",37.98863,23.73375,approximate,https://commons.wikimedia.org/wiki/Special:FilePath/Painted_terracotta_metopes_from_Thermos_%28temple_of_Apollon%29_-_Athens_NAM_AD_2_-_06.jpg?width=400,ArchaiOptix,CC BY-SA 4.0,https://creativecommons.org/licenses/by-sa/4.0,https://commons.wikimedia.org/wiki/File:Painted_terracotta_metopes_from_Thermos_%28temple_of_Apollon%29_-_Athens_NAM_AD_2_-_06.jpg,,Painted terracotta metope from Thermos (temple of Apollon) - Athens NAM AD 2 - 06
athens-painted-terracotta-metope-from-thermos-temple-of-apollon-athens-nam-ad-2-07,Painted terracotta metope from Thermos (temple of Apollon) - Athens NAM AD 2 - 07,Minoan,General / Decorative,Orientalizing Period,,,Athens,Attica,"National Archaeological Museum, Athens",37.9886,23.73297,approximate,https://commons.wikimedia.org/wiki/Special:FilePath/Painted_terracotta_metopes_from_Thermos_%28temple_of_Apollon%29_-_Athens_NAM_AD_2_-_07.jpg?width=400,ArchaiOptix,CC BY-SA 4.0,https://creativecommons.org/licenses/by-sa/4.0,https://commons.wikimedia.org/wiki/File:Painted_terracotta_metopes_from_Thermos_%28temple_of_Apollon%29_-_Athens_NAM_AD_2_-_07.jpg,,Painted terracotta metope from Thermos (temple of Apollon) - Athens NAM AD 2 - 07
athens-painted-terracotta-metope-from-thermos-temple-of-apollon-athens-nam-ad-2-08,Painted terracotta metope from Thermos (temple of Apollon) - Athens NAM AD 2 - 08,Minoan,General / Decorative,Orientalizing Period,,,Athens,Attica,"National Archaeological Museum, Athens",37.98999,23.7338,approximate,https://commons.wikimedia.org/wiki/Special:FilePath/Painted_terracotta_metopes_from_Thermos_%28temple_of_Apollon%29_-_Athens_NAM_AD_2_-_08.jpg?width=400,ArchaiOptix,CC BY-SA 4.0,https://creativecommons.org/licenses/by-sa/4.0,https://commons.wikimedia.org/wiki/File:Painted_terracotta_metopes_from_Thermos_%28temple_of_Apollon%29_-_Athens_NAM_AD_2_-_08.jpg,,Painted terracotta metope from Thermos (temple of Apollon) - Athens NAM AD 2 - 08
aegean-prehistoric-roof-tiles-painted-in-white-colour-from-building-g-at-acquarossa-animals-viterbo-mane-01,Roof tiles painted in white colour from building G at Acquarossa - animals - Viterbo MANE - 01,Minoan,General / Decorative,Orientalizing Period,,,Aegean Prehistoric,Crete,Heraklion Archaeological Museum,35.29765,25.16518,approximate,https://commons.wikimedia.org/wiki/Special:FilePath/Roof_tiles_painted_in_white_colour_from_building_G_at_Acquarossa_-_animals_-_Viterbo_MANE_-_01.jpg?width=400,ArchaiOptix,CC BY-SA 4.0,https://creativecommons.org/licenses/by-sa/4.0,https://commons.wikimedia.org/wiki/File:Roof_tiles_painted_in_white_colour_from_building_G_at_Acquarossa_-_animals_-_Viterbo_MANE_-_01.jpg,,Roof tiles painted in white colour from building G at Acquarossa - animals - Viterbo MANE - 01
aegean-prehistoric-roof-tiles-painted-in-white-colour-from-building-g-at-acquarossa-animals-viterbo-mane-02,Roof tiles painted in white colour from building G at Acquarossa - animals - Viterbo MANE - 02,Minoan,General / Decorative,Orientalizing Period,,,Aegean Prehistoric,Crete,Heraklion Archaeological Museum,35.29929,25.16221,approximate,https://commons.wikimedia.org/wiki/Special:FilePath/Roof_tiles_painted_in_white_colour_from_building_G_at_Acquarossa_-_animals_-_Viterbo_MANE_-_02.jpg?width=400,ArchaiOptix,CC BY-SA 4.0,https://creativecommons.org/licenses/by-sa/4.0,https://commons.wikimedia.org/wiki/File:Roof_tiles_painted_in_white_colour_from_building_G_at_Acquarossa_-_animals_-_Viterbo_MANE_-_02.jpg,,Roof tiles painted in white colour from building G at Acquarossa - animals - Viterbo MANE - 02
aegean-prehistoric-roof-tiles-painted-in-white-colour-from-building-g-at-acquarossa-animals-viterbo-mane-03,Roof tiles painted in white colour from building G at Acquarossa - animals - Viterbo MANE - 03,Minoan,General / Decorative,Orientalizing Period,,,Aegean Prehistoric,Crete,Heraklion Archaeological Museum,35.29802,25.16198,approximate,https://commons.wikimedia.org/wiki/Special:FilePath/Roof_tiles_painted_in_white_colour_from_building_G_at_Acquarossa_-_animals_-_Viterbo_MANE_-_03.jpg?width=400,ArchaiOptix,CC BY-SA 4.0,https://creativecommons.org/licenses/by-sa/4.0,https://commons.wikimedia.org/wiki/File:Roof_tiles_painted_in_white_colour_from_building_G_at_Acquarossa_-_animals_-_Viterbo_MANE_-_03.jpg,,Roof tiles painted in white colour from building G at Acquarossa - animals - Viterbo MANE - 03
cerveteri-painting-on-terracotta-panels-of-the-judgement-of-paris-from-cerveteri-boccanera-tomb-london-bm-1889-0410-1-01,Painting on terracotta panels of the judgement of Paris from Cerveteri (Boccanera tomb) - London BM 1889-0410-1 - 01,Etruscan,General / Decorative,High Archaic,,,Cerveteri,Lazio,National Etruscan Museum,41.99826,12.09851,approximate,https://commons.wikimedia.org/wiki/Special:FilePath/Painting_on_terracotta_panels_of_the_judgement_of_Paris_from_Cerveteri_%28Boccanera_tomb%29_-_London_BM_1889-0410-1_-_01.jpg?width=400,ArchaiOptix,CC BY-SA 4.0,https://creativecommons.org/licenses/by-sa/4.0,https://commons.wikimedia.org/wiki/File:Painting_on_terracotta_panels_of_the_judgement_of_Paris_from_Cerveteri_%28Boccanera_tomb%29_-_London_BM_1889-0410-1_-_01.jpg,,Painting on terracotta panels of the judgement of Paris from Cerveteri (Boccanera tomb) - London BM 1889-0410-1 - 01
cerveteri-painting-on-terracotta-panels-of-the-judgement-of-paris-from-cerveteri-boccanera-tomb-london-bm-1889-0410-1-02,Painting on terracotta panels of the judgement of Paris from Cerveteri (Boccanera tomb) - London BM 1889-0410-1 - 02,Etruscan,General / Decorative,High Archaic,,,Cerveteri,Lazio,National Etruscan Museum,41.9996,12.09751,approximate,https://commons.wikimedia.org/wiki/Special:FilePath/Painting_on_terracotta_panels_of_the_judgement_of_Paris_from_Cerveteri_%28Boccanera_tomb%29_-_London_BM_1889-0410-1_-_02.jpg?width=400,ArchaiOptix,CC BY-SA 4.0,https://creativecommons.org/licenses/by-sa/4.0,https://commons.wikimedia.org/wiki/File:Painting_on_terracotta_panels_of_the_judgement_of_Paris_from_Cerveteri_%28Boccanera_tomb%29_-_London_BM_1889-0410-1_-_02.jpg,,Painting on terracotta panels of the judgement of Paris from Cerveteri (Boccanera tomb) - London BM 1889-0410-1 - 02
cerveteri-painting-on-terracotta-panels-of-the-judgement-of-paris-from-cerveteri-boccanera-tomb-london-bm-1889-0410-1-03,Painting on terracotta panels of the judgement of Paris from Cerveteri (Boccanera tomb) - London BM 1889-0410-1 - 03,Etruscan,General / Decorative,High Archaic,,,Cerveteri,Lazio,National Etruscan Museum,41.99802,12.09753,approximate,https://commons.wikimedia.org/wiki/Special:FilePath/Painting_on_terracotta_panels_of_the_judgement_of_Paris_from_Cerveteri_%28Boccanera_tomb%29_-_London_BM_1889-0410-1_-_03.jpg?width=400,ArchaiOptix,CC BY-SA 4.0,https://creativecommons.org/licenses/by-sa/4.0,https://commons.wikimedia.org/wiki/File:Painting_on_terracotta_panels_of_the_judgement_of_Paris_from_Cerveteri_%28Boccanera_tomb%29_-_London_BM_1889-0410-1_-_03.jpg,,Painting on terracotta panels of the judgement of Paris from Cerveteri (Boccanera tomb) - London BM 1889-0410-1 - 03
cerveteri-painting-on-terracotta-panels-of-the-judgement-of-paris-from-cerveteri-boccanera-tomb-london-bm-1889-0410-1-04,Painting on terracotta panels of the judgement of Paris from Cerveteri (Boccanera tomb) - London BM 1889-0410-1 - 04,Etruscan,General / Decorative,High Archaic,,,Cerveteri,Lazio,National Etruscan Museum,41.99752,12.0989,approximate,https://commons.wikimedia.org/wiki/Special:FilePath/Painting_on_terracotta_panels_of_the_judgement_of_Paris_from_Cerveteri_%28Boccanera_tomb%29_-_London_BM_1889-0410-1_-_04.jpg?width=400,ArchaiOptix,CC BY-SA 4.0,https://creativecommons.org/licenses/by-sa/4.0,https://commons.wikimedia.org/wiki/File:Painting_on_terracotta_panels_of_the_judgement_of_Paris_from_Cerveteri_%28Boccanera_tomb%29_-_London_BM_1889-0410-1_-_04.jpg,,Painting on terracotta panels of the judgement of Paris from Cerveteri (Boccanera tomb) - London BM 1889-0410-1 - 04
aegean-prehistoric-painting-on-wood-panel-of-sacrificial-procession-from-pitsa-cave-of-the-charites-athen-nam-16464,Painting on wood panel of sacrificial procession from Pitsa (cave of the Charites) - Athen NAM 16464,Minoan,Ritual & Religion,Ripe Archaic,,,Aegean Prehistoric,Crete,Heraklion Archaeological Museum,35.29745,25.16178,approximate,https://commons.wikimedia.org/wiki/Special:FilePath/Painting_on_wood_panel_of_sacrificial_procession_from_Pitsa_%28cave_of_the_Charites%29_-_Athen_NAM_16464.jpg?width=400,ArchaiOptix,CC BY-SA 4.0,https://creativecommons.org/licenses/by-sa/4.0,https://commons.wikimedia.org/wiki/File:Painting_on_wood_panel_of_sacrificial_procession_from_Pitsa_%28cave_of_the_Charites%29_-_Athen_NAM_16464.jpg,,Painting on wood panel of sacrificial procession from Pitsa (cave of the Charites) - Athen NAM 16464
aegean-prehistoric-painting-on-marble-tomb-stele-head-of-youth-from-attica-berlin-as-sk-734,Painting on marble tomb stele - head of youth - from Attica - Berlin AS Sk 734,Minoan,General / Decorative,Late Archaic,,,Aegean Prehistoric,Crete,Heraklion Archaeological Museum,35.29604,25.16377,approximate,https://commons.wikimedia.org/wiki/Special:FilePath/Painting_on_marble_tomb_stele_-_head_of_youth_-_from_Attica_-_Berlin_AS_Sk_734.jpg?width=400,ArchaiOptix,CC BY-SA 4.0,https://creativecommons.org/licenses/by-sa/4.0,https://commons.wikimedia.org/wiki/File:Painting_on_marble_tomb_stele_-_head_of_youth_-_from_Attica_-_Berlin_AS_Sk_734.jpg,,Painting on marble tomb stele - head of youth - from Attica - Berlin AS Sk 734
tarquinia-house-shaped-painted-terracotta-urn-youths-with-horses-tarquinia-man,House-shaped painted terracotta urn - youths with horses - Tarquinia MAN,Etruscan,General / Decorative,Late Archaic,,,Tarquinia,Lazio,Tarquinia National Museum,42.25371,11.75969,approximate,https://commons.wikimedia.org/wiki/Special:FilePath/House-shaped_painted_terracotta_urn_-_youths_with_horses_-_Tarquinia_MAN.jpg?width=400,ArchaiOptix,CC BY-SA 4.0,https://creativecommons.org/licenses/by-sa/4.0,https://commons.wikimedia.org/wiki/File:House-shaped_painted_terracotta_urn_-_youths_with_horses_-_Tarquinia_MAN.jpg,,House-shaped painted terracotta urn - youths with horses - Tarquinia MAN
aegean-prehistoric-painted-architectural-terracotta-panels-from-pyrgi-geometric-and-floral-ornament-roma-mnevg-01,Painted architectural terracotta panels from Pyrgi - geometric and floral ornament - Roma MNEVG - 01,Minoan,Architecture & Pattern,Late Archaic,,,Aegean Prehistoric,Crete,Heraklion Archaeological Museum,35.29811,25.1617,approximate,https://commons.wikimedia.org/wiki/Special:FilePath/Painted_architectural_terracotta_panels_from_Pyrgi_-_geometric_and_floral_ornament_-_Roma_MNEVG_-_01.jpg?width=400,ArchaiOptix,CC BY-SA 4.0,https://creativecommons.org/licenses/by-sa/4.0,https://commons.wikimedia.org/wiki/File:Painted_architectural_terracotta_panels_from_Pyrgi_-_geometric_and_floral_ornament_-_Roma_MNEVG_-_01.jpg,,Painted architectural terracotta panels from Pyrgi - geometric and floral ornament - Roma MNEVG - 01
aegean-prehistoric-painted-architectural-terracotta-panels-from-pyrgi-geometric-and-floral-ornament-roma-mnevg-02,Painted architectural terracotta panels from Pyrgi - geometric and floral ornament - Roma MNEVG - 02,Minoan,Architecture & Pattern,Late Archaic,,,Aegean Prehistoric,Crete,Heraklion Archaeological Museum,35.29888,25.16165,approximate,https://commons.wikimedia.org/wiki/Special:FilePath/Painted_architectural_terracotta_panels_from_Pyrgi_-_geometric_and_floral_ornament_-_Roma_MNEVG_-_02.jpg?width=400,ArchaiOptix,CC BY-SA 4.0,https://creativecommons.org/licenses/by-sa/4.0,https://commons.wikimedia.org/wiki/File:Painted_architectural_terracotta_panels_from_Pyrgi_-_geometric_and_floral_ornament_-_Roma_MNEVG_-_02.jpg,,Painted architectural terracotta panels from Pyrgi - geometric and floral ornament - Roma MNEVG - 02
cerveteri-painted-terracotta-placque-from-caere-warrior-cerveteri-man-60157-01,Painted terracotta placque from Caere - warrior - Cerveteri MAN 60157 - 01,Etruscan,Human & Daily Life,Late Archaic,,,Cerveteri,Lazio,National Etruscan Museum,41.99896,12.09865,approximate,https://commons.wikimedia.org/wiki/Special:FilePath/Painted_terracotta_placque_from_Caere_-_warrior_-_Cerveteri_MAN_60157_-_01.jpg?width=400,ArchaiOptix,CC BY-SA 4.0,https://creativecommons.org/licenses/by-sa/4.0,https://commons.wikimedia.org/wiki/File:Painted_terracotta_placque_from_Caere_-_warrior_-_Cerveteri_MAN_60157_-_01.jpg,,Painted terracotta placque from Caere - warrior - Cerveteri MAN 60157 - 01
cerveteri-painted-terracotta-placque-from-caere-warrior-cerveteri-man-60157-02,Painted terracotta placque from Caere - warrior - Cerveteri MAN 60157 - 02,Etruscan,Human & Daily Life,Late Archaic,,,Cerveteri,Lazio,National Etruscan Museum,41.99713,12.09764,approximate,https://commons.wikimedia.org/wiki/Special:FilePath/Painted_terracotta_placque_from_Caere_-_warrior_-_Cerveteri_MAN_60157_-_02.jpg?width=400,ArchaiOptix,CC BY-SA 4.0,https://creativecommons.org/licenses/by-sa/4.0,https://commons.wikimedia.org/wiki/File:Painted_terracotta_placque_from_Caere_-_warrior_-_Cerveteri_MAN_60157_-_02.jpg,,Painted terracotta placque from Caere - warrior - Cerveteri MAN 60157 - 02
cerveteri-painted-terracotta-placque-from-caere-warrior-cerveteri-man-60157-03,Painted terracotta placque from Caere - warrior - Cerveteri MAN 60157 - 03,Etruscan,Human & Daily Life,Late Archaic,,,Cerveteri,Lazio,National Etruscan Museum,41.99931,12.09748,approximate,https://commons.wikimedia.org/wiki/Special:FilePath/Painted_terracotta_placque_from_Caere_-_warrior_-_Cerveteri_MAN_60157_-_03.jpg?width=400,ArchaiOptix,CC BY-SA 4.0,https://creativecommons.org/licenses/by-sa/4.0,https://commons.wikimedia.org/wiki/File:Painted_terracotta_placque_from_Caere_-_warrior_-_Cerveteri_MAN_60157_-_03.jpg,,Painted terracotta placque from Caere - warrior - Cerveteri MAN 60157 - 03
cerveteri-painted-terracotta-placque-from-caere-two-warriors-cerveteri-man-2013-4-385-01,Painted terracotta placque from Caere - two warriors - Cerveteri MAN 2013-4-385 - 01,Etruscan,Human & Daily Life,Late Archaic,,,Cerveteri,Lazio,National Etruscan Museum,41.99875,12.09815,approximate,https://commons.wikimedia.org/wiki/Special:FilePath/Painted_terracotta_placque_from_Caere_-_two_warriors_-_Cerveteri_MAN_2013-4-385_-_01.jpg?width=400,ArchaiOptix,CC BY-SA 4.0,https://creativecommons.org/licenses/by-sa/4.0,https://commons.wikimedia.org/wiki/File:Painted_terracotta_placque_from_Caere_-_two_warriors_-_Cerveteri_MAN_2013-4-385_-_01.jpg,,Painted terracotta placque from Caere - two warriors - Cerveteri MAN 2013-4-385 - 01
cerveteri-painted-terracotta-placque-from-caere-two-warriors-cerveteri-man-2013-4-385-02,Painted terracotta placque from Caere - two warriors - Cerveteri MAN 2013-4-385 - 02,Etruscan,Human & Daily Life,Late Archaic,,,Cerveteri,Lazio,National Etruscan Museum,41.99981,12.0975,approximate,https://commons.wikimedia.org/wiki/Special:FilePath/Painted_terracotta_placque_from_Caere_-_two_warriors_-_Cerveteri_MAN_2013-4-385_-_02.jpg?width=400,ArchaiOptix,CC BY-SA 4.0,https://creativecommons.org/licenses/by-sa/4.0,https://commons.wikimedia.org/wiki/File:Painted_terracotta_placque_from_Caere_-_two_warriors_-_Cerveteri_MAN_2013-4-385_-_02.jpg,,Painted terracotta placque from Caere - two warriors - Cerveteri MAN 2013-4-385 - 02
cerveteri-painted-terracotta-placque-from-caere-two-warriors-cerveteri-man-2013-4-385-03,Painted terracotta placque from Caere - two warriors - Cerveteri MAN 2013-4-385 - 03,Etruscan,Human & Daily Life,Late Archaic,,,Cerveteri,Lazio,National Etruscan Museum,41.99747,12.09917,approximate,https://commons.wikimedia.org/wiki/Special:FilePath/Painted_terracotta_placque_from_Caere_-_two_warriors_-_Cerveteri_MAN_2013-4-385_-_03.jpg?width=400,ArchaiOptix,CC BY-SA 4.0,https://creativecommons.org/licenses/by-sa/4.0,https://commons.wikimedia.org/wiki/File:Painted_terracotta_placque_from_Caere_-_two_warriors_-_Cerveteri_MAN_2013-4-385_-_03.jpg,,Painted terracotta placque from Caere - two warriors - Cerveteri MAN 2013-4-385 - 03
aegean-prehistoric-painted-terracotta-panel-from-caere-youth-with-petasos-and-stick-roma-sabap-rvem-01,Painted terracotta panel from Caere - youth with petasos and stick - Roma SABAP-RVEm - 01,Minoan,General / Decorative,Late Archaic,,,Aegean Prehistoric,Crete,Heraklion Archaeological Museum,35.29898,25.16125,approximate,https://commons.wikimedia.org/wiki/Special:FilePath/Painted_terracotta_panel_from_Caere_-_youth_with_petasos_and_stick_-_Roma_SABAP-RVEm_-_01.jpg?width=400,ArchaiOptix,CC BY-SA 4.0,https://creativecommons.org/licenses/by-sa/4.0,https://commons.wikimedia.org/wiki/File:Painted_terracotta_panel_from_Caere_-_youth_with_petasos_and_stick_-_Roma_SABAP-RVEm_-_01.jpg,,Painted terracotta panel from Caere - youth with petasos and stick - Roma SABAP-RVEm - 01
aegean-prehistoric-painted-terracotta-panel-from-caere-youth-with-petasos-and-stick-roma-sabap-rvem-02,Painted terracotta panel from Caere - youth with petasos and stick - Roma SABAP-RVEm - 02,Minoan,General / Decorative,Late Archaic,,,Aegean Prehistoric,Crete,Heraklion Archaeological Museum,35.29998,25.16277,approximate,https://commons.wikimedia.org/wiki/Special:FilePath/Painted_terracotta_panel_from_Caere_-_youth_with_petasos_and_stick_-_Roma_SABAP-RVEm_-_02.jpg?width=400,ArchaiOptix,CC BY-SA 4.0,https://creativecommons.org/licenses/by-sa/4.0,https://commons.wikimedia.org/wiki/File:Painted_terracotta_panel_from_Caere_-_youth_with_petasos_and_stick_-_Roma_SABAP-RVEm_-_02.jpg,,Painted terracotta panel from Caere - youth with petasos and stick - Roma SABAP-RVEm - 02
saqqara-painting-on-wood-panel-of-a-seated-woman-from-saqqara-london-bm-1975-0728-1,Painting on wood panel of a seated woman from Saqqara - London BM 1975-0728-1,Egyptian,General / Decorative,Classical,,,Saqqara,Egypt,Imhotep Museum,29.87236,31.21574,approximate,https://commons.wikimedia.org/wiki/Special:FilePath/Painting_on_wood_panel_of_a_seated_woman_from_Saqqara_-_London_BM_1975-0728-1.jpg?width=400,ArchaiOptix,CC BY-SA 4.0,https://creativecommons.org/licenses/by-sa/4.0,https://commons.wikimedia.org/wiki/File:Painting_on_wood_panel_of_a_seated_woman_from_Saqqara_-_London_BM_1975-0728-1.jpg,,Painting on wood panel of a seated woman from Saqqara - London BM 1975-0728-1
tarquinia-wall-painting-in-the-tomb-of-the-funerary-bed-in-tarquinia-funerary-games-and-symposion-around-catafalque-roma-mnevg-01,Wall painting in the tomb of the funerary bed in Tarquinia - funerary games and symposion around catafalque - Roma MNEVG - 01,Etruscan,Animal,Early Classical,,,Tarquinia,Lazio,Tarquinia National Museum,42.25215,11.75718,approximate,https://commons.wikimedia.org/wiki/Special:FilePath/Wall_painting_in_the_tomb_of_the_funerary_bed_in_Tarquinia_-_funerary_games_and_symposion_around_catafalque_-_Roma_MNEVG_-_01.jpg?width=400,ArchaiOptix,CC BY-SA 4.0,https://creativecommons.org/licenses/by-sa/4.0,https://commons.wikimedia.org/wiki/File:Wall_painting_in_the_tomb_of_the_funerary_bed_in_Tarquinia_-_funerary_games_and_symposion_around_catafalque_-_Roma_MNEVG_-_01.jpg,,Wall painting in the tomb of the funerary bed in Tarquinia - funerary games and symposion around catafalque - Roma MNEVG - 01
tarquinia-wall-painting-in-the-tomb-of-the-funerary-bed-in-tarquinia-funerary-games-and-symposion-around-catafalque-roma-mnevg-02,Wall painting in the tomb of the funerary bed in Tarquinia - funerary games and symposion around catafalque - Roma MNEVG - 02,Etruscan,Animal,Early Classical,,,Tarquinia,Lazio,Tarquinia National Museum,42.25292,11.75723,approximate,https://commons.wikimedia.org/wiki/Special:FilePath/Wall_painting_in_the_tomb_of_the_funerary_bed_in_Tarquinia_-_funerary_games_and_symposion_around_catafalque_-_Roma_MNEVG_-_02.jpg?width=400,ArchaiOptix,CC BY-SA 4.0,https://creativecommons.org/licenses/by-sa/4.0,https://commons.wikimedia.org/wiki/File:Wall_painting_in_the_tomb_of_the_funerary_bed_in_Tarquinia_-_funerary_games_and_symposion_around_catafalque_-_Roma_MNEVG_-_02.jpg,,Wall painting in the tomb of the funerary bed in Tarquinia - funerary games and symposion around catafalque - Roma MNEVG - 02
tarquinia-wall-painting-in-the-tomb-of-the-funerary-bed-in-tarquinia-funerary-games-and-symposion-around-catafalque-roma-mnevg-03,Wall painting in the tomb of the funerary bed in Tarquinia - funerary games and symposion around catafalque - Roma MNEVG - 03,Etruscan,Animal,Early Classical,,,Tarquinia,Lazio,Tarquinia National Museum,42.25488,11.7569,approximate,https://commons.wikimedia.org/wiki/Special:FilePath/Wall_painting_in_the_tomb_of_the_funerary_bed_in_Tarquinia_-_funerary_games_and_symposion_around_catafalque_-_Roma_MNEVG_-_03.jpg?width=400,ArchaiOptix,CC BY-SA 4.0,https://creativecommons.org/licenses/by-sa/4.0,https://commons.wikimedia.org/wiki/File:Wall_painting_in_the_tomb_of_the_funerary_bed_in_Tarquinia_-_funerary_games_and_symposion_around_catafalque_-_Roma_MNEVG_-_03.jpg,,Wall painting in the tomb of the funerary bed in Tarquinia - funerary games and symposion around catafalque - Roma MNEVG - 03
tarquinia-wall-painting-in-the-tomb-of-the-funerary-bed-in-tarquinia-funerary-games-and-symposion-around-catafalque-roma-mnevg-04,Wall painting in the tomb of the funerary bed in Tarquinia - funerary games and symposion around catafalque - Roma MNEVG - 04,Etruscan,Animal,Early Classical,,,Tarquinia,Lazio,Tarquinia National Museum,42.25327,11.75923,approximate,https://commons.wikimedia.org/wiki/Special:FilePath/Wall_painting_in_the_tomb_of_the_funerary_bed_in_Tarquinia_-_funerary_games_and_symposion_around_catafalque_-_Roma_MNEVG_-_04.jpg?width=400,ArchaiOptix,CC BY-SA 4.0,https://creativecommons.org/licenses/by-sa/4.0,https://commons.wikimedia.org/wiki/File:Wall_painting_in_the_tomb_of_the_funerary_bed_in_Tarquinia_-_funerary_games_and_symposion_around_catafalque_-_Roma_MNEVG_-_04.jpg,,Wall painting in the tomb of the funerary bed in Tarquinia - funerary games and symposion around catafalque - Roma MNEVG - 04
tarquinia-wall-painting-in-the-tomb-of-the-funerary-bed-in-tarquinia-funerary-games-and-symposion-around-catafalque-roma-mnevg-05,Wall painting in the tomb of the funerary bed in Tarquinia - funerary games and symposion around catafalque - Roma MNEVG - 05,Etruscan,Animal,Early Classical,,,Tarquinia,Lazio,Tarquinia National Museum,42.25383,11.75786,approximate,https://commons.wikimedia.org/wiki/Special:FilePath/Wall_painting_in_the_tomb_of_the_funerary_bed_in_Tarquinia_-_funerary_games_and_symposion_around_catafalque_-_Roma_MNEVG_-_05.jpg?width=400,ArchaiOptix,CC BY-SA 4.0,https://creativecommons.org/licenses/by-sa/4.0,https://commons.wikimedia.org/wiki/File:Wall_painting_in_the_tomb_of_the_funerary_bed_in_Tarquinia_-_funerary_games_and_symposion_around_catafalque_-_Roma_MNEVG_-_05.jpg,,Wall painting in the tomb of the funerary bed in Tarquinia - funerary games and symposion around catafalque - Roma MNEVG - 05
tarquinia-wall-painting-in-the-tomb-of-the-funerary-bed-in-tarquinia-funerary-games-and-symposion-around-catafalque-roma-mnevg-06,Wall painting in the tomb of the funerary bed in Tarquinia - funerary games and symposion around catafalque - Roma MNEVG - 06,Etruscan,Animal,Early Classical,,,Tarquinia,Lazio,Tarquinia National Museum,42.25232,11.75837,approximate,https://commons.wikimedia.org/wiki/Special:FilePath/Wall_painting_in_the_tomb_of_the_funerary_bed_in_Tarquinia_-_funerary_games_and_symposion_around_catafalque_-_Roma_MNEVG_-_06.jpg?width=400,ArchaiOptix,CC BY-SA 4.0,https://creativecommons.org/licenses/by-sa/4.0,https://commons.wikimedia.org/wiki/File:Wall_painting_in_the_tomb_of_the_funerary_bed_in_Tarquinia_-_funerary_games_and_symposion_around_catafalque_-_Roma_MNEVG_-_06.jpg,,Wall painting in the tomb of the funerary bed in Tarquinia - funerary games and symposion around catafalque - Roma MNEVG - 06
tarquinia-wall-painting-in-the-tomb-of-the-funerary-bed-in-tarquinia-funerary-games-and-symposion-around-catafalque-roma-mnevg-07,Wall painting in the tomb of the funerary bed in Tarquinia - funerary games and symposion around catafalque - Roma MNEVG - 07,Etruscan,Animal,Early Classical,,,Tarquinia,Lazio,Tarquinia National Museum,42.25315,11.75864,approximate,https://commons.wikimedia.org/wiki/Special:FilePath/Wall_painting_in_the_tomb_of_the_funerary_bed_in_Tarquinia_-_funerary_games_and_symposion_around_catafalque_-_Roma_MNEVG_-_07.jpg?width=400,ArchaiOptix,CC BY-SA 4.0,https://creativecommons.org/licenses/by-sa/4.0,https://commons.wikimedia.org/wiki/File:Wall_painting_in_the_tomb_of_the_funerary_bed_in_Tarquinia_-_funerary_games_and_symposion_around_catafalque_-_Roma_MNEVG_-_07.jpg,,Wall painting in the tomb of the funerary bed in Tarquinia - funerary games and symposion around catafalque - Roma MNEVG - 07
tarquinia-wall-painting-in-the-tomb-of-the-funerary-bed-in-tarquinia-funerary-games-and-symposion-around-catafalque-roma-mnevg-08,Wall painting in the tomb of the funerary bed in Tarquinia - funerary games and symposion around catafalque - Roma MNEVG - 08,Etruscan,Animal,Early Classical,,,Tarquinia,Lazio,Tarquinia National Museum,42.25254,11.75917,approximate,https://commons.wikimedia.org/wiki/Special:FilePath/Wall_painting_in_the_tomb_of_the_funerary_bed_in_Tarquinia_-_funerary_games_and_symposion_around_catafalque_-_Roma_MNEVG_-_08.jpg?width=400,ArchaiOptix,CC BY-SA 4.0,https://creativecommons.org/licenses/by-sa/4.0,https://commons.wikimedia.org/wiki/File:Wall_painting_in_the_tomb_of_the_funerary_bed_in_Tarquinia_-_funerary_games_and_symposion_around_catafalque_-_Roma_MNEVG_-_08.jpg,,Wall painting in the tomb of the funerary bed in Tarquinia - funerary games and symposion around catafalque - Roma MNEVG - 08
tarquinia-wall-painting-in-the-tomb-of-the-funerary-bed-in-tarquinia-funerary-games-and-symposion-around-catafalque-roma-mnevg-09,Wall painting in the tomb of the funerary bed in Tarquinia - funerary games and symposion around catafalque - Roma MNEVG - 09,Etruscan,Animal,Early Classical,,,Tarquinia,Lazio,Tarquinia National Museum,42.25392,11.75841,approximate,https://commons.wikimedia.org/wiki/Special:FilePath/Wall_painting_in_the_tomb_of_the_funerary_bed_in_Tarquinia_-_funerary_games_and_symposion_around_catafalque_-_Roma_MNEVG_-_09.jpg?width=400,ArchaiOptix,CC BY-SA 4.0,https://creativecommons.org/licenses/by-sa/4.0,https://commons.wikimedia.org/wiki/File:Wall_painting_in_the_tomb_of_the_funerary_bed_in_Tarquinia_-_funerary_games_and_symposion_around_catafalque_-_Roma_MNEVG_-_09.jpg,,Wall painting in the tomb of the funerary bed in Tarquinia - funerary games and symposion around catafalque - Roma MNEVG - 09
tarquinia-painted-marble-sarcophagus-amazonomachy-from-tarquinia-firenze-man-5811-01,Painted marble sarcophagus - amazonomachy - from Tarquinia - Firenze MAN 5811 - 01,Etruscan,General / Decorative,Late Classical,,,Tarquinia,Lazio,Tarquinia National Museum,42.25363,11.75933,approximate,https://commons.wikimedia.org/wiki/Special:FilePath/Painted_marble_sarcophagus_-_amazonomachy_-_from_Tarquinia_-_Firenze_MAN_5811_-_01.jpg?width=400,ArchaiOptix,CC BY-SA 4.0,https://creativecommons.org/licenses/by-sa/4.0,https://commons.wikimedia.org/wiki/File:Painted_marble_sarcophagus_-_amazonomachy_-_from_Tarquinia_-_Firenze_MAN_5811_-_01.jpg,,Painted marble sarcophagus - amazonomachy - from Tarquinia - Firenze MAN 5811 - 01
tarquinia-painted-marble-sarcophagus-amazonomachy-from-tarquinia-firenze-man-5811-02,Painted marble sarcophagus - amazonomachy - from Tarquinia - Firenze MAN 5811 - 02,Etruscan,General / Decorative,Late Classical,,,Tarquinia,Lazio,Tarquinia National Museum,42.25267,11.75824,approximate,https://commons.wikimedia.org/wiki/Special:FilePath/Painted_marble_sarcophagus_-_amazonomachy_-_from_Tarquinia_-_Firenze_MAN_5811_-_02.jpg?width=400,ArchaiOptix,CC BY-SA 4.0,https://creativecommons.org/licenses/by-sa/4.0,https://commons.wikimedia.org/wiki/File:Painted_marble_sarcophagus_-_amazonomachy_-_from_Tarquinia_-_Firenze_MAN_5811_-_02.jpg,,Painted marble sarcophagus - amazonomachy - from Tarquinia - Firenze MAN 5811 - 02
tarquinia-painted-marble-sarcophagus-amazonomachy-from-tarquinia-firenze-man-5811-03,Painted marble sarcophagus - amazonomachy - from Tarquinia - Firenze MAN 5811 - 03,Etruscan,General / Decorative,Late Classical,,,Tarquinia,Lazio,Tarquinia National Museum,42.25359,11.75894,approximate,https://commons.wikimedia.org/wiki/Special:FilePath/Painted_marble_sarcophagus_-_amazonomachy_-_from_Tarquinia_-_Firenze_MAN_5811_-_03.jpg?width=400,ArchaiOptix,CC BY-SA 4.0,https://creativecommons.org/licenses/by-sa/4.0,https://commons.wikimedia.org/wiki/File:Painted_marble_sarcophagus_-_amazonomachy_-_from_Tarquinia_-_Firenze_MAN_5811_-_03.jpg,,Painted marble sarcophagus - amazonomachy - from Tarquinia - Firenze MAN 5811 - 03
tarquinia-painted-marble-sarcophagus-amazonomachy-from-tarquinia-firenze-man-5811-04,Painted marble sarcophagus - amazonomachy - from Tarquinia - Firenze MAN 5811 - 04,Etruscan,General / Decorative,Late Classical,,,Tarquinia,Lazio,Tarquinia National Museum,42.25457,11.75803,approximate,https://commons.wikimedia.org/wiki/Special:FilePath/Painted_marble_sarcophagus_-_amazonomachy_-_from_Tarquinia_-_Firenze_MAN_5811_-_04.jpg?width=400,ArchaiOptix,CC BY-SA 4.0,https://creativecommons.org/licenses/by-sa/4.0,https://commons.wikimedia.org/wiki/File:Painted_marble_sarcophagus_-_amazonomachy_-_from_Tarquinia_-_Firenze_MAN_5811_-_04.jpg,,Painted marble sarcophagus - amazonomachy - from Tarquinia - Firenze MAN 5811 - 04
tarquinia-painted-marble-sarcophagus-amazonomachy-from-tarquinia-firenze-man-5811-05,Painted marble sarcophagus - amazonomachy - from Tarquinia - Firenze MAN 5811 - 05,Etruscan,General / Decorative,Late Classical,,,Tarquinia,Lazio,Tarquinia National Museum,42.25282,11.75839,approximate,https://commons.wikimedia.org/wiki/Special:FilePath/Painted_marble_sarcophagus_-_amazonomachy_-_from_Tarquinia_-_Firenze_MAN_5811_-_05.jpg?width=400,ArchaiOptix,CC BY-SA 4.0,https://creativecommons.org/licenses/by-sa/4.0,https://commons.wikimedia.org/wiki/File:Painted_marble_sarcophagus_-_amazonomachy_-_from_Tarquinia_-_Firenze_MAN_5811_-_05.jpg,,Painted marble sarcophagus - amazonomachy - from Tarquinia - Firenze MAN 5811 - 05
tarquinia-painted-marble-sarcophagus-amazonomachy-from-tarquinia-firenze-man-5811-06,Painted marble sarcophagus - amazonomachy - from Tarquinia - Firenze MAN 5811 - 06,Etruscan,General / Decorative,Late Classical,,,Tarquinia,Lazio,Tarquinia National Museum,42.25469,11.7571,approximate,https://commons.wikimedia.org/wiki/Special:FilePath/Painted_marble_sarcophagus_-_amazonomachy_-_from_Tarquinia_-_Firenze_MAN_5811_-_06.jpg?width=400,ArchaiOptix,CC BY-SA 4.0,https://creativecommons.org/licenses/by-sa/4.0,https://commons.wikimedia.org/wiki/File:Painted_marble_sarcophagus_-_amazonomachy_-_from_Tarquinia_-_Firenze_MAN_5811_-_06.jpg,,Painted marble sarcophagus - amazonomachy - from Tarquinia - Firenze MAN 5811 - 06
tarquinia-painted-marble-sarcophagus-amazonomachy-from-tarquinia-firenze-man-5811-07,Painted marble sarcophagus - amazonomachy - from Tarquinia - Firenze MAN 5811 - 07,Etruscan,General / Decorative,Late Classical,,,Tarquinia,Lazio,Tarquinia National Museum,42.25251,11.75882,approximate,https://commons.wikimedia.org/wiki/Special:FilePath/Painted_marble_sarcophagus_-_amazonomachy_-_from_Tarquinia_-_Firenze_MAN_5811_-_07.jpg?width=400,ArchaiOptix,CC BY-SA 4.0,https://creativecommons.org/licenses/by-sa/4.0,https://commons.wikimedia.org/wiki/File:Painted_marble_sarcophagus_-_amazonomachy_-_from_Tarquinia_-_Firenze_MAN_5811_-_07.jpg,,Painted marble sarcophagus - amazonomachy - from Tarquinia - Firenze MAN 5811 - 07
tarquinia-painted-marble-sarcophagus-amazonomachy-from-tarquinia-firenze-man-5811-08,Painted marble sarcophagus - amazonomachy - from Tarquinia - Firenze MAN 5811 - 08,Etruscan,General / Decorative,Late Classical,,,Tarquinia,Lazio,Tarquinia National Museum,42.25388,11.75739,approximate,https://commons.wikimedia.org/wiki/Special:FilePath/Painted_marble_sarcophagus_-_amazonomachy_-_from_Tarquinia_-_Firenze_MAN_5811_-_08.jpg?width=400,ArchaiOptix,CC BY-SA 4.0,https://creativecommons.org/licenses/by-sa/4.0,https://commons.wikimedia.org/wiki/File:Painted_marble_sarcophagus_-_amazonomachy_-_from_Tarquinia_-_Firenze_MAN_5811_-_08.jpg,,Painted marble sarcophagus - amazonomachy - from Tarquinia - Firenze MAN 5811 - 08
tarquinia-painted-marble-sarcophagus-amazonomachy-from-tarquinia-firenze-man-5811-09,Painted marble sarcophagus - amazonomachy - from Tarquinia - Firenze MAN 5811 - 09,Etruscan,General / Decorative,Late Classical,,,Tarquinia,Lazio,Tarquinia National Museum,42.25381,11.75863,approximate,https://commons.wikimedia.org/wiki/Special:FilePath/Painted_marble_sarcophagus_-_amazonomachy_-_from_Tarquinia_-_Firenze_MAN_5811_-_09.jpg?width=400,ArchaiOptix,CC BY-SA 4.0,https://creativecommons.org/licenses/by-sa/4.0,https://commons.wikimedia.org/wiki/File:Painted_marble_sarcophagus_-_amazonomachy_-_from_Tarquinia_-_Firenze_MAN_5811_-_09.jpg,,Painted marble sarcophagus - amazonomachy - from Tarquinia - Firenze MAN 5811 - 09
tarquinia-painted-marble-sarcophagus-amazonomachy-from-tarquinia-firenze-man-5811-10,Painted marble sarcophagus - amazonomachy - from Tarquinia - Firenze MAN 5811 - 10,Etruscan,General / Decorative,Late Classical,,,Tarquinia,Lazio,Tarquinia National Museum,42.25343,11.75758,approximate,https://commons.wikimedia.org/wiki/Special:FilePath/Painted_marble_sarcophagus_-_amazonomachy_-_from_Tarquinia_-_Firenze_MAN_5811_-_10.jpg?width=400,ArchaiOptix,CC BY-SA 4.0,https://creativecommons.org/licenses/by-sa/4.0,https://commons.wikimedia.org/wiki/File:Painted_marble_sarcophagus_-_amazonomachy_-_from_Tarquinia_-_Firenze_MAN_5811_-_10.jpg,,Painted marble sarcophagus - amazonomachy - from Tarquinia - Firenze MAN 5811 - 10
tarquinia-painted-marble-sarcophagus-amazonomachy-from-tarquinia-firenze-man-5811-11,Painted marble sarcophagus - amazonomachy - from Tarquinia - Firenze MAN 5811 - 11,Etruscan,General / Decorative,Late Classical,,,Tarquinia,Lazio,Tarquinia National Museum,42.25506,11.7572,approximate,https://commons.wikimedia.org/wiki/Special:FilePath/Painted_marble_sarcophagus_-_amazonomachy_-_from_Tarquinia_-_Firenze_MAN_5811_-_11.jpg?width=400,ArchaiOptix,CC BY-SA 4.0,https://creativecommons.org/licenses/by-sa/4.0,https://commons.wikimedia.org/wiki/File:Painted_marble_sarcophagus_-_amazonomachy_-_from_Tarquinia_-_Firenze_MAN_5811_-_11.jpg,,Painted marble sarcophagus - amazonomachy - from Tarquinia - Firenze MAN 5811 - 11
tarquinia-painted-marble-sarcophagus-amazonomachy-from-tarquinia-firenze-man-5811-12,Painted marble sarcophagus - amazonomachy - from Tarquinia - Firenze MAN 5811 - 12,Etruscan,General / Decorative,Late Classical,,,Tarquinia,Lazio,Tarquinia National Museum,42.25306,11.75822,approximate,https://commons.wikimedia.org/wiki/Special:FilePath/Painted_marble_sarcophagus_-_amazonomachy_-_from_Tarquinia_-_Firenze_MAN_5811_-_12.jpg?width=400,ArchaiOptix,CC BY-SA 4.0,https://creativecommons.org/licenses/by-sa/4.0,https://commons.wikimedia.org/wiki/File:Painted_marble_sarcophagus_-_amazonomachy_-_from_Tarquinia_-_Firenze_MAN_5811_-_12.jpg,,Painted marble sarcophagus - amazonomachy - from Tarquinia - Firenze MAN 5811 - 12
tarquinia-painted-marble-sarcophagus-amazonomachy-from-tarquinia-firenze-man-5811-13,Painted marble sarcophagus - amazonomachy - from Tarquinia - Firenze MAN 5811 - 13,Etruscan,General / Decorative,Late Classical,,,Tarquinia,Lazio,Tarquinia National Museum,42.25296,11.7588,approximate,https://commons.wikimedia.org/wiki/Special:FilePath/Painted_marble_sarcophagus_-_amazonomachy_-_from_Tarquinia_-_Firenze_MAN_5811_-_13.jpg?width=400,ArchaiOptix,CC BY-SA 4.0,https://creativecommons.org/licenses/by-sa/4.0,https://commons.wikimedia.org/wiki/File:Painted_marble_sarcophagus_-_amazonomachy_-_from_Tarquinia_-_Firenze_MAN_5811_-_13.jpg,,Painted marble sarcophagus - amazonomachy - from Tarquinia - Firenze MAN 5811 - 13
tarquinia-painted-marble-sarcophagus-amazonomachy-from-tarquinia-firenze-man-5811-14,Painted marble sarcophagus - amazonomachy - from Tarquinia - Firenze MAN 5811 - 14,Etruscan,General / Decorative,Late Classical,,,Tarquinia,Lazio,Tarquinia National Museum,42.25219,11.75966,approximate,https://commons.wikimedia.org/wiki/Special:FilePath/Painted_marble_sarcophagus_-_amazonomachy_-_from_Tarquinia_-_Firenze_MAN_5811_-_14.jpg?width=400,ArchaiOptix,CC BY-SA 4.0,https://creativecommons.org/licenses/by-sa/4.0,https://commons.wikimedia.org/wiki/File:Painted_marble_sarcophagus_-_amazonomachy_-_from_Tarquinia_-_Firenze_MAN_5811_-_14.jpg,,Painted marble sarcophagus - amazonomachy - from Tarquinia - Firenze MAN 5811 - 14
tarquinia-painted-marble-sarcophagus-amazonomachy-from-tarquinia-firenze-man-5811-15,Painted marble sarcophagus - amazonomachy - from Tarquinia - Firenze MAN 5811 - 15,Etruscan,General / Decorative,Late Classical,,,Tarquinia,Lazio,Tarquinia National Museum,42.25483,11.75727,approximate,https://commons.wikimedia.org/wiki/Special:FilePath/Painted_marble_sarcophagus_-_amazonomachy_-_from_Tarquinia_-_Firenze_MAN_5811_-_15.jpg?width=400,ArchaiOptix,CC BY-SA 4.0,https://creativecommons.org/licenses/by-sa/4.0,https://commons.wikimedia.org/wiki/File:Painted_marble_sarcophagus_-_amazonomachy_-_from_Tarquinia_-_Firenze_MAN_5811_-_15.jpg,,Painted marble sarcophagus - amazonomachy - from Tarquinia - Firenze MAN 5811 - 15
tarquinia-painted-marble-sarcophagus-amazonomachy-from-tarquinia-firenze-man-5811-16,Painted marble sarcophagus - amazonomachy - from Tarquinia - Firenze MAN 5811 - 16,Etruscan,General / Decorative,Late Classical,,,Tarquinia,Lazio,Tarquinia National Museum,42.25359,11.7583,approximate,https://commons.wikimedia.org/wiki/Special:FilePath/Painted_marble_sarcophagus_-_amazonomachy_-_from_Tarquinia_-_Firenze_MAN_5811_-_16.jpg?width=400,ArchaiOptix,CC BY-SA 4.0,https://creativecommons.org/licenses/by-sa/4.0,https://commons.wikimedia.org/wiki/File:Painted_marble_sarcophagus_-_amazonomachy_-_from_Tarquinia_-_Firenze_MAN_5811_-_16.jpg,,Painted marble sarcophagus - amazonomachy - from Tarquinia - Firenze MAN 5811 - 16
tarquinia-painted-marble-sarcophagus-amazonomachy-from-tarquinia-firenze-man-5811-17,Painted marble sarcophagus - amazonomachy - from Tarquinia - Firenze MAN 5811 - 17,Etruscan,General / Decorative,Late Classical,,,Tarquinia,Lazio,Tarquinia National Museum,42.25364,11.75812,approximate,https://commons.wikimedia.org/wiki/Special:FilePath/Painted_marble_sarcophagus_-_amazonomachy_-_from_Tarquinia_-_Firenze_MAN_5811_-_17.jpg?width=400,ArchaiOptix,CC BY-SA 4.0,https://creativecommons.org/licenses/by-sa/4.0,https://commons.wikimedia.org/wiki/File:Painted_marble_sarcophagus_-_amazonomachy_-_from_Tarquinia_-_Firenze_MAN_5811_-_17.jpg,,Painted marble sarcophagus - amazonomachy - from Tarquinia - Firenze MAN 5811 - 17
tarquinia-painted-marble-sarcophagus-amazonomachy-from-tarquinia-firenze-man-5811-18,Painted marble sarcophagus - amazonomachy - from Tarquinia - Firenze MAN 5811 - 18,Etruscan,General / Decorative,Late Classical,,,Tarquinia,Lazio,Tarquinia National Museum,42.25456,11.75797,approximate,https://commons.wikimedia.org/wiki/Special:FilePath/Painted_marble_sarcophagus_-_amazonomachy_-_from_Tarquinia_-_Firenze_MAN_5811_-_18.jpg?width=400,ArchaiOptix,CC BY-SA 4.0,https://creativecommons.org/licenses/by-sa/4.0,https://commons.wikimedia.org/wiki/File:Painted_marble_sarcophagus_-_amazonomachy_-_from_Tarquinia_-_Firenze_MAN_5811_-_18.jpg,,Painted marble sarcophagus - amazonomachy - from Tarquinia - Firenze MAN 5811 - 18
tarquinia-painted-marble-sarcophagus-amazonomachy-from-tarquinia-firenze-man-5811-19,Painted marble sarcophagus - amazonomachy - from Tarquinia - Firenze MAN 5811 - 19,Etruscan,General / Decorative,Late Classical,,,Tarquinia,Lazio,Tarquinia National Museum,42.25356,11.75738,approximate,https://commons.wikimedia.org/wiki/Special:FilePath/Painted_marble_sarcophagus_-_amazonomachy_-_from_Tarquinia_-_Firenze_MAN_5811_-_19.jpg?width=400,ArchaiOptix,CC BY-SA 4.0,https://creativecommons.org/licenses/by-sa/4.0,https://commons.wikimedia.org/wiki/File:Painted_marble_sarcophagus_-_amazonomachy_-_from_Tarquinia_-_Firenze_MAN_5811_-_19.jpg,,Painted marble sarcophagus - amazonomachy - from Tarquinia - Firenze MAN 5811 - 19
aegean-prehistoric-painted-triglyphs-and-metopes-from-temple-a-at-cumae-centauromachy-baia-madcf-000045-000051-01,Painted triglyphs and metopes from temple A at Cumae - centauromachy - Baia MAdCF 000045-000051 - 01,Minoan,General / Decorative,Late Classical,,,Aegean Prehistoric,Crete,Heraklion Archaeological Museum,35.29652,25.16446,approximate,https://commons.wikimedia.org/wiki/Special:FilePath/Painted_triglyphs_and_metopes_from_temple_A_at_Cumae_-_centauromachy_-_Baia_MAdCF_000045-000051_-_01.jpg?width=400,ArchaiOptix,CC BY-SA 4.0,https://creativecommons.org/licenses/by-sa/4.0,https://commons.wikimedia.org/wiki/File:Painted_triglyphs_and_metopes_from_temple_A_at_Cumae_-_centauromachy_-_Baia_MAdCF_000045-000051_-_01.jpg,,Painted triglyphs and metopes from temple A at Cumae - centauromachy - Baia MAdCF 000045-000051 - 01
aegean-prehistoric-painted-triglyphs-and-metopes-from-temple-a-at-cumae-centauromachy-baia-madcf-000045-000051-02,Painted triglyphs and metopes from temple A at Cumae - centauromachy - Baia MAdCF 000045-000051 - 02,Minoan,General / Decorative,Late Classical,,,Aegean Prehistoric,Crete,Heraklion Archaeological Museum,35.29994,25.16181,approximate,https://commons.wikimedia.org/wiki/Special:FilePath/Painted_triglyphs_and_metopes_from_temple_A_at_Cumae_-_centauromachy_-_Baia_MAdCF_000045-000051_-_02.jpg?width=400,ArchaiOptix,CC BY-SA 4.0,https://creativecommons.org/licenses/by-sa/4.0,https://commons.wikimedia.org/wiki/File:Painted_triglyphs_and_metopes_from_temple_A_at_Cumae_-_centauromachy_-_Baia_MAdCF_000045-000051_-_02.jpg,,Painted triglyphs and metopes from temple A at Cumae - centauromachy - Baia MAdCF 000045-000051 - 02
aegean-prehistoric-painted-triglyphs-and-metopes-from-temple-a-at-cumae-centauromachy-baia-madcf-000045-000051-03,Painted triglyphs and metopes from temple A at Cumae - centauromachy - Baia MAdCF 000045-000051 - 03,Minoan,General / Decorative,Late Classical,,,Aegean Prehistoric,Crete,Heraklion Archaeological Museum,35.29755,25.16189,approximate,https://commons.wikimedia.org/wiki/Special:FilePath/Painted_triglyphs_and_metopes_from_temple_A_at_Cumae_-_centauromachy_-_Baia_MAdCF_000045-000051_-_03.jpg?width=400,ArchaiOptix,CC BY-SA 4.0,https://creativecommons.org/licenses/by-sa/4.0,https://commons.wikimedia.org/wiki/File:Painted_triglyphs_and_metopes_from_temple_A_at_Cumae_-_centauromachy_-_Baia_MAdCF_000045-000051_-_03.jpg,,Painted triglyphs and metopes from temple A at Cumae - centauromachy - Baia MAdCF 000045-000051 - 03
aegean-prehistoric-painted-triglyphs-and-metopes-from-temple-a-at-cumae-centauromachy-baia-madcf-000045-000051-04,Painted triglyphs and metopes from temple A at Cumae - centauromachy - Baia MAdCF 000045-000051 - 04,Minoan,General / Decorative,Late Classical,,,Aegean Prehistoric,Crete,Heraklion Archaeological Museum,35.29814,25.16131,approximate,https://commons.wikimedia.org/wiki/Special:FilePath/Painted_triglyphs_and_metopes_from_temple_A_at_Cumae_-_centauromachy_-_Baia_MAdCF_000045-000051_-_04.jpg?width=400,ArchaiOptix,CC BY-SA 4.0,https://creativecommons.org/licenses/by-sa/4.0,https://commons.wikimedia.org/wiki/File:Painted_triglyphs_and_metopes_from_temple_A_at_Cumae_-_centauromachy_-_Baia_MAdCF_000045-000051_-_04.jpg,,Painted triglyphs and metopes from temple A at Cumae - centauromachy - Baia MAdCF 000045-000051 - 04
aegean-prehistoric-painted-triglyphs-and-metopes-from-temple-a-at-cumae-centauromachy-baia-madcf-000045-000051-05,Painted triglyphs and metopes from temple A at Cumae - centauromachy - Baia MAdCF 000045-000051 - 05,Minoan,General / Decorative,Late Classical,,,Aegean Prehistoric,Crete,Heraklion Archaeological Museum,35.29669,25.16353,approximate,https://commons.wikimedia.org/wiki/Special:FilePath/Painted_triglyphs_and_metopes_from_temple_A_at_Cumae_-_centauromachy_-_Baia_MAdCF_000045-000051_-_05.jpg?width=400,ArchaiOptix,CC BY-SA 4.0,https://creativecommons.org/licenses/by-sa/4.0,https://commons.wikimedia.org/wiki/File:Painted_triglyphs_and_metopes_from_temple_A_at_Cumae_-_centauromachy_-_Baia_MAdCF_000045-000051_-_05.jpg,,Painted triglyphs and metopes from temple A at Cumae - centauromachy - Baia MAdCF 000045-000051 - 05
aegean-prehistoric-painted-tomb-chamber-symposion-dance-baia-madcf,Painted tomb chamber - symposion - dance - Baia MAdCF,Minoan,General / Decorative,Early Hellenistic,,,Aegean Prehistoric,Crete,Heraklion Archaeological Museum,35.29717,25.16405,approximate,https://commons.wikimedia.org/wiki/Special:FilePath/Painted_tomb_chamber_-_symposion_-_dance_-_Baia_MAdCF.jpg?width=400,ArchaiOptix,CC BY-SA 4.0,https://creativecommons.org/licenses/by-sa/4.0,https://commons.wikimedia.org/wiki/File:Painted_tomb_chamber_-_symposion_-_dance_-_Baia_MAdCF.jpg,,Painted tomb chamber - symposion - dance - Baia MAdCF
aegean-prehistoric-wall-painting-imitation-of-precious-coloured-marble-and-columns-brescia-cella-3-under-capitolium-brescia-msg-01,Wall painting - imitation of precious coloured marble and columns - Brescia (cella 3 under Capitolium) - Brescia MSG - 01,Minoan,General / Decorative,Late Hellenistic / Roman Republican,,,Aegean Prehistoric,Crete,Heraklion Archaeological Museum,35.29861,25.16424,approximate,https://commons.wikimedia.org/wiki/Special:FilePath/Wall_painting_-_imitation_of_precious_coloured_marble_and_columns_-_Brescia_%28cella_3_under_Capitolium%29_-_Brescia_MSG_-_01.jpg?width=400,ArchaiOptix,CC BY-SA 4.0,https://creativecommons.org/licenses/by-sa/4.0,https://commons.wikimedia.org/wiki/File:Wall_painting_-_imitation_of_precious_coloured_marble_and_columns_-_Brescia_%28cella_3_under_Capitolium%29_-_Brescia_MSG_-_01.jpg,,Wall painting - imitation of precious coloured marble and columns - Brescia (cella 3 under Capitolium) - Brescia MSG - 01
aegean-prehistoric-wall-painting-imitation-of-precious-coloured-marble-and-columns-brescia-cella-3-under-capitolium-brescia-msg-02,Wall painting - imitation of precious coloured marble and columns - Brescia (cella 3 under Capitolium) - Brescia MSG - 02,Minoan,General / Decorative,Late Hellenistic / Roman Republican,,,Aegean Prehistoric,Crete,Heraklion Archaeological Museum,35.2964,25.1646,approximate,https://commons.wikimedia.org/wiki/Special:FilePath/Wall_painting_-_imitation_of_precious_coloured_marble_and_columns_-_Brescia_%28cella_3_under_Capitolium%29_-_Brescia_MSG_-_02.jpg?width=400,ArchaiOptix,CC BY-SA 4.0,https://creativecommons.org/licenses/by-sa/4.0,https://commons.wikimedia.org/wiki/File:Wall_painting_-_imitation_of_precious_coloured_marble_and_columns_-_Brescia_%28cella_3_under_Capitolium%29_-_Brescia_MSG_-_02.jpg,,Wall painting - imitation of precious coloured marble and columns - Brescia (cella 3 under Capitolium) - Brescia MSG - 02
aegean-prehistoric-wall-painting-imitation-of-masonry-in-coloured-marble-brescia-cella-3-under-capitolium-brescia-msg,Wall painting - imitation of masonry in coloured marble - Brescia (cella 3 under Capitolium) - Brescia MSG,Minoan,General / Decorative,Late Hellenistic / Roman Republican,,,Aegean Prehistoric,Crete,Heraklion Archaeological Museum,35.2967,25.16291,approximate,https://commons.wikimedia.org/wiki/Special:FilePath/Wall_painting_-_imitation_of_masonry_in_coloured_marble_-_Brescia_%28cella_3_under_Capitolium%29_-_Brescia_MSG.jpg?width=400,ArchaiOptix,CC BY-SA 4.0,https://creativecommons.org/licenses/by-sa/4.0,https://commons.wikimedia.org/wiki/File:Wall_painting_-_imitation_of_masonry_in_coloured_marble_-_Brescia_%28cella_3_under_Capitolium%29_-_Brescia_MSG.jpg,,Wall painting - imitation of masonry in coloured marble - Brescia (cella 3 under Capitolium) - Brescia MSG
aegean-prehistoric-wall-painting-imitations-of-coloured-marble-and-curtain-brescia-capitolium-brescia-mtc-01,Wall painting - imitations of coloured marble and curtain - Brescia (Capitolium) - Brescia MTC - 01,Minoan,General / Decorative,Late Hellenistic / Roman Republican,,,Aegean Prehistoric,Crete,Heraklion Archaeological Museum,35.29919,25.16436,approximate,https://commons.wikimedia.org/wiki/Special:FilePath/Wall_painting_-_imitations_of_coloured_marble_and_curtain_-_Brescia_%28Capitolium%29_-_Brescia_MTC_-_01.jpg?width=400,ArchaiOptix,CC BY-SA 4.0,https://creativecommons.org/licenses/by-sa/4.0,https://commons.wikimedia.org/wiki/File:Wall_painting_-_imitations_of_coloured_marble_and_curtain_-_Brescia_%28Capitolium%29_-_Brescia_MTC_-_01.jpg,,Wall painting - imitations of coloured marble and curtain - Brescia (Capitolium) - Brescia MTC - 01
aegean-prehistoric-wall-painting-imitations-of-coloured-marble-and-curtain-brescia-capitolium-brescia-mtc-02,Wall painting - imitations of coloured marble and curtain - Brescia (Capitolium) - Brescia MTC - 02,Minoan,General / Decorative,Late Hellenistic / Roman Republican,,,Aegean Prehistoric,Crete,Heraklion Archaeological Museum,35.29688,25.16435,approximate,https://commons.wikimedia.org/wiki/Special:FilePath/Wall_painting_-_imitations_of_coloured_marble_and_curtain_-_Brescia_%28Capitolium%29_-_Brescia_MTC_-_02.jpg?width=400,ArchaiOptix,CC BY-SA 4.0,https://creativecommons.org/licenses/by-sa/4.0,https://commons.wikimedia.org/wiki/File:Wall_painting_-_imitations_of_coloured_marble_and_curtain_-_Brescia_%28Capitolium%29_-_Brescia_MTC_-_02.jpg,,Wall painting - imitations of coloured marble and curtain - Brescia (Capitolium) - Brescia MTC - 02
aegean-prehistoric-wall-painting-imitations-of-coloured-marble-and-curtain-brescia-capitolium-brescia-mtc-03,Wall painting - imitations of coloured marble and curtain - Brescia (Capitolium) - Brescia MTC - 03,Minoan,General / Decorative,Late Hellenistic / Roman Republican,,,Aegean Prehistoric,Crete,Heraklion Archaeological Museum,35.29612,25.1639,approximate,https://commons.wikimedia.org/wiki/Special:FilePath/Wall_painting_-_imitations_of_coloured_marble_and_curtain_-_Brescia_%28Capitolium%29_-_Brescia_MTC_-_03.jpg?width=400,ArchaiOptix,CC BY-SA 4.0,https://creativecommons.org/licenses/by-sa/4.0,https://commons.wikimedia.org/wiki/File:Wall_painting_-_imitations_of_coloured_marble_and_curtain_-_Brescia_%28Capitolium%29_-_Brescia_MTC_-_03.jpg,,Wall painting - imitations of coloured marble and curtain - Brescia (Capitolium) - Brescia MTC - 03
aegean-prehistoric-wall-painting-imitations-of-coloured-marble-and-curtain-brescia-capitolium-brescia-mtc-04,Wall painting - imitations of coloured marble and curtain - Brescia (Capitolium) - Brescia MTC - 04,Minoan,General / Decorative,Late Hellenistic / Roman Republican,,,Aegean Prehistoric,Crete,Heraklion Archaeological Museum,35.29762,25.16433,approximate,https://commons.wikimedia.org/wiki/Special:FilePath/Wall_painting_-_imitations_of_coloured_marble_and_curtain_-_Brescia_%28Capitolium%29_-_Brescia_MTC_-_04.jpg?width=400,ArchaiOptix,CC BY-SA 4.0,https://creativecommons.org/licenses/by-sa/4.0,https://commons.wikimedia.org/wiki/File:Wall_painting_-_imitations_of_coloured_marble_and_curtain_-_Brescia_%28Capitolium%29_-_Brescia_MTC_-_04.jpg,,Wall painting - imitations of coloured marble and curtain - Brescia (Capitolium) - Brescia MTC - 04
aegean-prehistoric-wall-painting-imitations-of-coloured-marble-and-curtain-brescia-capitolium-brescia-mtc-05,Wall painting - imitations of coloured marble and curtain - Brescia (Capitolium) - Brescia MTC - 05,Minoan,General / Decorative,Late Hellenistic / Roman Republican,,,Aegean Prehistoric,Crete,Heraklion Archaeological Museum,35.29751,25.16154,approximate,https://commons.wikimedia.org/wiki/Special:FilePath/Wall_painting_-_imitations_of_coloured_marble_and_curtain_-_Brescia_%28Capitolium%29_-_Brescia_MTC_-_05.jpg?width=400,ArchaiOptix,CC BY-SA 4.0,https://creativecommons.org/licenses/by-sa/4.0,https://commons.wikimedia.org/wiki/File:Wall_painting_-_imitations_of_coloured_marble_and_curtain_-_Brescia_%28Capitolium%29_-_Brescia_MTC_-_05.jpg,,Wall painting - imitations of coloured marble and curtain - Brescia (Capitolium) - Brescia MTC - 05
aegean-prehistoric-wall-painting-imitations-of-coloured-marble-and-curtain-brescia-capitolium-brescia-mtc-06,Wall painting - imitations of coloured marble and curtain - Brescia (Capitolium) - Brescia MTC - 06,Minoan,General / Decorative,Late Hellenistic / Roman Republican,,,Aegean Prehistoric,Crete,Heraklion Archaeological Museum,35.29913,25.16358,approximate,https://commons.wikimedia.org/wiki/Special:FilePath/Wall_painting_-_imitations_of_coloured_marble_and_curtain_-_Brescia_%28Capitolium%29_-_Brescia_MTC_-_06.jpg?width=400,ArchaiOptix,CC BY-SA 4.0,https://creativecommons.org/licenses/by-sa/4.0,https://commons.wikimedia.org/wiki/File:Wall_painting_-_imitations_of_coloured_marble_and_curtain_-_Brescia_%28Capitolium%29_-_Brescia_MTC_-_06.jpg,,Wall painting - imitations of coloured marble and curtain - Brescia (Capitolium) - Brescia MTC - 06
aegean-prehistoric-wall-painting-imitation-of-masonry-in-coloured-stone-brescia-capitolium-brescia-mtc,Wall painting - imitation of masonry in coloured stone - Brescia (Capitolium) - Brescia MTC,Minoan,General / Decorative,Late Hellenistic / Roman Republican,,,Aegean Prehistoric,Crete,Heraklion Archaeological Museum,35.29803,25.162,approximate,https://commons.wikimedia.org/wiki/Special:FilePath/Wall_painting_-_imitation_of_masonry_in_coloured_stone_-_Brescia_%28Capitolium%29_-_Brescia_MTC.jpg?width=400,ArchaiOptix,CC BY-SA 4.0,https://creativecommons.org/licenses/by-sa/4.0,https://commons.wikimedia.org/wiki/File:Wall_painting_-_imitation_of_masonry_in_coloured_stone_-_Brescia_%28Capitolium%29_-_Brescia_MTC.jpg,,Wall painting - imitation of masonry in coloured stone - Brescia (Capitolium) - Brescia MTC
aegean-prehistoric-wall-painting-imitation-of-masonry-in-coloured-marble-brescia-capitolium-brescia-msg,Wall painting - imitation of masonry in coloured marble - Brescia (Capitolium) - Brescia MSG,Minoan,General / Decorative,Late Hellenistic / Roman Republican,,,Aegean Prehistoric,Crete,Heraklion Archaeological Museum,35.29635,25.16145,approximate,https://commons.wikimedia.org/wiki/Special:FilePath/Wall_painting_-_imitation_of_masonry_in_coloured_marble_-_Brescia_%28Capitolium%29_-_Brescia_MSG.jpg?width=400,ArchaiOptix,CC BY-SA 4.0,https://creativecommons.org/licenses/by-sa/4.0,https://commons.wikimedia.org/wiki/File:Wall_painting_-_imitation_of_masonry_in_coloured_marble_-_Brescia_%28Capitolium%29_-_Brescia_MSG.jpg,,Wall painting - imitation of masonry in coloured marble - Brescia (Capitolium) - Brescia MSG
aegean-prehistoric-wall-painting-winged-female-figure-hero-and-leander-morlupo-tomb-at-localit-monte-castello-roma-mnr-pmat-38820-38819,Wall painting - winged female figure - Hero and Leander - Morlupo (tomb at località Monte Castello) - Roma MNR PMaT 38820 38819,Minoan,General / Decorative,Late Roman Republican / Early Augustean,,,Aegean Prehistoric,Crete,Heraklion Archaeological Museum,35.29604,25.16128,approximate,https://commons.wikimedia.org/wiki/Special:FilePath/Wall_painting_-_winged_female_figure_-_Hero_and_Leander_-_Morlupo_%28tomb_at_localit%C3%A0_Monte_Castello%29_-_Roma_MNR_PMaT_38820_38819.jpg?width=400,ArchaiOptix,CC BY-SA 4.0,https://creativecommons.org/licenses/by-sa/4.0,https://commons.wikimedia.org/wiki/File:Wall_painting_-_winged_female_figure_-_Hero_and_Leander_-_Morlupo_%28tomb_at_localit%C3%A0_Monte_Castello%29_-_Roma_MNR_PMaT_38820_38819.jpg,,Wall painting - winged female figure - Hero and Leander - Morlupo (tomb at località Monte Castello) - Roma MNR PMaT 38820 38819
rome-wall-painting-scenes-from-early-roman-myth-rome-columbarium-on-the-esquiline-roma-mnr-pmat-01,Wall painting - scenes from early Roman myth - Rome (columbarium on the Esquiline) - Roma MNR PMaT - 01,Roman,General / Decorative,Late Roman Republican / Early Augustean,,,Rome,Lazio,National Roman Museum,41.89088,12.49195,approximate,https://commons.wikimedia.org/wiki/Special:FilePath/Wall_painting_-_scenes_from_early_Roman_myth_-_Rome_%28columbarium_on_the_Esquiline%29_-_Roma_MNR_PMaT_-_01.jpg?width=400,ArchaiOptix,CC BY-SA 4.0,https://creativecommons.org/licenses/by-sa/4.0,https://commons.wikimedia.org/wiki/File:Wall_painting_-_scenes_from_early_Roman_myth_-_Rome_%28columbarium_on_the_Esquiline%29_-_Roma_MNR_PMaT_-_01.jpg,,Wall painting - scenes from early Roman myth - Rome (columbarium on the Esquiline) - Roma MNR PMaT - 01
rome-wall-painting-scenes-from-early-roman-myth-rome-columbarium-on-the-esquiline-roma-mnr-pmat-02,Wall painting - scenes from early Roman myth - Rome (columbarium on the Esquiline) - Roma MNR PMaT - 02,Roman,General / Decorative,Late Roman Republican / Early Augustean,,,Rome,Lazio,National Roman Museum,41.89166,12.49195,approximate,https://commons.wikimedia.org/wiki/Special:FilePath/Wall_painting_-_scenes_from_early_Roman_myth_-_Rome_%28columbarium_on_the_Esquiline%29_-_Roma_MNR_PMaT_-_02.jpg?width=400,ArchaiOptix,CC BY-SA 4.0,https://creativecommons.org/licenses/by-sa/4.0,https://commons.wikimedia.org/wiki/File:Wall_painting_-_scenes_from_early_Roman_myth_-_Rome_%28columbarium_on_the_Esquiline%29_-_Roma_MNR_PMaT_-_02.jpg,,Wall painting - scenes from early Roman myth - Rome (columbarium on the Esquiline) - Roma MNR PMaT - 02
rome-wall-painting-scenes-from-early-roman-myth-rome-columbarium-on-the-esquiline-roma-mnr-pmat-03,Wall painting - scenes from early Roman myth - Rome (columbarium on the Esquiline) - Roma MNR PMaT - 03,Roman,General / Decorative,Late Roman Republican / Early Augustean,,,Rome,Lazio,National Roman Museum,41.88885,12.49088,approximate,https://commons.wikimedia.org/wiki/Special:FilePath/Wall_painting_-_scenes_from_early_Roman_myth_-_Rome_%28columbarium_on_the_Esquiline%29_-_Roma_MNR_PMaT_-_03.jpg?width=400,ArchaiOptix,CC BY-SA 4.0,https://creativecommons.org/licenses/by-sa/4.0,https://commons.wikimedia.org/wiki/File:Wall_painting_-_scenes_from_early_Roman_myth_-_Rome_%28columbarium_on_the_Esquiline%29_-_Roma_MNR_PMaT_-_03.jpg,,Wall painting - scenes from early Roman myth - Rome (columbarium on the Esquiline) - Roma MNR PMaT - 03
rome-wall-painting-scenes-from-early-roman-myth-rome-columbarium-on-the-esquiline-roma-mnr-pmat-04,Wall painting - scenes from early Roman myth - Rome (columbarium on the Esquiline) - Roma MNR PMaT - 04,Roman,General / Decorative,Late Roman Republican / Early Augustean,,,Rome,Lazio,National Roman Museum,41.89097,12.49292,approximate,https://commons.wikimedia.org/wiki/Special:FilePath/Wall_painting_-_scenes_from_early_Roman_myth_-_Rome_%28columbarium_on_the_Esquiline%29_-_Roma_MNR_PMaT_-_04.jpg?width=400,ArchaiOptix,CC BY-SA 4.0,https://creativecommons.org/licenses/by-sa/4.0,https://commons.wikimedia.org/wiki/File:Wall_painting_-_scenes_from_early_Roman_myth_-_Rome_%28columbarium_on_the_Esquiline%29_-_Roma_MNR_PMaT_-_04.jpg,,Wall painting - scenes from early Roman myth - Rome (columbarium on the Esquiline) - Roma MNR PMaT - 04
rome-wall-painting-scenes-from-early-roman-myth-rome-columbarium-on-the-esquiline-roma-mnr-pmat-1286-1289-05,Wall painting - scenes from early Roman myth - Rome (columbarium on the Esquiline) - Roma MNR PMaT 1286-1289 - 05,Roman,General / Decorative,Late Roman Republican / Early Augustean,,,Rome,Lazio,National Roman Museum,41.89065,12.49219,approximate,https://commons.wikimedia.org/wiki/Special:FilePath/Wall_painting_-_scenes_from_early_Roman_myth_-_Rome_%28columbarium_on_the_Esquiline%29_-_Roma_MNR_PMaT_1286-1289_-_05.jpg?width=400,ArchaiOptix,CC BY-SA 4.0,https://creativecommons.org/licenses/by-sa/4.0,https://commons.wikimedia.org/wiki/File:Wall_painting_-_scenes_from_early_Roman_myth_-_Rome_%28columbarium_on_the_Esquiline%29_-_Roma_MNR_PMaT_1286-1289_-_05.jpg,,Wall painting - scenes from early Roman myth - Rome (columbarium on the Esquiline) - Roma MNR PMaT 1286-1289 - 05
rome-wall-painting-scenes-from-early-roman-myth-rome-columbarium-on-the-esquiline-roma-mnr-pmat-1286-1289-06,Wall painting - scenes from early Roman myth - Rome (columbarium on the Esquiline) - Roma MNR PMaT 1286-1289 - 06,Roman,General / Decorative,Late Roman Republican / Early Augustean,,,Rome,Lazio,National Roman Museum,41.89116,12.49209,approximate,https://commons.wikimedia.org/wiki/Special:FilePath/Wall_painting_-_scenes_from_early_Roman_myth_-_Rome_%28columbarium_on_the_Esquiline%29_-_Roma_MNR_PMaT_1286-1289_-_06.jpg?width=400,ArchaiOptix,CC BY-SA 4.0,https://creativecommons.org/licenses/by-sa/4.0,https://commons.wikimedia.org/wiki/File:Wall_painting_-_scenes_from_early_Roman_myth_-_Rome_%28columbarium_on_the_Esquiline%29_-_Roma_MNR_PMaT_1286-1289_-_06.jpg,,Wall painting - scenes from early Roman myth - Rome (columbarium on the Esquiline) - Roma MNR PMaT 1286-1289 - 06
rome-wall-painting-scenes-from-early-roman-myth-rome-columbarium-on-the-esquiline-roma-mnr-pmat-1286-1289-07,Wall painting - scenes from early Roman myth - Rome (columbarium on the Esquiline) - Roma MNR PMaT 1286-1289 - 07,Roman,General / Decorative,Late Roman Republican / Early Augustean,,,Rome,Lazio,National Roman Museum,41.89154,12.49367,approximate,https://commons.wikimedia.org/wiki/Special:FilePath/Wall_painting_-_scenes_from_early_Roman_myth_-_Rome_%28columbarium_on_the_Esquiline%29_-_Roma_MNR_PMaT_1286-1289_-_07.jpg?width=400,ArchaiOptix,CC BY-SA 4.0,https://creativecommons.org/licenses/by-sa/4.0,https://commons.wikimedia.org/wiki/File:Wall_painting_-_scenes_from_early_Roman_myth_-_Rome_%28columbarium_on_the_Esquiline%29_-_Roma_MNR_PMaT_1286-1289_-_07.jpg,,Wall painting - scenes from early Roman myth - Rome (columbarium on the Esquiline) - Roma MNR PMaT 1286-1289 - 07
rome-wall-painting-scenes-from-early-roman-myth-rome-columbarium-on-the-esquiline-roma-mnr-pmat-1286-1289-08,Wall painting - scenes from early Roman myth - Rome (columbarium on the Esquiline) - Roma MNR PMaT 1286-1289 - 08,Roman,General / Decorative,Late Roman Republican / Early Augustean,,,Rome,Lazio,National Roman Museum,41.89156,12.49308,approximate,https://commons.wikimedia.org/wiki/Special:FilePath/Wall_painting_-_scenes_from_early_Roman_myth_-_Rome_%28columbarium_on_the_Esquiline%29_-_Roma_MNR_PMaT_1286-1289_-_08.jpg?width=400,ArchaiOptix,CC BY-SA 4.0,https://creativecommons.org/licenses/by-sa/4.0,https://commons.wikimedia.org/wiki/File:Wall_painting_-_scenes_from_early_Roman_myth_-_Rome_%28columbarium_on_the_Esquiline%29_-_Roma_MNR_PMaT_1286-1289_-_08.jpg,,Wall painting - scenes from early Roman myth - Rome (columbarium on the Esquiline) - Roma MNR PMaT 1286-1289 - 08
rome-wall-painting-garden-viridarium-rome-villa-of-livia-at-via-flaminia-roma-mnr-pmat-01,Wall painting - garden (viridarium) - Rome (villa of Livia at Via Flaminia) - Roma MNR PMaT - 01,Minoan,Floral & Landscape,Late Roman Republican / Early Augustean,,,Rome,Lazio,National Roman Museum,41.88897,12.49222,approximate,https://commons.wikimedia.org/wiki/Special:FilePath/Wall_painting_-_garden_%28viridarium%29_-_Rome_%28villa_of_Livia_at_Via_Flaminia%29_-_Roma_MNR_PMaT_-_01.jpg?width=400,ArchaiOptix,CC BY-SA 4.0,https://creativecommons.org/licenses/by-sa/4.0,https://commons.wikimedia.org/wiki/File:Wall_painting_-_garden_%28viridarium%29_-_Rome_%28villa_of_Livia_at_Via_Flaminia%29_-_Roma_MNR_PMaT_-_01.jpg,,Wall painting - garden (viridarium) - Rome (villa of Livia at Via Flaminia) - Roma MNR PMaT - 01
rome-wall-painting-garden-viridarium-rome-villa-of-livia-at-via-flaminia-roma-mnr-pmat-02,Wall painting - garden (viridarium) - Rome (villa of Livia at Via Flaminia) - Roma MNR PMaT - 02,Minoan,Floral & Landscape,Late Roman Republican / Early Augustean,,,Rome,Lazio,National Roman Museum,41.88903,12.49279,approximate,https://commons.wikimedia.org/wiki/Special:FilePath/Wall_painting_-_garden_%28viridarium%29_-_Rome_%28villa_of_Livia_at_Via_Flaminia%29_-_Roma_MNR_PMaT_-_02.jpg?width=400,ArchaiOptix,CC BY-SA 4.0,https://creativecommons.org/licenses/by-sa/4.0,https://commons.wikimedia.org/wiki/File:Wall_painting_-_garden_%28viridarium%29_-_Rome_%28villa_of_Livia_at_Via_Flaminia%29_-_Roma_MNR_PMaT_-_02.jpg,,Wall painting - garden (viridarium) - Rome (villa of Livia at Via Flaminia) - Roma MNR PMaT - 02
rome-wall-painting-garden-viridarium-rome-villa-of-livia-at-via-flaminia-roma-mnr-pmat-03,Wall painting - garden (viridarium) - Rome (villa of Livia at Via Flaminia) - Roma MNR PMaT - 03,Minoan,Floral & Landscape,Late Roman Republican / Early Augustean,,,Rome,Lazio,National Roman Museum,41.89009,12.49329,approximate,https://commons.wikimedia.org/wiki/Special:FilePath/Wall_painting_-_garden_%28viridarium%29_-_Rome_%28villa_of_Livia_at_Via_Flaminia%29_-_Roma_MNR_PMaT_-_03.jpg?width=400,ArchaiOptix,CC BY-SA 4.0,https://creativecommons.org/licenses/by-sa/4.0,https://commons.wikimedia.org/wiki/File:Wall_painting_-_garden_%28viridarium%29_-_Rome_%28villa_of_Livia_at_Via_Flaminia%29_-_Roma_MNR_PMaT_-_03.jpg,,Wall painting - garden (viridarium) - Rome (villa of Livia at Via Flaminia) - Roma MNR PMaT - 03
rome-wall-painting-garden-viridarium-rome-villa-of-livia-at-via-flaminia-roma-mnr-pmat-04,Wall painting - garden (viridarium) - Rome (villa of Livia at Via Flaminia) - Roma MNR PMaT - 04,Minoan,Floral & Landscape,Late Roman Republican / Early Augustean,,,Rome,Lazio,National Roman Museum,41.88946,12.49258,approximate,https://commons.wikimedia.org/wiki/Special:FilePath/Wall_painting_-_garden_%28viridarium%29_-_Rome_%28villa_of_Livia_at_Via_Flaminia%29_-_Roma_MNR_PMaT_-_04.jpg?width=400,ArchaiOptix,CC BY-SA 4.0,https://creativecommons.org/licenses/by-sa/4.0,https://commons.wikimedia.org/wiki/File:Wall_painting_-_garden_%28viridarium%29_-_Rome_%28villa_of_Livia_at_Via_Flaminia%29_-_Roma_MNR_PMaT_-_04.jpg,,Wall painting - garden (viridarium) - Rome (villa of Livia at Via Flaminia) - Roma MNR PMaT - 04
rome-wall-painting-garden-viridarium-rome-villa-of-livia-at-via-flaminia-roma-mnr-pmat-05,Wall painting - garden (viridarium) - Rome (villa of Livia at Via Flaminia) - Roma MNR PMaT - 05,Minoan,Floral & Landscape,Late Roman Republican / Early Augustean,,,Rome,Lazio,National Roman Museum,41.89142,12.49239,approximate,https://commons.wikimedia.org/wiki/Special:FilePath/Wall_painting_-_garden_%28viridarium%29_-_Rome_%28villa_of_Livia_at_Via_Flaminia%29_-_Roma_MNR_PMaT_-_05.jpg?width=400,ArchaiOptix,CC BY-SA 4.0,https://creativecommons.org/licenses/by-sa/4.0,https://commons.wikimedia.org/wiki/File:Wall_painting_-_garden_%28viridarium%29_-_Rome_%28villa_of_Livia_at_Via_Flaminia%29_-_Roma_MNR_PMaT_-_05.jpg,,Wall painting - garden (viridarium) - Rome (villa of Livia at Via Flaminia) - Roma MNR PMaT - 05
rome-wall-painting-garden-viridarium-rome-villa-of-livia-at-via-flaminia-roma-mnr-pmat-126276-06,Wall painting - garden (viridarium) - Rome (villa of Livia at Via Flaminia) - Roma MNR PMaT 126276 - 06,Minoan,Floral & Landscape,Late Roman Republican / Early Augustean,,,Rome,Lazio,National Roman Museum,41.89028,12.49278,approximate,https://commons.wikimedia.org/wiki/Special:FilePath/Wall_painting_-_garden_%28viridarium%29_-_Rome_%28villa_of_Livia_at_Via_Flaminia%29_-_Roma_MNR_PMaT_126276_-_06.jpg?width=400,ArchaiOptix,CC BY-SA 4.0,https://creativecommons.org/licenses/by-sa/4.0,https://commons.wikimedia.org/wiki/File:Wall_painting_-_garden_%28viridarium%29_-_Rome_%28villa_of_Livia_at_Via_Flaminia%29_-_Roma_MNR_PMaT_126276_-_06.jpg,,Wall painting - garden (viridarium) - Rome (villa of Livia at Via Flaminia) - Roma MNR PMaT 126276 - 06
rome-wall-painting-garden-viridarium-rome-villa-of-livia-at-via-flaminia-roma-mnr-pmat-126276-07,Wall painting - garden (viridarium) - Rome (villa of Livia at Via Flaminia) - Roma MNR PMaT 126276 - 07,Minoan,Floral & Landscape,Late Roman Republican / Early Augustean,,,Rome,Lazio,National Roman Museum,41.89084,12.49354,approximate,https://commons.wikimedia.org/wiki/Special:FilePath/Wall_painting_-_garden_%28viridarium%29_-_Rome_%28villa_of_Livia_at_Via_Flaminia%29_-_Roma_MNR_PMaT_126276_-_07.jpg?width=400,ArchaiOptix,CC BY-SA 4.0,https://creativecommons.org/licenses/by-sa/4.0,https://commons.wikimedia.org/wiki/File:Wall_painting_-_garden_%28viridarium%29_-_Rome_%28villa_of_Livia_at_Via_Flaminia%29_-_Roma_MNR_PMaT_126276_-_07.jpg,,Wall painting - garden (viridarium) - Rome (villa of Livia at Via Flaminia) - Roma MNR PMaT 126276 - 07
rome-wall-painting-garden-viridarium-rome-villa-of-livia-at-via-flaminia-roma-mnr-pmat-126276-08,Wall painting - garden (viridarium) - Rome (villa of Livia at Via Flaminia) - Roma MNR PMaT 126276 - 08,Minoan,Floral & Landscape,Late Roman Republican / Early Augustean,,,Rome,Lazio,National Roman Museum,41.88879,12.49344,approximate,https://commons.wikimedia.org/wiki/Special:FilePath/Wall_painting_-_garden_%28viridarium%29_-_Rome_%28villa_of_Livia_at_Via_Flaminia%29_-_Roma_MNR_PMaT_126276_-_08.jpg?width=400,ArchaiOptix,CC BY-SA 4.0,https://creativecommons.org/licenses/by-sa/4.0,https://commons.wikimedia.org/wiki/File:Wall_painting_-_garden_%28viridarium%29_-_Rome_%28villa_of_Livia_at_Via_Flaminia%29_-_Roma_MNR_PMaT_126276_-_08.jpg,,Wall painting - garden (viridarium) - Rome (villa of Livia at Via Flaminia) - Roma MNR PMaT 126276 - 08
rome-wall-painting-garden-viridarium-rome-villa-of-livia-at-via-flaminia-roma-mnr-pmat-126276-09,Wall painting - garden (viridarium) - Rome (villa of Livia at Via Flaminia) - Roma MNR PMaT 126276 - 09,Minoan,Floral & Landscape,Late Roman Republican / Early Augustean,,,Rome,Lazio,National Roman Museum,41.89114,12.4914,approximate,https://commons.wikimedia.org/wiki/Special:FilePath/Wall_painting_-_garden_%28viridarium%29_-_Rome_%28villa_of_Livia_at_Via_Flaminia%29_-_Roma_MNR_PMaT_126276_-_09.jpg?width=400,ArchaiOptix,CC BY-SA 4.0,https://creativecommons.org/licenses/by-sa/4.0,https://commons.wikimedia.org/wiki/File:Wall_painting_-_garden_%28viridarium%29_-_Rome_%28villa_of_Livia_at_Via_Flaminia%29_-_Roma_MNR_PMaT_126276_-_09.jpg,,Wall painting - garden (viridarium) - Rome (villa of Livia at Via Flaminia) - Roma MNR PMaT 126276 - 09
rome-wall-painting-garden-viridarium-rome-villa-of-livia-at-via-flaminia-roma-mnr-pmat-126276-10,Wall painting - garden (viridarium) - Rome (villa of Livia at Via Flaminia) - Roma MNR PMaT 126276 - 10,Minoan,Floral & Landscape,Late Roman Republican / Early Augustean,,,Rome,Lazio,National Roman Museum,41.89106,12.49282,approximate,https://commons.wikimedia.org/wiki/Special:FilePath/Wall_painting_-_garden_%28viridarium%29_-_Rome_%28villa_of_Livia_at_Via_Flaminia%29_-_Roma_MNR_PMaT_126276_-_10.jpg?width=400,ArchaiOptix,CC BY-SA 4.0,https://creativecommons.org/licenses/by-sa/4.0,https://commons.wikimedia.org/wiki/File:Wall_painting_-_garden_%28viridarium%29_-_Rome_%28villa_of_Livia_at_Via_Flaminia%29_-_Roma_MNR_PMaT_126276_-_10.jpg,,Wall painting - garden (viridarium) - Rome (villa of Livia at Via Flaminia) - Roma MNR PMaT 126276 - 10
rome-wall-painting-garden-viridarium-rome-villa-of-livia-at-via-flaminia-roma-mnr-pmat-126276-11,Wall painting - garden (viridarium) - Rome (villa of Livia at Via Flaminia) - Roma MNR PMaT 126276 - 11,Minoan,Floral & Landscape,Late Roman Republican / Early Augustean,,,Rome,Lazio,National Roman Museum,41.88992,12.49153,approximate,https://commons.wikimedia.org/wiki/Special:FilePath/Wall_painting_-_garden_%28viridarium%29_-_Rome_%28villa_of_Livia_at_Via_Flaminia%29_-_Roma_MNR_PMaT_126276_-_11.jpg?width=400,ArchaiOptix,CC BY-SA 4.0,https://creativecommons.org/licenses/by-sa/4.0,https://commons.wikimedia.org/wiki/File:Wall_painting_-_garden_%28viridarium%29_-_Rome_%28villa_of_Livia_at_Via_Flaminia%29_-_Roma_MNR_PMaT_126276_-_11.jpg,,Wall painting - garden (viridarium) - Rome (villa of Livia at Via Flaminia) - Roma MNR PMaT 126276 - 11
rome-wall-painting-garden-viridarium-rome-villa-of-livia-at-via-flaminia-roma-mnr-pmat-126276-12,Wall painting - garden (viridarium) - Rome (villa of Livia at Via Flaminia) - Roma MNR PMaT 126276 - 12,Minoan,Floral & Landscape,Late Roman Republican / Early Augustean,,,Rome,Lazio,National Roman Museum,41.89048,12.49215,approximate,https://commons.wikimedia.org/wiki/Special:FilePath/Wall_painting_-_garden_%28viridarium%29_-_Rome_%28villa_of_Livia_at_Via_Flaminia%29_-_Roma_MNR_PMaT_126276_-_12.jpg?width=400,ArchaiOptix,CC BY-SA 4.0,https://creativecommons.org/licenses/by-sa/4.0,https://commons.wikimedia.org/wiki/File:Wall_painting_-_garden_%28viridarium%29_-_Rome_%28villa_of_Livia_at_Via_Flaminia%29_-_Roma_MNR_PMaT_126276_-_12.jpg,,Wall painting - garden (viridarium) - Rome (villa of Livia at Via Flaminia) - Roma MNR PMaT 126276 - 12
rome-wall-painting-garden-viridarium-rome-villa-of-livia-at-via-flaminia-roma-mnr-pmat-126276-13,Wall painting - garden (viridarium) - Rome (villa of Livia at Via Flaminia) - Roma MNR PMaT 126276 - 13,Minoan,Floral & Landscape,,,,Rome,Lazio,National Roman Museum,41.89057,12.49088,approximate,https://commons.wikimedia.org/wiki/Special:FilePath/Wall_painting_-_garden_%28viridarium%29_-_Rome_%28villa_of_Livia_at_Via_Flaminia%29_-_Roma_MNR_PMaT_126276_-_13.jpg?width=400,ArchaiOptix,CC BY-SA 4.0,https://creativecommons.org/licenses/by-sa/4.0,https://commons.wikimedia.org/wiki/File:Wall_painting_-_garden_%28viridarium%29_-_Rome_%28villa_of_Livia_at_Via_Flaminia%29_-_Roma_MNR_PMaT_126276_-_13.jpg,,Wall painting - garden (viridarium) - Rome (villa of Livia at Via Flaminia) - Roma MNR PMaT 126276 - 13
rome-painted-stucco-relief-nikai-on-candelabra-religious-scenes-rome-villa-of-livia-at-via-flaminia-roma-mnr-pmat-57897-578803-01,Painted stucco relief - Nikai on candelabra - religious scenes - Rome (villa of Livia at Via Flaminia) - Roma MNR PMaT 57897-578803 - 01,Minoan,General / Decorative,Late Roman Republican / Early Augustean,,,Rome,Lazio,National Roman Museum,41.88897,12.4931,approximate,https://commons.wikimedia.org/wiki/Special:FilePath/Painted_stucco_relief_-_Nikai_on_candelabra_-_religious_scenes_-_Rome_%28villa_of_Livia_at_Via_Flaminia%29_-_Roma_MNR_PMaT_57897-578803_-_01.jpg?width=400,ArchaiOptix,CC BY-SA 4.0,https://creativecommons.org/licenses/by-sa/4.0,https://commons.wikimedia.org/wiki/File:Painted_stucco_relief_-_Nikai_on_candelabra_-_religious_scenes_-_Rome_%28villa_of_Livia_at_Via_Flaminia%29_-_Roma_MNR_PMaT_57897-578803_-_01.jpg,,Painted stucco relief - Nikai on candelabra - religious scenes - Rome (villa of Livia at Via Flaminia) - Roma MNR PMaT 57897-578803 - 01
rome-painted-stucco-relief-nikai-on-candelabra-religious-scenes-rome-villa-of-livia-at-via-flaminia-roma-mnr-pmat-57897-578803-02,Painted stucco relief - Nikai on candelabra - religious scenes - Rome (villa of Livia at Via Flaminia) - Roma MNR PMaT 57897-578803 - 02,Minoan,General / Decorative,Late Roman Republican / Early Augustean,,,Rome,Lazio,National Roman Museum,41.89028,12.49296,approximate,https://commons.wikimedia.org/wiki/Special:FilePath/Painted_stucco_relief_-_Nikai_on_candelabra_-_religious_scenes_-_Rome_%28villa_of_Livia_at_Via_Flaminia%29_-_Roma_MNR_PMaT_57897-578803_-_02.jpg?width=400,ArchaiOptix,CC BY-SA 4.0,https://creativecommons.org/licenses/by-sa/4.0,https://commons.wikimedia.org/wiki/File:Painted_stucco_relief_-_Nikai_on_candelabra_-_religious_scenes_-_Rome_%28villa_of_Livia_at_Via_Flaminia%29_-_Roma_MNR_PMaT_57897-578803_-_02.jpg,,Painted stucco relief - Nikai on candelabra - religious scenes - Rome (villa of Livia at Via Flaminia) - Roma MNR PMaT 57897-578803 - 02
rome-painted-stucco-relief-nikai-on-candelabra-religious-scenes-rome-villa-of-livia-at-via-flaminia-roma-mnr-pmat-57897-578803-03,Painted stucco relief - Nikai on candelabra - religious scenes - Rome (villa of Livia at Via Flaminia) - Roma MNR PMaT 57897-578803 - 03,Minoan,General / Decorative,Late Roman Republican / Early Augustean,,,Rome,Lazio,National Roman Museum,41.89078,12.4928,approximate,https://commons.wikimedia.org/wiki/Special:FilePath/Painted_stucco_relief_-_Nikai_on_candelabra_-_religious_scenes_-_Rome_%28villa_of_Livia_at_Via_Flaminia%29_-_Roma_MNR_PMaT_57897-578803_-_03.jpg?width=400,ArchaiOptix,CC BY-SA 4.0,https://creativecommons.org/licenses/by-sa/4.0,https://commons.wikimedia.org/wiki/File:Painted_stucco_relief_-_Nikai_on_candelabra_-_religious_scenes_-_Rome_%28villa_of_Livia_at_Via_Flaminia%29_-_Roma_MNR_PMaT_57897-578803_-_03.jpg,,Painted stucco relief - Nikai on candelabra - religious scenes - Rome (villa of Livia at Via Flaminia) - Roma MNR PMaT 57897-578803 - 03
herculaneum-wall-painting-still-life-with-ducks-and-deer-herculaneum-villa-dei-papiri-napoli-man-8759,Wall painting - still life with ducks and deer - Herculaneum (Villa dei Papiri) - Napoli MAN 8759,Roman,General / Decorative,Late Roman Republican / Early Augustean,,,Herculaneum,Campania,Naples National Archaeological Museum,40.8063,14.34783,approximate,https://commons.wikimedia.org/wiki/Special:FilePath/Wall_painting_-_still_life_with_ducks_and_deer_-_Herculaneum_%28Villa_dei_Papiri%29_-_Napoli_MAN_8759.jpg?width=400,ArchaiOptix,CC BY-SA 4.0,https://creativecommons.org/licenses/by-sa/4.0,https://commons.wikimedia.org/wiki/File:Wall_painting_-_still_life_with_ducks_and_deer_-_Herculaneum_%28Villa_dei_Papiri%29_-_Napoli_MAN_8759.jpg,,Wall painting - still life with ducks and deer - Herculaneum (Villa dei Papiri) - Napoli MAN 8759
pompeii-wall-painting-pine-garland-between-columns-pompeii-vi-14-43-napoli-man-9901,Wall painting - pine garland between columns - Pompeii (VI 14 43) - Napoli MAN 9901,Roman,General / Decorative,Late Roman Republican / Early Augustean,,,Pompeii,Campania,Naples National Archaeological Museum,40.75012,14.48628,approximate,https://commons.wikimedia.org/wiki/Special:FilePath/Wall_painting_-_pine_garland_between_columns_-_Pompeii_%28VI_14_43%29_-_Napoli_MAN_9901.jpg?width=400,ArchaiOptix,CC BY-SA 4.0,https://creativecommons.org/licenses/by-sa/4.0,https://commons.wikimedia.org/wiki/File:Wall_painting_-_pine_garland_between_columns_-_Pompeii_%28VI_14_43%29_-_Napoli_MAN_9901.jpg,,Wall painting - pine garland between columns - Pompeii (VI 14 43) - Napoli MAN 9901
pompeii-wall-painting-entrance-to-a-sanctuary-with-tholos-pompeii-vi-17-ins-occ-41-napoli-man-8594-01,Wall painting - entrance to a sanctuary with tholos - Pompeii (VI 17 ins occ 41) - Napoli MAN 8594 - 01,Roman,General / Decorative,Late Roman Republican / Early Augustean,,,Pompeii,Campania,Naples National Archaeological Museum,40.75191,14.48598,approximate,https://commons.wikimedia.org/wiki/Special:FilePath/Wall_painting_-_entrance_to_a_sanctuary_with_tholos_-_Pompeii_%28VI_41_Insula_Occidentalis%29_-_Napoli_MAN_8594_-_01.jpg?width=400,ArchaiOptix,CC BY-SA 4.0,https://creativecommons.org/licenses/by-sa/4.0,https://commons.wikimedia.org/wiki/File:Wall_painting_-_entrance_to_a_sanctuary_with_tholos_-_Pompeii_%28VI_41_Insula_Occidentalis%29_-_Napoli_MAN_8594_-_01.jpg,,Wall painting - entrance to a sanctuary with tholos - Pompeii (VI 17 ins occ 41) - Napoli MAN 8594 - 01
pompeii-wall-painting-entrance-to-a-sanctuary-with-tholos-pompeii-vi-17-ins-occ-41-napoli-man-8594-02,Wall painting - entrance to a sanctuary with tholos - Pompeii (VI 17 ins occ 41) - Napoli MAN 8594 - 02,Roman,General / Decorative,Late Roman Republican / Early Augustean,,,Pompeii,Campania,Naples National Archaeological Museum,40.75055,14.48566,approximate,https://commons.wikimedia.org/wiki/Special:FilePath/Wall_painting_-_entrance_to_a_sanctuary_with_tholos_-_Pompeii_%28VI_41_Insula_Occidentalis%29_-_Napoli_MAN_8594_-_02.jpg?width=400,ArchaiOptix,CC BY-SA 4.0,https://creativecommons.org/licenses/by-sa/4.0,https://commons.wikimedia.org/wiki/File:Wall_painting_-_entrance_to_a_sanctuary_with_tholos_-_Pompeii_%28VI_41_Insula_Occidentalis%29_-_Napoli_MAN_8594_-_02.jpg,,Wall painting - entrance to a sanctuary with tholos - Pompeii (VI 17 ins occ 41) - Napoli MAN 8594 - 02
pompeii-wall-painting-entrance-to-a-sanctuary-with-tholos-pompeii-vi-17-ins-occ-41-napoli-man-8594-03,Wall painting - entrance to a sanctuary with tholos - Pompeii (VI 17 ins occ 41) - Napoli MAN 8594 - 03,Roman,General / Decorative,Late Roman Republican / Early Augustean,,,Pompeii,Campania,Naples National Archaeological Museum,40.75031,14.48711,approximate,https://commons.wikimedia.org/wiki/Special:FilePath/Wall_painting_-_entrance_to_a_sanctuary_with_tholos_-_Pompeii_%28VI_41_Insula_Occidentalis%29_-_Napoli_MAN_8594_-_03.jpg?width=400,ArchaiOptix,CC BY-SA 4.0,https://creativecommons.org/licenses/by-sa/4.0,https://commons.wikimedia.org/wiki/File:Wall_painting_-_entrance_to_a_sanctuary_with_tholos_-_Pompeii_%28VI_41_Insula_Occidentalis%29_-_Napoli_MAN_8594_-_03.jpg,,Wall painting - entrance to a sanctuary with tholos - Pompeii (VI 17 ins occ 41) - Napoli MAN 8594 - 03
pompeii-wall-painting-architecture-with-theatrical-mask-and-dead-hare-pompeii-vi-17-ins-occ-41-napoli-man-9847,Wall painting - architecture with theatrical mask and dead hare - Pompeii (VI 17 ins occ 41) - Napoli MAN 9847,Roman,General / Decorative,Late Roman Republican / Early Augustean,,,Pompeii,Campania,Naples National Archaeological Museum,40.7503,14.48659,approximate,https://commons.wikimedia.org/wiki/Special:FilePath/Wall_painting_-_architecture_with_theatrical_mask_and_dead_hare_-_Pompeii_%28VI_17_ins_occ_41%29_-_Napoli_MAN_9847.jpg?width=400,ArchaiOptix,CC BY-SA 4.0,https://creativecommons.org/licenses/by-sa/4.0,https://commons.wikimedia.org/wiki/File:Wall_painting_-_architecture_with_theatrical_mask_and_dead_hare_-_Pompeii_%28VI_17_ins_occ_41%29_-_Napoli_MAN_9847.jpg,,Wall painting - architecture with theatrical mask and dead hare - Pompeii (VI 17 ins occ 41) - Napoli MAN 9847
pompeii-wall-painting-winged-goddess-pompeii-vi-17-41-insula-occidentalis-pompeii-great-palaestra-01,Wall painting - winged goddess - Pompeii (VI 17 41 Insula Occidentalis) - Pompeii Great Palaestra - 01,Roman,Ritual & Religion,Late Roman Republican / Early Augustean,,,Pompeii,Campania,Naples National Archaeological Museum,40.75039,14.4851,approximate,https://commons.wikimedia.org/wiki/Special:FilePath/Wall_painting_-_winged_goddess_-_Pompeii_%28VI_17_41_Insula_Occidentalis%29_-_Pompeii_Great_Palaestra_-_01.jpg?width=400,ArchaiOptix,CC BY-SA 4.0,https://creativecommons.org/licenses/by-sa/4.0,https://commons.wikimedia.org/wiki/File:Wall_painting_-_winged_goddess_-_Pompeii_%28VI_17_41_Insula_Occidentalis%29_-_Pompeii_Great_Palaestra_-_01.jpg,,Wall painting - winged goddess - Pompeii (VI 17 41 Insula Occidentalis) - Pompeii Great Palaestra - 01
pompeii-wall-painting-winged-goddess-pompeii-vi-17-41-insula-occidentalis-pompeii-great-palaestra-02,Wall painting - winged goddess - Pompeii (VI 17 41 Insula Occidentalis) - Pompeii Great Palaestra - 02,Roman,Ritual & Religion,Late Roman Republican / Early Augustean,,,Pompeii,Campania,Naples National Archaeological Museum,40.75159,14.48695,approximate,https://commons.wikimedia.org/wiki/Special:FilePath/Wall_painting_-_winged_goddess_-_Pompeii_%28VI_17_41_Insula_Occidentalis%29_-_Pompeii_Great_Palaestra_-_02.jpg?width=400,ArchaiOptix,CC BY-SA 4.0,https://creativecommons.org/licenses/by-sa/4.0,https://commons.wikimedia.org/wiki/File:Wall_painting_-_winged_goddess_-_Pompeii_%28VI_17_41_Insula_Occidentalis%29_-_Pompeii_Great_Palaestra_-_02.jpg,,Wall painting - winged goddess - Pompeii (VI 17 41 Insula Occidentalis) - Pompeii Great Palaestra - 02
pompeii-wall-painting-winged-goddess-pompeii-vi-17-41-insula-occidentalis-pompeii-great-palaestra-03,Wall painting - winged goddess - Pompeii (VI 17 41 Insula Occidentalis) - Pompeii Great Palaestra - 03,Roman,Ritual & Religion,Late Roman Republican / Early Augustean,,,Pompeii,Campania,Naples National Archaeological Museum,40.75057,14.48617,approximate,https://commons.wikimedia.org/wiki/Special:FilePath/Wall_painting_-_winged_goddess_-_Pompeii_%28VI_17_41_Insula_Occidentalis%29_-_Pompeii_Great_Palaestra_-_03.jpg?width=400,ArchaiOptix,CC BY-SA 4.0,https://creativecommons.org/licenses/by-sa/4.0,https://commons.wikimedia.org/wiki/File:Wall_painting_-_winged_goddess_-_Pompeii_%28VI_17_41_Insula_Occidentalis%29_-_Pompeii_Great_Palaestra_-_03.jpg,,Wall painting - winged goddess - Pompeii (VI 17 41 Insula Occidentalis) - Pompeii Great Palaestra - 03
pompeii-wall-painting-cult-of-dionysos-pompeii-vi-17-ins-occ-41-napoli-man-9258,Wall painting - cult of Dionysos - Pompeii (VI 17 ins occ 41) - Napoli MAN 9258,Roman,General / Decorative,Late Roman Republican / Early Augustean,,,Pompeii,Campania,Naples National Archaeological Museum,40.75151,14.48798,approximate,https://commons.wikimedia.org/wiki/Special:FilePath/Wall_painting_-_cult_of_Dionysos_-_Pompeii_%28VI_17_ins_occ_41%29_-_Napoli_MAN_9258.jpg?width=400,ArchaiOptix,CC BY-SA 4.0,https://creativecommons.org/licenses/by-sa/4.0,https://commons.wikimedia.org/wiki/File:Wall_painting_-_cult_of_Dionysos_-_Pompeii_%28VI_17_ins_occ_41%29_-_Napoli_MAN_9258.jpg,,Wall painting - cult of Dionysos - Pompeii (VI 17 ins occ 41) - Napoli MAN 9258
aegean-prehistoric-wall-painting-architecture-with-cental-door-and-columns-boscoreale-villa-of-p-fannius-synistor-triclinium-napoli-man-01,Wall painting - architecture with cental door and columns - Boscoreale (Villa of P Fannius Synistor triclinium) - Napoli MAN - 01,Minoan,General / Decorative,Late Roman Republican / Early Augustean,,,Aegean Prehistoric,Crete,Heraklion Archaeological Museum,35.29807,25.16516,approximate,https://commons.wikimedia.org/wiki/Special:FilePath/Wall_painting_-_architecture_with_central_door_and_columns_-_Boscoreale_%28Villa_of_P_Fannius_Synistor_triclinium%29_-_Napoli_MAN_-_01.jpg?width=400,ArchaiOptix,CC BY-SA 4.0,https://creativecommons.org/licenses/by-sa/4.0,https://commons.wikimedia.org/wiki/File:Wall_painting_-_architecture_with_central_door_and_columns_-_Boscoreale_%28Villa_of_P_Fannius_Synistor_triclinium%29_-_Napoli_MAN_-_01.jpg,,Wall painting - architecture with cental door and columns - Boscoreale (Villa of P Fannius Synistor triclinium) - Napoli MAN - 01
aegean-prehistoric-wall-painting-architecture-with-cental-door-and-columns-boscoreale-villa-of-p-fannius-synistor-triclinium-napoli-man-02,Wall painting - architecture with cental door and columns - Boscoreale (Villa of P Fannius Synistor triclinium) - Napoli MAN - 02,Minoan,General / Decorative,Late Roman Republican / Early Augustean,,,Aegean Prehistoric,Crete,Heraklion Archaeological Museum,35.29821,25.16129,approximate,https://commons.wikimedia.org/wiki/Special:FilePath/Wall_painting_-_architecture_with_central_door_and_columns_-_Boscoreale_%28Villa_of_P_Fannius_Synistor_triclinium%29_-_Napoli_MAN_-_02.jpg?width=400,ArchaiOptix,CC BY-SA 4.0,https://creativecommons.org/licenses/by-sa/4.0,https://commons.wikimedia.org/wiki/File:Wall_painting_-_architecture_with_central_door_and_columns_-_Boscoreale_%28Villa_of_P_Fannius_Synistor_triclinium%29_-_Napoli_MAN_-_02.jpg,,Wall painting - architecture with cental door and columns - Boscoreale (Villa of P Fannius Synistor triclinium) - Napoli MAN - 02
aegean-prehistoric-wall-painting-architecture-with-cental-door-and-columns-boscoreale-villa-of-p-fannius-synistor-triclinium-napoli-man-03,Wall painting - architecture with cental door and columns - Boscoreale (Villa of P Fannius Synistor triclinium) - Napoli MAN - 03,Minoan,General / Decorative,Late Roman Republican / Early Augustean,,,Aegean Prehistoric,Crete,Heraklion Archaeological Museum,35.2974,25.1623,approximate,https://commons.wikimedia.org/wiki/Special:FilePath/Wall_painting_-_architecture_with_central_door_and_columns_-_Boscoreale_%28Villa_of_P_Fannius_Synistor_triclinium%29_-_Napoli_MAN_-_03.jpg?width=400,ArchaiOptix,CC BY-SA 4.0,https://creativecommons.org/licenses/by-sa/4.0,https://commons.wikimedia.org/wiki/File:Wall_painting_-_architecture_with_central_door_and_columns_-_Boscoreale_%28Villa_of_P_Fannius_Synistor_triclinium%29_-_Napoli_MAN_-_03.jpg,,Wall painting - architecture with cental door and columns - Boscoreale (Villa of P Fannius Synistor triclinium) - Napoli MAN - 03
aegean-prehistoric-wall-painting-architecture-with-cental-door-and-columns-boscoreale-villa-of-p-fannius-synistor-triclinium-napoli-man-04,Wall painting - architecture with cental door and columns - Boscoreale (Villa of P Fannius Synistor triclinium) - Napoli MAN - 04,Minoan,General / Decorative,Late Roman Republican / Early Augustean,,,Aegean Prehistoric,Crete,Heraklion Archaeological Museum,35.29933,25.16352,approximate,https://commons.wikimedia.org/wiki/Special:FilePath/Wall_painting_-_architecture_with_central_door_and_columns_-_Boscoreale_%28Villa_of_P_Fannius_Synistor_triclinium%29_-_Napoli_MAN_-_04.jpg?width=400,ArchaiOptix,CC BY-SA 4.0,https://creativecommons.org/licenses/by-sa/4.0,https://commons.wikimedia.org/wiki/File:Wall_painting_-_architecture_with_central_door_and_columns_-_Boscoreale_%28Villa_of_P_Fannius_Synistor_triclinium%29_-_Napoli_MAN_-_04.jpg,,Wall painting - architecture with cental door and columns - Boscoreale (Villa of P Fannius Synistor triclinium) - Napoli MAN - 04
aegean-prehistoric-wall-painting-unexplained-figure-scene-boscoreale-villa-of-p-fannius-synistor-oecus-h-napoli-man-01,Wall painting - unexplained figure scene - Boscoreale (Villa of P Fannius Synistor oecus H) - Napoli MAN - 01,Minoan,General / Decorative,Late Roman Republican / Early Augustean,,,Aegean Prehistoric,Crete,Heraklion Archaeological Museum,35.29747,25.1643,approximate,https://commons.wikimedia.org/wiki/Special:FilePath/Wall_painting_-_unexplained_figure_scene_-_Boscoreale_%28Villa_of_P_Fannius_Synistor_oecus_H%29_-_Napoli_MAN_-_01.jpg?width=400,ArchaiOptix,CC BY-SA 4.0,https://creativecommons.org/licenses/by-sa/4.0,https://commons.wikimedia.org/wiki/File:Wall_painting_-_unexplained_figure_scene_-_Boscoreale_%28Villa_of_P_Fannius_Synistor_oecus_H%29_-_Napoli_MAN_-_01.jpg,,Wall painting - unexplained figure scene - Boscoreale (Villa of P Fannius Synistor oecus H) - Napoli MAN - 01
aegean-prehistoric-wall-painting-unexplained-figure-scene-boscoreale-villa-of-p-fannius-synistor-oecus-h-napoli-man-02,Wall painting - unexplained figure scene - Boscoreale (Villa of P Fannius Synistor oecus H) - Napoli MAN - 02,Minoan,General / Decorative,Late Roman Republican / Early Augustean,,,Aegean Prehistoric,Crete,Heraklion Archaeological Museum,35.29991,25.16285,approximate,https://commons.wikimedia.org/wiki/Special:FilePath/Wall_painting_-_unexplained_figure_scene_-_Boscoreale_%28Villa_of_P_Fannius_Synistor_oecus_H%29_-_Napoli_MAN_-_02.jpg?width=400,ArchaiOptix,CC BY-SA 4.0,https://creativecommons.org/licenses/by-sa/4.0,https://commons.wikimedia.org/wiki/File:Wall_painting_-_unexplained_figure_scene_-_Boscoreale_%28Villa_of_P_Fannius_Synistor_oecus_H%29_-_Napoli_MAN_-_02.jpg,,Wall painting - unexplained figure scene - Boscoreale (Villa of P Fannius Synistor oecus H) - Napoli MAN - 02
aegean-prehistoric-wall-painting-unexplained-figure-scene-boscoreale-villa-of-p-fannius-synistor-oecus-h-napoli-man-03,Wall painting - unexplained figure scene - Boscoreale (Villa of P Fannius Synistor oecus H) - Napoli MAN - 03,Minoan,General / Decorative,Late Roman Republican / Early Augustean,,,Aegean Prehistoric,Crete,Heraklion Archaeological Museum,35.29935,25.16208,approximate,https://commons.wikimedia.org/wiki/Special:FilePath/Wall_painting_-_unexplained_figure_scene_-_Boscoreale_%28Villa_of_P_Fannius_Synistor_oecus_H%29_-_Napoli_MAN_-_03.jpg?width=400,ArchaiOptix,CC BY-SA 4.0,https://creativecommons.org/licenses/by-sa/4.0,https://commons.wikimedia.org/wiki/File:Wall_painting_-_unexplained_figure_scene_-_Boscoreale_%28Villa_of_P_Fannius_Synistor_oecus_H%29_-_Napoli_MAN_-_03.jpg,,Wall painting - unexplained figure scene - Boscoreale (Villa of P Fannius Synistor oecus H) - Napoli MAN - 03
aegean-prehistoric-wall-painting-unexplained-figure-scene-boscoreale-villa-of-p-fannius-synistor-oecus-h-napoli-man-04,Wall painting - unexplained figure scene - Boscoreale (Villa of P Fannius Synistor oecus H) - Napoli MAN - 04,Minoan,General / Decorative,Late Roman Republican / Early Augustean,,,Aegean Prehistoric,Crete,Heraklion Archaeological Museum,35.29846,25.16447,approximate,https://commons.wikimedia.org/wiki/Special:FilePath/Wall_painting_-_unexplained_figure_scene_-_Boscoreale_%28Villa_of_P_Fannius_Synistor_oecus_H%29_-_Napoli_MAN_-_04.jpg?width=400,ArchaiOptix,CC BY-SA 4.0,https://creativecommons.org/licenses/by-sa/4.0,https://commons.wikimedia.org/wiki/File:Wall_painting_-_unexplained_figure_scene_-_Boscoreale_%28Villa_of_P_Fannius_Synistor_oecus_H%29_-_Napoli_MAN_-_04.jpg,,Wall painting - unexplained figure scene - Boscoreale (Villa of P Fannius Synistor oecus H) - Napoli MAN - 04
aegean-prehistoric-wall-painting-venus-with-amor-and-psyche-boscoreale-villa-of-p-fannius-synistor-oecus-h-napoli-man,Wall painting - Venus with Amor and Psyche - Boscoreale (Villa of P Fannius Synistor oecus H) - Napoli MAN,Minoan,General / Decorative,Late Roman Republican / Early Augustean,,,Aegean Prehistoric,Crete,Heraklion Archaeological Museum,35.29848,25.1639,approximate,https://commons.wikimedia.org/wiki/Special:FilePath/Wall_painting_-_Venus_with_Amor_and_Psyche_-_Boscoreale_%28Villa_of_P_Fannius_Synistor_oecus_H%29_-_Napoli_MAN.jpg?width=400,ArchaiOptix,CC BY-SA 4.0,https://creativecommons.org/licenses/by-sa/4.0,https://commons.wikimedia.org/wiki/File:Wall_painting_-_Venus_with_Amor_and_Psyche_-_Boscoreale_%28Villa_of_P_Fannius_Synistor_oecus_H%29_-_Napoli_MAN.jpg,,Wall painting - Venus with Amor and Psyche - Boscoreale (Villa of P Fannius Synistor oecus H) - Napoli MAN
aegean-prehistoric-wall-painting-dionysos-with-silenos-and-panther-boscoreale-villa-of-p-fannius-synistor-london-bm-gr-1899-0215-1-01,Wall painting - Dionysos with Silenos and panther - Boscoreale (villa of P Fannius Synistor) - London BM GR 1899-0215-1 - 01,Minoan,General / Decorative,Late Roman Republican / Early Augustean,,,Aegean Prehistoric,Crete,Heraklion Archaeological Museum,35.29846,25.16295,approximate,https://commons.wikimedia.org/wiki/Special:FilePath/Wall_painting_-_Dionysos_with_Silenos_and_panther_-_Boscoreale_%28villa_of_P_Fannius_Synistor%29_-_London_BM_GR_1899-0215-1_-_01.jpg?width=400,ArchaiOptix,CC BY-SA 4.0,https://creativecommons.org/licenses/by-sa/4.0,https://commons.wikimedia.org/wiki/File:Wall_painting_-_Dionysos_with_Silenos_and_panther_-_Boscoreale_%28villa_of_P_Fannius_Synistor%29_-_London_BM_GR_1899-0215-1_-_01.jpg,,Wall painting - Dionysos with Silenos and panther - Boscoreale (villa of P Fannius Synistor) - London BM GR 1899-0215-1 - 01
aegean-prehistoric-wall-painting-dionysos-with-silenos-and-panther-boscoreale-villa-of-p-fannius-synistor-london-bm-gr-1899-0215-1-02,Wall painting - Dionysos with Silenos and panther - Boscoreale (villa of P Fannius Synistor) - London BM GR 1899-0215-1 - 02,Minoan,General / Decorative,Late Roman Republican / Early Augustean,,,Aegean Prehistoric,Crete,Heraklion Archaeological Museum,35.29799,25.16175,approximate,https://commons.wikimedia.org/wiki/Special:FilePath/Wall_painting_-_Dionysos_with_Silenos_and_panther_-_Boscoreale_%28villa_of_P_Fannius_Synistor%29_-_London_BM_GR_1899-0215-1_-_02.jpg?width=400,ArchaiOptix,CC BY-SA 4.0,https://creativecommons.org/licenses/by-sa/4.0,https://commons.wikimedia.org/wiki/File:Wall_painting_-_Dionysos_with_Silenos_and_panther_-_Boscoreale_%28villa_of_P_Fannius_Synistor%29_-_London_BM_GR_1899-0215-1_-_02.jpg,,Wall painting - Dionysos with Silenos and panther - Boscoreale (villa of P Fannius Synistor) - London BM GR 1899-0215-1 - 02
aegean-prehistoric-wall-painting-dionysos-with-silenos-and-panther-boscoreale-villa-of-p-fannius-synistor-london-bm-gr-1899-0215-1-03,Wall painting - Dionysos with Silenos and panther - Boscoreale (villa of P Fannius Synistor) - London BM GR 1899-0215-1 - 03,Minoan,General / Decorative,Late Roman Republican / Early Augustean,,,Aegean Prehistoric,Crete,Heraklion Archaeological Museum,35.29628,25.16373,approximate,https://commons.wikimedia.org/wiki/Special:FilePath/Wall_painting_-_Dionysos_with_Silenos_and_panther_-_Boscoreale_%28villa_of_P_Fannius_Synistor%29_-_London_BM_GR_1899-0215-1_-_03.jpg?width=400,ArchaiOptix,CC BY-SA 4.0,https://creativecommons.org/licenses/by-sa/4.0,https://commons.wikimedia.org/wiki/File:Wall_painting_-_Dionysos_with_Silenos_and_panther_-_Boscoreale_%28villa_of_P_Fannius_Synistor%29_-_London_BM_GR_1899-0215-1_-_03.jpg,,Wall painting - Dionysos with Silenos and panther - Boscoreale (villa of P Fannius Synistor) - London BM GR 1899-0215-1 - 03
aegean-prehistoric-wall-painting-idyllic-landscape-embedded-in-architecture-portici-roman-villa-near-reale-scuderia-napoli-man-8593-01,Wall painting - idyllic landscape embedded in architecture - Portici (roman villa near Reale Scuderia) - Napoli MAN 8593 - 01,Roman,Floral & Landscape,Late Roman Republican / Early Augustean,,,Aegean Prehistoric,Crete,Heraklion Archaeological Museum,35.29971,25.16464,approximate,https://commons.wikimedia.org/wiki/Special:FilePath/Wall_painting_-_idyllic_landscape_embedded_in_architecture_-_Vesuvius_region_-_Napoli_MAN_8593_-_01.jpg?width=400,ArchaiOptix,CC BY-SA 4.0,https://creativecommons.org/licenses/by-sa/4.0,https://commons.wikimedia.org/wiki/File:Wall_painting_-_idyllic_landscape_embedded_in_architecture_-_Vesuvius_region_-_Napoli_MAN_8593_-_01.jpg,,Wall painting - idyllic landscape embedded in architecture - Portici (roman villa near Reale Scuderia) - Napoli MAN 8593 - 01
aegean-prehistoric-wall-painting-idyllic-landscape-embedded-in-architecture-portici-roman-villa-near-reale-scuderia-napoli-man-8593-02,Wall painting - idyllic landscape embedded in architecture - Portici (roman villa near Reale Scuderia) - Napoli MAN 8593 - 02,Roman,Floral & Landscape,Late Roman Republican / Early Augustean,,,Aegean Prehistoric,Crete,Heraklion Archaeological Museum,35.2977,25.16224,approximate,https://commons.wikimedia.org/wiki/Special:FilePath/Wall_painting_-_idyllic_landscape_embedded_in_architecture_-_Vesuvius_region_-_Napoli_MAN_8593_-_02.jpg?width=400,ArchaiOptix,CC BY-SA 4.0,https://creativecommons.org/licenses/by-sa/4.0,https://commons.wikimedia.org/wiki/File:Wall_painting_-_idyllic_landscape_embedded_in_architecture_-_Vesuvius_region_-_Napoli_MAN_8593_-_02.jpg,,Wall painting - idyllic landscape embedded in architecture - Portici (roman villa near Reale Scuderia) - Napoli MAN 8593 - 02
herculaneum-wall-painting-aktaion-and-artemis-portici-villa-romana-near-reale-scuderia-napoli-man-9413,Wall painting - Aktaion and Artemis - Portici (villa romana near Reale Scuderia) - Napoli MAN 9413,Roman,General / Decorative,Late Roman Republican / Early Augustean,,,Herculaneum,Campania,Naples National Archaeological Museum,40.8049,14.34756,approximate,https://commons.wikimedia.org/wiki/Special:FilePath/Wall_painting_-_Aktaion_and_Artemis_-_Herculaneum_-_Napoli_MAN_9413.jpg?width=400,ArchaiOptix,CC BY-SA 4.0,https://creativecommons.org/licenses/by-sa/4.0,https://commons.wikimedia.org/wiki/File:Wall_painting_-_Aktaion_and_Artemis_-_Herculaneum_-_Napoli_MAN_9413.jpg,,Wall painting - Aktaion and Artemis - Portici (villa romana near Reale Scuderia) - Napoli MAN 9413
aegean-prehistoric-wall-painting-three-erotes-playing-at-altar-portici-villa-romana-near-reale-scuderia-napoli-man-9294,Wall painting - three Erotes playing at altar - Portici (villa romana near Reale Scuderia) - Napoli MAN 9294,Roman,Ritual & Religion,Late Roman Republican / Early Augustean,,,Aegean Prehistoric,Crete,Heraklion Archaeological Museum,35.2982,25.16332,approximate,https://commons.wikimedia.org/wiki/Special:FilePath/Wall_painting_-_three_Erotes_playing_at_altar_-_Portici_%28villa_romana_near_Reale_Scuderia%29_-_Napoli_MAN_9294.jpg?width=400,ArchaiOptix,CC BY-SA 4.0,https://creativecommons.org/licenses/by-sa/4.0,https://commons.wikimedia.org/wiki/File:Wall_painting_-_three_Erotes_playing_at_altar_-_Portici_%28villa_romana_near_Reale_Scuderia%29_-_Napoli_MAN_9294.jpg,,Wall painting - three Erotes playing at altar - Portici (villa romana near Reale Scuderia) - Napoli MAN 9294
aegean-prehistoric-wall-painting-head-of-fertility-god-naga-temple-of-amun-m-nchen-smaek-01,Wall painting - head of fertility god - Naga (temple of Amun) - München SMAEK - 01,Minoan,General / Decorative,Mid First Century AD,,,Aegean Prehistoric,Crete,Heraklion Archaeological Museum,35.29857,25.16246,approximate,https://commons.wikimedia.org/wiki/Special:FilePath/Wall_painting_-_head_of_fertility_god_-_Naga_%28temple_of_Amun%29_-_M%C3%BCnchen_SMAEK_-_01.jpg?width=400,ArchaiOptix,CC BY-SA 4.0,https://creativecommons.org/licenses/by-sa/4.0,https://commons.wikimedia.org/wiki/File:Wall_painting_-_head_of_fertility_god_-_Naga_%28temple_of_Amun%29_-_M%C3%BCnchen_SMAEK_-_01.jpg,,Wall painting - head of fertility god - Naga (temple of Amun) - München SMAEK - 01
aegean-prehistoric-wall-painting-head-of-fertility-god-naga-temple-of-amun-m-nchen-smaek-02,Wall painting - head of fertility god - Naga (temple of Amun) - München SMAEK - 02,Minoan,General / Decorative,Mid First Century AD,,,Aegean Prehistoric,Crete,Heraklion Archaeological Museum,35.29605,25.16162,approximate,https://commons.wikimedia.org/wiki/Special:FilePath/Wall_painting_-_head_of_fertility_god_-_Naga_%28temple_of_Amun%29_-_M%C3%BCnchen_SMAEK_-_02.jpg?width=400,ArchaiOptix,CC BY-SA 4.0,https://creativecommons.org/licenses/by-sa/4.0,https://commons.wikimedia.org/wiki/File:Wall_painting_-_head_of_fertility_god_-_Naga_%28temple_of_Amun%29_-_M%C3%BCnchen_SMAEK_-_02.jpg,,Wall painting - head of fertility god - Naga (temple of Amun) - München SMAEK - 02
aegean-prehistoric-wall-painting-arm-and-chest-of-king-naga-temple-of-amun-m-nchen-smaek,Wall painting - arm and chest of king - Naga (temple of Amun) - München SMAEK,Minoan,General / Decorative,Mid First Century AD,,,Aegean Prehistoric,Crete,Heraklion Archaeological Museum,35.29701,25.16215,approximate,https://commons.wikimedia.org/wiki/Special:FilePath/Wall_painting_-_arm_and_chest_of_king_-_Naga_%28temple_of_Amun%29_-_M%C3%BCnchen_SMAEK.jpg?width=400,ArchaiOptix,CC BY-SA 4.0,https://creativecommons.org/licenses/by-sa/4.0,https://commons.wikimedia.org/wiki/File:Wall_painting_-_arm_and_chest_of_king_-_Naga_%28temple_of_Amun%29_-_M%C3%BCnchen_SMAEK.jpg,,Wall painting - arm and chest of king - Naga (temple of Amun) - München SMAEK
aegean-prehistoric-wall-painting-crouching-panther-brescia-via-trieste-brescia-msg,Wall painting - crouching panther - Brescia (Via Trieste) - Brescia MSG,Minoan,General / Decorative,Late Augustean / Early Julio-Claudian,,,Aegean Prehistoric,Crete,Heraklion Archaeological Museum,35.29955,25.16517,approximate,https://commons.wikimedia.org/wiki/Special:FilePath/Wall_painting_-_crouching_panther_-_Brescia_%28Via_Trieste%29_-_Brescia_MSG.jpg?width=400,ArchaiOptix,CC BY-SA 4.0,https://creativecommons.org/licenses/by-sa/4.0,https://commons.wikimedia.org/wiki/File:Wall_painting_-_crouching_panther_-_Brescia_%28Via_Trieste%29_-_Brescia_MSG.jpg,,Wall painting - crouching panther - Brescia (Via Trieste) - Brescia MSG
aegean-prehistoric-wall-painting-geometric-and-floral-motives-milano-via-tommaso-grossi-milano-ma-st-149121-4,Wall painting - geometric and floral motives - Milano (Via Tommaso Grossi) - Milano MA St 149121-4,Minoan,General / Decorative,Late Augustean / Early Julio-Claudian,,,Aegean Prehistoric,Crete,Heraklion Archaeological Museum,35.29968,25.16381,approximate,https://commons.wikimedia.org/wiki/Special:FilePath/Wall_painting_-_geometric_and_floral_motives_-_Milano_%28Via_Tommaso_Grossi%29_-_Milano_MA_St_149121-4.jpg?width=400,ArchaiOptix,CC BY-SA 4.0,https://creativecommons.org/licenses/by-sa/4.0,https://commons.wikimedia.org/wiki/File:Wall_painting_-_geometric_and_floral_motives_-_Milano_%28Via_Tommaso_Grossi%29_-_Milano_MA_St_149121-4.jpg,,Wall painting - geometric and floral motives - Milano (Via Tommaso Grossi) - Milano MA St 149121-4
rome-wall-painting-figure-scenes-rome-villa-della-farnesina-cryptoporticus-roma-mnr-pmat-01,Wall painting - figure scenes - Rome (Villa della Farnesina - cryptoporticus) - Roma MNR PMaT - 01,Minoan,General / Decorative,Late Augustean / Early Julio-Claudian,,,Rome,Lazio,National Roman Museum,41.8915,12.49212,approximate,https://commons.wikimedia.org/wiki/Special:FilePath/Wall_painting_-_figure_scenes_-_Rome_%28Villa_della_Farnesina_-_cryptoporticus%29_-_Roma_MNR_PMaT_-_01.jpg?width=400,ArchaiOptix,CC BY-SA 4.0,https://creativecommons.org/licenses/by-sa/4.0,https://commons.wikimedia.org/wiki/File:Wall_painting_-_figure_scenes_-_Rome_%28Villa_della_Farnesina_-_cryptoporticus%29_-_Roma_MNR_PMaT_-_01.jpg,,Wall painting - figure scenes - Rome (Villa della Farnesina - cryptoporticus) - Roma MNR PMaT - 01
rome-wall-painting-figure-scenes-rome-villa-della-farnesina-cryptoporticus-roma-mnr-pmat-02,Wall painting - figure scenes - Rome (Villa della Farnesina - cryptoporticus) - Roma MNR PMaT - 02,Minoan,General / Decorative,Late Augustean / Early Julio-Claudian,,,Rome,Lazio,National Roman Museum,41.89009,12.49297,approximate,https://commons.wikimedia.org/wiki/Special:FilePath/Wall_painting_-_figure_scenes_-_Rome_%28Villa_della_Farnesina_-_cryptoporticus%29_-_Roma_MNR_PMaT_-_02.jpg?width=400,ArchaiOptix,CC BY-SA 4.0,https://creativecommons.org/licenses/by-sa/4.0,https://commons.wikimedia.org/wiki/File:Wall_painting_-_figure_scenes_-_Rome_%28Villa_della_Farnesina_-_cryptoporticus%29_-_Roma_MNR_PMaT_-_02.jpg,,Wall painting - figure scenes - Rome (Villa della Farnesina - cryptoporticus) - Roma MNR PMaT - 02
rome-wall-painting-figure-scenes-rome-villa-della-farnesina-cryptoporticus-roma-mnr-pmat-03,Wall painting - figure scenes - Rome (Villa della Farnesina - cryptoporticus) - Roma MNR PMaT - 03,Minoan,General / Decorative,Late Augustean / Early Julio-Claudian,,,Rome,Lazio,National Roman Museum,41.89042,12.49366,approximate,https://commons.wikimedia.org/wiki/Special:FilePath/Wall_painting_-_figure_scenes_-_Rome_%28Villa_della_Farnesina_-_cryptoporticus%29_-_Roma_MNR_PMaT_-_03.jpg?width=400,ArchaiOptix,CC BY-SA 4.0,https://creativecommons.org/licenses/by-sa/4.0,https://commons.wikimedia.org/wiki/File:Wall_painting_-_figure_scenes_-_Rome_%28Villa_della_Farnesina_-_cryptoporticus%29_-_Roma_MNR_PMaT_-_03.jpg,,Wall painting - figure scenes - Rome (Villa della Farnesina - cryptoporticus) - Roma MNR PMaT - 03
rome-wall-painting-figure-scenes-rome-villa-della-farnesina-cryptoporticus-roma-mnr-pmat-1195-1212-04,Wall painting - figure scenes - Rome (Villa della Farnesina - cryptoporticus) - Roma MNR PMaT 1195-1212 - 04,Minoan,General / Decorative,Late Augustean / Early Julio-Claudian,,,Rome,Lazio,National Roman Museum,41.89083,12.4924,approximate,https://commons.wikimedia.org/wiki/Special:FilePath/Wall_painting_-_figure_scenes_-_Rome_%28Villa_della_Farnesina_-_cryptoporticus%29_-_Roma_MNR_PMaT_1195-1212_-_04.jpg?width=400,ArchaiOptix,CC BY-SA 4.0,https://creativecommons.org/licenses/by-sa/4.0,https://commons.wikimedia.org/wiki/File:Wall_painting_-_figure_scenes_-_Rome_%28Villa_della_Farnesina_-_cryptoporticus%29_-_Roma_MNR_PMaT_1195-1212_-_04.jpg,,Wall painting - figure scenes - Rome (Villa della Farnesina - cryptoporticus) - Roma MNR PMaT 1195-1212 - 04
rome-wall-painting-figure-scenes-rome-villa-della-farnesina-cryptoporticus-roma-mnr-pmat-1195-1212-05,Wall painting - figure scenes - Rome (Villa della Farnesina - cryptoporticus) - Roma MNR PMaT 1195-1212 - 05,Minoan,General / Decorative,Late Augustean / Early Julio-Claudian,,,Rome,Lazio,National Roman Museum,41.89131,12.49251,approximate,https://commons.wikimedia.org/wiki/Special:FilePath/Wall_painting_-_figure_scenes_-_Rome_%28Villa_della_Farnesina_-_cryptoporticus%29_-_Roma_MNR_PMaT_1195-1212_-_05.jpg?width=400,ArchaiOptix,CC BY-SA 4.0,https://creativecommons.org/licenses/by-sa/4.0,https://commons.wikimedia.org/wiki/File:Wall_painting_-_figure_scenes_-_Rome_%28Villa_della_Farnesina_-_cryptoporticus%29_-_Roma_MNR_PMaT_1195-1212_-_05.jpg,,Wall painting - figure scenes - Rome (Villa della Farnesina - cryptoporticus) - Roma MNR PMaT 1195-1212 - 05
rome-wall-painting-figure-scenes-rome-villa-della-farnesina-cryptoporticus-roma-mnr-pmat-1195-1212-06,Wall painting - figure scenes - Rome (Villa della Farnesina - cryptoporticus) - Roma MNR PMaT 1195-1212 - 06,Minoan,General / Decorative,Late Augustean / Early Julio-Claudian,,,Rome,Lazio,National Roman Museum,41.89143,12.49222,approximate,https://commons.wikimedia.org/wiki/Special:FilePath/Wall_painting_-_figure_scenes_-_Rome_%28Villa_della_Farnesina_-_cryptoporticus%29_-_Roma_MNR_PMaT_1195-1212_-_06.jpg?width=400,ArchaiOptix,CC BY-SA 4.0,https://creativecommons.org/licenses/by-sa/4.0,https://commons.wikimedia.org/wiki/File:Wall_painting_-_figure_scenes_-_Rome_%28Villa_della_Farnesina_-_cryptoporticus%29_-_Roma_MNR_PMaT_1195-1212_-_06.jpg,,Wall painting - figure scenes - Rome (Villa della Farnesina - cryptoporticus) - Roma MNR PMaT 1195-1212 - 06
rome-wall-painting-figure-scenes-rome-villa-della-farnesina-cryptoporticus-roma-mnr-pmat-1195-1212-07,Wall painting - figure scenes - Rome (Villa della Farnesina - cryptoporticus) - Roma MNR PMaT 1195-1212 - 07,Minoan,General / Decorative,Late Augustean / Early Julio-Claudian,,,Rome,Lazio,National Roman Museum,41.89131,12.49175,approximate,https://commons.wikimedia.org/wiki/Special:FilePath/Wall_painting_-_figure_scenes_-_Rome_%28Villa_della_Farnesina_-_cryptoporticus%29_-_Roma_MNR_PMaT_1195-1212_-_07.jpg?width=400,ArchaiOptix,CC BY-SA 4.0,https://creativecommons.org/licenses/by-sa/4.0,https://commons.wikimedia.org/wiki/File:Wall_painting_-_figure_scenes_-_Rome_%28Villa_della_Farnesina_-_cryptoporticus%29_-_Roma_MNR_PMaT_1195-1212_-_07.jpg,,Wall painting - figure scenes - Rome (Villa della Farnesina - cryptoporticus) - Roma MNR PMaT 1195-1212 - 07
rome-wall-painting-figure-scenes-rome-villa-della-farnesina-cryptoporticus-roma-mnr-pmat-1195-1212-08,Wall painting - figure scenes - Rome (Villa della Farnesina - cryptoporticus) - Roma MNR PMaT 1195-1212 - 08,Minoan,General / Decorative,Late Augustean / Early Julio-Claudian,,,Rome,Lazio,National Roman Museum,41.88953,12.49243,approximate,https://commons.wikimedia.org/wiki/Special:FilePath/Wall_painting_-_figure_scenes_-_Rome_%28Villa_della_Farnesina_-_cryptoporticus%29_-_Roma_MNR_PMaT_1195-1212_-_08.jpg?width=400,ArchaiOptix,CC BY-SA 4.0,https://creativecommons.org/licenses/by-sa/4.0,https://commons.wikimedia.org/wiki/File:Wall_painting_-_figure_scenes_-_Rome_%28Villa_della_Farnesina_-_cryptoporticus%29_-_Roma_MNR_PMaT_1195-1212_-_08.jpg,,Wall painting - figure scenes - Rome (Villa della Farnesina - cryptoporticus) - Roma MNR PMaT 1195-1212 - 08
rome-wall-painting-figure-scenes-rome-villa-della-farnesina-cryptoporticus-roma-mnr-pmat-1195-1212-09,Wall painting - figure scenes - Rome (Villa della Farnesina - cryptoporticus) - Roma MNR PMaT 1195-1212 - 09,Minoan,General / Decorative,Late Augustean / Early Julio-Claudian,,,Rome,Lazio,National Roman Museum,41.88879,12.49342,approximate,https://commons.wikimedia.org/wiki/Special:FilePath/Wall_painting_-_figure_scenes_-_Rome_%28Villa_della_Farnesina_-_cryptoporticus%29_-_Roma_MNR_PMaT_1195-1212_-_09.jpg?width=400,ArchaiOptix,CC BY-SA 4.0,https://creativecommons.org/licenses/by-sa/4.0,https://commons.wikimedia.org/wiki/File:Wall_painting_-_figure_scenes_-_Rome_%28Villa_della_Farnesina_-_cryptoporticus%29_-_Roma_MNR_PMaT_1195-1212_-_09.jpg,,Wall painting - figure scenes - Rome (Villa della Farnesina - cryptoporticus) - Roma MNR PMaT 1195-1212 - 09
rome-wall-painting-figure-scenes-rome-villa-della-farnesina-cryptoporticus-roma-mnr-pmat-1195-1212-10,Wall painting - figure scenes - Rome (Villa della Farnesina - cryptoporticus) - Roma MNR PMaT 1195-1212 - 10,Minoan,General / Decorative,Late Augustean / Early Julio-Claudian,,,Rome,Lazio,National Roman Museum,41.8896,12.49181,approximate,https://commons.wikimedia.org/wiki/Special:FilePath/Wall_painting_-_figure_scenes_-_Rome_%28Villa_della_Farnesina_-_cryptoporticus%29_-_Roma_MNR_PMaT_1195-1212_-_10.jpg?width=400,ArchaiOptix,CC BY-SA 4.0,https://creativecommons.org/licenses/by-sa/4.0,https://commons.wikimedia.org/wiki/File:Wall_painting_-_figure_scenes_-_Rome_%28Villa_della_Farnesina_-_cryptoporticus%29_-_Roma_MNR_PMaT_1195-1212_-_10.jpg,,Wall painting - figure scenes - Rome (Villa della Farnesina - cryptoporticus) - Roma MNR PMaT 1195-1212 - 10
rome-wall-painting-figure-scenes-rome-villa-della-farnesina-cryptoporticus-roma-mnr-pmat-1195-1212-11,Wall painting - figure scenes - Rome (Villa della Farnesina - cryptoporticus) - Roma MNR PMaT 1195-1212 - 11,Minoan,General / Decorative,Late Augustean / Early Julio-Claudian,,,Rome,Lazio,National Roman Museum,41.88911,12.49249,approximate,https://commons.wikimedia.org/wiki/Special:FilePath/Wall_painting_-_figure_scenes_-_Rome_%28Villa_della_Farnesina_-_cryptoporticus%29_-_Roma_MNR_PMaT_1195-1212_-_11.jpg?width=400,ArchaiOptix,CC BY-SA 4.0,https://creativecommons.org/licenses/by-sa/4.0,https://commons.wikimedia.org/wiki/File:Wall_painting_-_figure_scenes_-_Rome_%28Villa_della_Farnesina_-_cryptoporticus%29_-_Roma_MNR_PMaT_1195-1212_-_11.jpg,,Wall painting - figure scenes - Rome (Villa della Farnesina - cryptoporticus) - Roma MNR PMaT 1195-1212 - 11
rome-wall-painting-figure-scenes-rome-villa-della-farnesina-cryptoporticus-roma-mnr-pmat-1195-1212-12,Wall painting - figure scenes - Rome (Villa della Farnesina - cryptoporticus) - Roma MNR PMaT 1195-1212 - 12,Minoan,General / Decorative,Late Augustean / Early Julio-Claudian,,,Rome,Lazio,National Roman Museum,41.89077,12.49308,approximate,https://commons.wikimedia.org/wiki/Special:FilePath/Wall_painting_-_figure_scenes_-_Rome_%28Villa_della_Farnesina_-_cryptoporticus%29_-_Roma_MNR_PMaT_1195-1212_-_12.jpg?width=400,ArchaiOptix,CC BY-SA 4.0,https://creativecommons.org/licenses/by-sa/4.0,https://commons.wikimedia.org/wiki/File:Wall_painting_-_figure_scenes_-_Rome_%28Villa_della_Farnesina_-_cryptoporticus%29_-_Roma_MNR_PMaT_1195-1212_-_12.jpg,,Wall painting - figure scenes - Rome (Villa della Farnesina - cryptoporticus) - Roma MNR PMaT 1195-1212 - 12
rome-wall-painting-figure-scenes-rome-villa-della-farnesina-cryptoporticus-roma-mnr-pmat-1195-1212-13,Wall painting - figure scenes - Rome (Villa della Farnesina - cryptoporticus) - Roma MNR PMaT 1195-1212 - 13,Minoan,General / Decorative,Late Augustean / Early Julio-Claudian,,,Rome,Lazio,National Roman Museum,41.88944,12.49159,approximate,https://commons.wikimedia.org/wiki/Special:FilePath/Wall_painting_-_figure_scenes_-_Rome_%28Villa_della_Farnesina_-_cryptoporticus%29_-_Roma_MNR_PMaT_1195-1212_-_13.jpg?width=400,ArchaiOptix,CC BY-SA 4.0,https://creativecommons.org/licenses/by-sa/4.0,https://commons.wikimedia.org/wiki/File:Wall_painting_-_figure_scenes_-_Rome_%28Villa_della_Farnesina_-_cryptoporticus%29_-_Roma_MNR_PMaT_1195-1212_-_13.jpg,,Wall painting - figure scenes - Rome (Villa della Farnesina - cryptoporticus) - Roma MNR PMaT 1195-1212 - 13
rome-wall-painting-figure-scenes-rome-villa-della-farnesina-cryptoporticus-roma-mnr-pmat-1195-1212-14,Wall painting - figure scenes - Rome (Villa della Farnesina - cryptoporticus) - Roma MNR PMaT 1195-1212 - 14,Minoan,General / Decorative,Late Augustean / Early Julio-Claudian,,,Rome,Lazio,National Roman Museum,41.88928,12.49216,approximate,https://commons.wikimedia.org/wiki/Special:FilePath/Wall_painting_-_figure_scenes_-_Rome_%28Villa_della_Farnesina_-_cryptoporticus%29_-_Roma_MNR_PMaT_1195-1212_-_14.jpg?width=400,ArchaiOptix,CC BY-SA 4.0,https://creativecommons.org/licenses/by-sa/4.0,https://commons.wikimedia.org/wiki/File:Wall_painting_-_figure_scenes_-_Rome_%28Villa_della_Farnesina_-_cryptoporticus%29_-_Roma_MNR_PMaT_1195-1212_-_14.jpg,,Wall painting - figure scenes - Rome (Villa della Farnesina - cryptoporticus) - Roma MNR PMaT 1195-1212 - 14
rome-wall-painting-venus-with-a-servant-woman-and-amor-and-other-figure-scenes-rome-villa-della-farnesina-cubiculum-b-roma-mnr-pmat-01,Wall painting - Venus with a servant woman and Amor and other figure scenes - Rome (Villa della Farnesina - cubiculum B) - Roma MNR PMaT - 01,Minoan,General / Decorative,Late Augustean / Early Julio-Claudian,,,Rome,Lazio,National Roman Museum,41.89034,12.49116,approximate,https://commons.wikimedia.org/wiki/Special:FilePath/Wall_painting_-_Venus_with_a_servant_woman_and_Amor_and_other_figure_scenes_-_Rome_%28Villa_della_Farnesina_-_cubiculum_B%29_-_Roma_MNR_PMaT_-_01.jpg?width=400,ArchaiOptix,CC BY-SA 4.0,https://creativecommons.org/licenses/by-sa/4.0,https://commons.wikimedia.org/wiki/File:Wall_painting_-_Venus_with_a_servant_woman_and_Amor_and_other_figure_scenes_-_Rome_%28Villa_della_Farnesina_-_cubiculum_B%29_-_Roma_MNR_PMaT_-_01.jpg,,Wall painting - Venus with a servant woman and Amor and other figure scenes - Rome (Villa della Farnesina - cubiculum B) - Roma MNR PMaT - 01
rome-wall-painting-venus-with-a-servant-woman-and-amor-and-other-figure-scenes-rome-villa-della-farnesina-cubiculum-b-roma-mnr-pmat-02,Wall painting - Venus with a servant woman and Amor and other figure scenes - Rome (Villa della Farnesina - cubiculum B) - Roma MNR PMaT - 02,Minoan,General / Decorative,Late Augustean / Early Julio-Claudian,,,Rome,Lazio,National Roman Museum,41.89014,12.49254,approximate,https://commons.wikimedia.org/wiki/Special:FilePath/Wall_painting_-_Venus_with_a_servant_woman_and_Amor_and_other_figure_scenes_-_Rome_%28Villa_della_Farnesina_-_cubiculum_B%29_-_Roma_MNR_PMaT_-_02.jpg?width=400,ArchaiOptix,CC BY-SA 4.0,https://creativecommons.org/licenses/by-sa/4.0,https://commons.wikimedia.org/wiki/File:Wall_painting_-_Venus_with_a_servant_woman_and_Amor_and_other_figure_scenes_-_Rome_%28Villa_della_Farnesina_-_cubiculum_B%29_-_Roma_MNR_PMaT_-_02.jpg,,Wall painting - Venus with a servant woman and Amor and other figure scenes - Rome (Villa della Farnesina - cubiculum B) - Roma MNR PMaT - 02
rome-wall-painting-venus-with-a-servant-woman-and-amor-and-other-figure-scenes-rome-villa-della-farnesina-cubiculum-b-roma-mnr-pmat-03,Wall painting - Venus with a servant woman and Amor and other figure scenes - Rome (Villa della Farnesina - cubiculum B) - Roma MNR PMaT - 03,Minoan,General / Decorative,Late Augustean / Early Julio-Claudian,,,Rome,Lazio,National Roman Museum,41.88928,12.49094,approximate,https://commons.wikimedia.org/wiki/Special:FilePath/Wall_painting_-_Venus_with_a_servant_woman_and_Amor_and_other_figure_scenes_-_Rome_%28Villa_della_Farnesina_-_cubiculum_B%29_-_Roma_MNR_PMaT_-_03.jpg?width=400,ArchaiOptix,CC BY-SA 4.0,https://creativecommons.org/licenses/by-sa/4.0,https://commons.wikimedia.org/wiki/File:Wall_painting_-_Venus_with_a_servant_woman_and_Amor_and_other_figure_scenes_-_Rome_%28Villa_della_Farnesina_-_cubiculum_B%29_-_Roma_MNR_PMaT_-_03.jpg,,Wall painting - Venus with a servant woman and Amor and other figure scenes - Rome (Villa della Farnesina - cubiculum B) - Roma MNR PMaT - 03
rome-wall-painting-venus-with-a-servant-woman-and-amor-and-other-figure-scenes-rome-villa-della-farnesina-cubiculum-b-roma-mnr-pmat-1117-1128-04,Wall painting - Venus with a servant woman and Amor and other figure scenes - Rome (Villa della Farnesina - cubiculum B) - Roma MNR PMaT 1117-1128 - 04,Minoan,General / Decorative,Late Augustean / Early Julio-Claudian,,,Rome,Lazio,National Roman Museum,41.89005,12.49208,approximate,https://commons.wikimedia.org/wiki/Special:FilePath/Wall_painting_-_Venus_with_a_servant_woman_and_Amor_and_other_figure_scenes_-_Rome_%28Villa_della_Farnesina_-_cubiculum_B%29_-_Roma_MNR_PMaT_1117-1128_-_04.jpg?width=400,ArchaiOptix,CC BY-SA 4.0,https://creativecommons.org/licenses/by-sa/4.0,https://commons.wikimedia.org/wiki/File:Wall_painting_-_Venus_with_a_servant_woman_and_Amor_and_other_figure_scenes_-_Rome_%28Villa_della_Farnesina_-_cubiculum_B%29_-_Roma_MNR_PMaT_1117-1128_-_04.jpg,,Wall painting - Venus with a servant woman and Amor and other figure scenes - Rome (Villa della Farnesina - cubiculum B) - Roma MNR PMaT 1117-1128 - 04
rome-wall-painting-venus-with-a-servant-woman-and-amor-and-other-figure-scenes-rome-villa-della-farnesina-cubiculum-b-roma-mnr-pmat-1117-1128-05,Wall painting - Venus with a servant woman and Amor and other figure scenes - Rome (Villa della Farnesina - cubiculum B) - Roma MNR PMaT 1117-1128 - 05,Minoan,General / Decorative,Late Augustean / Early Julio-Claudian,,,Rome,Lazio,National Roman Museum,41.88999,12.4923,approximate,https://commons.wikimedia.org/wiki/Special:FilePath/Wall_painting_-_Venus_with_a_servant_woman_and_Amor_and_other_figure_scenes_-_Rome_%28Villa_della_Farnesina_-_cubiculum_B%29_-_Roma_MNR_PMaT_1117-1128_-_05.jpg?width=400,ArchaiOptix,CC BY-SA 4.0,https://creativecommons.org/licenses/by-sa/4.0,https://commons.wikimedia.org/wiki/File:Wall_painting_-_Venus_with_a_servant_woman_and_Amor_and_other_figure_scenes_-_Rome_%28Villa_della_Farnesina_-_cubiculum_B%29_-_Roma_MNR_PMaT_1117-1128_-_05.jpg,,Wall painting - Venus with a servant woman and Amor and other figure scenes - Rome (Villa della Farnesina - cubiculum B) - Roma MNR PMaT 1117-1128 - 05
rome-wall-painting-venus-with-a-servant-woman-and-amor-and-other-figure-scenes-rome-villa-della-farnesina-cubiculum-b-roma-mnr-pmat-1117-1128-06,Wall painting - Venus with a servant woman and Amor and other figure scenes - Rome (Villa della Farnesina - cubiculum B) - Roma MNR PMaT 1117-1128 - 06,Minoan,General / Decorative,Late Augustean / Early Julio-Claudian,,,Rome,Lazio,National Roman Museum,41.89046,12.49268,approximate,https://commons.wikimedia.org/wiki/Special:FilePath/Wall_painting_-_Venus_with_a_servant_woman_and_Amor_and_other_figure_scenes_-_Rome_%28Villa_della_Farnesina_-_cubiculum_B%29_-_Roma_MNR_PMaT_1117-1128_-_06.jpg?width=400,ArchaiOptix,CC BY-SA 4.0,https://creativecommons.org/licenses/by-sa/4.0,https://commons.wikimedia.org/wiki/File:Wall_painting_-_Venus_with_a_servant_woman_and_Amor_and_other_figure_scenes_-_Rome_%28Villa_della_Farnesina_-_cubiculum_B%29_-_Roma_MNR_PMaT_1117-1128_-_06.jpg,,Wall painting - Venus with a servant woman and Amor and other figure scenes - Rome (Villa della Farnesina - cubiculum B) - Roma MNR PMaT 1117-1128 - 06
rome-wall-painting-venus-with-a-servant-woman-and-amor-and-other-figure-scenes-rome-villa-della-farnesina-cubiculum-b-roma-mnr-pmat-1117-1128-07,Wall painting - Venus with a servant woman and Amor and other figure scenes - Rome (Villa della Farnesina - cubiculum B) - Roma MNR PMaT 1117-1128 - 07,Minoan,General / Decorative,Late Augustean / Early Julio-Claudian,,,Rome,Lazio,National Roman Museum,41.89142,12.49304,approximate,https://commons.wikimedia.org/wiki/Special:FilePath/Wall_painting_-_Venus_with_a_servant_woman_and_Amor_and_other_figure_scenes_-_Rome_%28Villa_della_Farnesina_-_cubiculum_B%29_-_Roma_MNR_PMaT_1117-1128_-_07.jpg?width=400,ArchaiOptix,CC BY-SA 4.0,https://creativecommons.org/licenses/by-sa/4.0,https://commons.wikimedia.org/wiki/File:Wall_painting_-_Venus_with_a_servant_woman_and_Amor_and_other_figure_scenes_-_Rome_%28Villa_della_Farnesina_-_cubiculum_B%29_-_Roma_MNR_PMaT_1117-1128_-_07.jpg,,Wall painting - Venus with a servant woman and Amor and other figure scenes - Rome (Villa della Farnesina - cubiculum B) - Roma MNR PMaT 1117-1128 - 07
rome-wall-painting-venus-with-a-servant-woman-and-amor-and-other-figure-scenes-rome-villa-della-farnesina-cubiculum-b-roma-mnr-pmat-1117-1128-08,Wall painting - Venus with a servant woman and Amor and other figure scenes - Rome (Villa della Farnesina - cubiculum B) - Roma MNR PMaT 1117-1128 - 08,Minoan,General / Decorative,Late Augustean / Early Julio-Claudian,,,Rome,Lazio,National Roman Museum,41.89017,12.49202,approximate,https://commons.wikimedia.org/wiki/Special:FilePath/Wall_painting_-_Venus_with_a_servant_woman_and_Amor_and_other_figure_scenes_-_Rome_%28Villa_della_Farnesina_-_cubiculum_B%29_-_Roma_MNR_PMaT_1117-1128_-_08.jpg?width=400,ArchaiOptix,CC BY-SA 4.0,https://creativecommons.org/licenses/by-sa/4.0,https://commons.wikimedia.org/wiki/File:Wall_painting_-_Venus_with_a_servant_woman_and_Amor_and_other_figure_scenes_-_Rome_%28Villa_della_Farnesina_-_cubiculum_B%29_-_Roma_MNR_PMaT_1117-1128_-_08.jpg,,Wall painting - Venus with a servant woman and Amor and other figure scenes - Rome (Villa della Farnesina - cubiculum B) - Roma MNR PMaT 1117-1128 - 08
rome-wall-painting-venus-with-a-servant-woman-and-amor-and-other-figure-scenes-rome-villa-della-farnesina-cubiculum-b-roma-mnr-pmat-1117-1128-09,Wall painting - Venus with a servant woman and Amor and other figure scenes - Rome (Villa della Farnesina - cubiculum B) - Roma MNR PMaT 1117-1128 - 09,Minoan,General / Decorative,Late Augustean / Early Julio-Claudian,,,Rome,Lazio,National Roman Museum,41.88985,12.49074,approximate,https://commons.wikimedia.org/wiki/Special:FilePath/Wall_painting_-_Venus_with_a_servant_woman_and_Amor_and_other_figure_scenes_-_Rome_%28Villa_della_Farnesina_-_cubiculum_B%29_-_Roma_MNR_PMaT_1117-1128_-_09.jpg?width=400,ArchaiOptix,CC BY-SA 4.0,https://creativecommons.org/licenses/by-sa/4.0,https://commons.wikimedia.org/wiki/File:Wall_painting_-_Venus_with_a_servant_woman_and_Amor_and_other_figure_scenes_-_Rome_%28Villa_della_Farnesina_-_cubiculum_B%29_-_Roma_MNR_PMaT_1117-1128_-_09.jpg,,Wall painting - Venus with a servant woman and Amor and other figure scenes - Rome (Villa della Farnesina - cubiculum B) - Roma MNR PMaT 1117-1128 - 09
rome-wall-painting-venus-with-a-servant-woman-and-amor-and-other-figure-scenes-rome-villa-della-farnesina-cubiculum-b-roma-mnr-pmat-1117-1128-10,Wall painting - Venus with a servant woman and Amor and other figure scenes - Rome (Villa della Farnesina - cubiculum B) - Roma MNR PMaT 1117-1128 - 10,Minoan,General / Decorative,Late Augustean / Early Julio-Claudian,,,Rome,Lazio,National Roman Museum,41.89114,12.49178,approximate,https://commons.wikimedia.org/wiki/Special:FilePath/Wall_painting_-_Venus_with_a_servant_woman_and_Amor_and_other_figure_scenes_-_Rome_%28Villa_della_Farnesina_-_cubiculum_B%29_-_Roma_MNR_PMaT_1117-1128_-_10.jpg?width=400,ArchaiOptix,CC BY-SA 4.0,https://creativecommons.org/licenses/by-sa/4.0,https://commons.wikimedia.org/wiki/File:Wall_painting_-_Venus_with_a_servant_woman_and_Amor_and_other_figure_scenes_-_Rome_%28Villa_della_Farnesina_-_cubiculum_B%29_-_Roma_MNR_PMaT_1117-1128_-_10.jpg,,Wall painting - Venus with a servant woman and Amor and other figure scenes - Rome (Villa della Farnesina - cubiculum B) - Roma MNR PMaT 1117-1128 - 10
rome-wall-painting-venus-with-a-servant-woman-and-amor-and-other-figure-scenes-rome-villa-della-farnesina-cubiculum-b-roma-mnr-pmat-1117-1128-11,Wall painting - Venus with a servant woman and Amor and other figure scenes - Rome (Villa della Farnesina - cubiculum B) - Roma MNR PMaT 1117-1128 - 11,Minoan,General / Decorative,Late Augustean / Early Julio-Claudian,,,Rome,Lazio,National Roman Museum,41.88935,12.49251,approximate,https://commons.wikimedia.org/wiki/Special:FilePath/Wall_painting_-_Venus_with_a_servant_woman_and_Amor_and_other_figure_scenes_-_Rome_%28Villa_della_Farnesina_-_cubiculum_B%29_-_Roma_MNR_PMaT_1117-1128_-_11.jpg?width=400,ArchaiOptix,CC BY-SA 4.0,https://creativecommons.org/licenses/by-sa/4.0,https://commons.wikimedia.org/wiki/File:Wall_painting_-_Venus_with_a_servant_woman_and_Amor_and_other_figure_scenes_-_Rome_%28Villa_della_Farnesina_-_cubiculum_B%29_-_Roma_MNR_PMaT_1117-1128_-_11.jpg,,Wall painting - Venus with a servant woman and Amor and other figure scenes - Rome (Villa della Farnesina - cubiculum B) - Roma MNR PMaT 1117-1128 - 11
rome-wall-painting-venus-with-a-servant-woman-and-amor-and-other-figure-scenes-rome-villa-della-farnesina-cubiculum-b-roma-mnr-pmat-1117-1128-12,Wall painting - Venus with a servant woman and Amor and other figure scenes - Rome (Villa della Farnesina - cubiculum B) - Roma MNR PMaT 1117-1128 - 12,Minoan,General / Decorative,Late Augustean / Early Julio-Claudian,,,Rome,Lazio,National Roman Museum,41.88944,12.49232,approximate,https://commons.wikimedia.org/wiki/Special:FilePath/Wall_painting_-_Venus_with_a_servant_woman_and_Amor_and_other_figure_scenes_-_Rome_%28Villa_della_Farnesina_-_cubiculum_B%29_-_Roma_MNR_PMaT_1117-1128_-_12.jpg?width=400,ArchaiOptix,CC BY-SA 4.0,https://creativecommons.org/licenses/by-sa/4.0,https://commons.wikimedia.org/wiki/File:Wall_painting_-_Venus_with_a_servant_woman_and_Amor_and_other_figure_scenes_-_Rome_%28Villa_della_Farnesina_-_cubiculum_B%29_-_Roma_MNR_PMaT_1117-1128_-_12.jpg,,Wall painting - Venus with a servant woman and Amor and other figure scenes - Rome (Villa della Farnesina - cubiculum B) - Roma MNR PMaT 1117-1128 - 12
rome-wall-painting-venus-with-a-servant-woman-and-amor-and-other-figure-scenes-rome-villa-della-farnesina-cubiculum-b-roma-mnr-pmat-1117-1128-13,Wall painting - Venus with a servant woman and Amor and other figure scenes - Rome (Villa della Farnesina - cubiculum B) - Roma MNR PMaT 1117-1128 - 13,Minoan,General / Decorative,Late Augustean / Early Julio-Claudian,,,Rome,Lazio,National Roman Museum,41.89142,12.49191,approximate,https://commons.wikimedia.org/wiki/Special:FilePath/Wall_painting_-_Venus_with_a_servant_woman_and_Amor_and_other_figure_scenes_-_Rome_%28Villa_della_Farnesina_-_cubiculum_B%29_-_Roma_MNR_PMaT_1117-1128_-_13.jpg?width=400,ArchaiOptix,CC BY-SA 4.0,https://creativecommons.org/licenses/by-sa/4.0,https://commons.wikimedia.org/wiki/File:Wall_painting_-_Venus_with_a_servant_woman_and_Amor_and_other_figure_scenes_-_Rome_%28Villa_della_Farnesina_-_cubiculum_B%29_-_Roma_MNR_PMaT_1117-1128_-_13.jpg,,Wall painting - Venus with a servant woman and Amor and other figure scenes - Rome (Villa della Farnesina - cubiculum B) - Roma MNR PMaT 1117-1128 - 13
rome-wall-painting-venus-with-a-servant-woman-and-amor-and-other-figure-scenes-rome-villa-della-farnesina-cubiculum-b-roma-mnr-pmat-1117-1128-14,Wall painting - Venus with a servant woman and Amor and other figure scenes - Rome (Villa della Farnesina - cubiculum B) - Roma MNR PMaT 1117-1128 - 14,Minoan,General / Decorative,Late Augustean / Early Julio-Claudian,,,Rome,Lazio,National Roman Museum,41.89058,12.49216,approximate,https://commons.wikimedia.org/wiki/Special:FilePath/Wall_painting_-_Venus_with_a_servant_woman_and_Amor_and_other_figure_scenes_-_Rome_%28Villa_della_Farnesina_-_cubiculum_B%29_-_Roma_MNR_PMaT_1117-1128_-_14.jpg?width=400,ArchaiOptix,CC BY-SA 4.0,https://creativecommons.org/licenses/by-sa/4.0,https://commons.wikimedia.org/wiki/File:Wall_painting_-_Venus_with_a_servant_woman_and_Amor_and_other_figure_scenes_-_Rome_%28Villa_della_Farnesina_-_cubiculum_B%29_-_Roma_MNR_PMaT_1117-1128_-_14.jpg,,Wall painting - Venus with a servant woman and Amor and other figure scenes - Rome (Villa della Farnesina - cubiculum B) - Roma MNR PMaT 1117-1128 - 14
rome-wall-painting-venus-with-a-servant-woman-and-amor-and-other-figure-scenes-rome-villa-della-farnesina-cubiculum-b-roma-mnr-pmat-1117-1128-15,Wall painting - Venus with a servant woman and Amor and other figure scenes - Rome (Villa della Farnesina - cubiculum B) - Roma MNR PMaT 1117-1128 - 15,Minoan,General / Decorative,Late Augustean / Early Julio-Claudian,,,Rome,Lazio,National Roman Museum,41.89106,12.49326,approximate,https://commons.wikimedia.org/wiki/Special:FilePath/Wall_painting_-_Venus_with_a_servant_woman_and_Amor_and_other_figure_scenes_-_Rome_%28Villa_della_Farnesina_-_cubiculum_B%29_-_Roma_MNR_PMaT_1117-1128_-_15.jpg?width=400,ArchaiOptix,CC BY-SA 4.0,https://creativecommons.org/licenses/by-sa/4.0,https://commons.wikimedia.org/wiki/File:Wall_painting_-_Venus_with_a_servant_woman_and_Amor_and_other_figure_scenes_-_Rome_%28Villa_della_Farnesina_-_cubiculum_B%29_-_Roma_MNR_PMaT_1117-1128_-_15.jpg,,Wall painting - Venus with a servant woman and Amor and other figure scenes - Rome (Villa della Farnesina - cubiculum B) - Roma MNR PMaT 1117-1128 - 15
rome-wall-painting-venus-with-a-servant-woman-and-amor-and-other-figure-scenes-rome-villa-della-farnesina-cubiculum-b-roma-mnr-pmat-1117-1128-16,Wall painting - Venus with a servant woman and Amor and other figure scenes - Rome (Villa della Farnesina - cubiculum B) - Roma MNR PMaT 1117-1128 - 16,Minoan,General / Decorative,Late Augustean / Early Julio-Claudian,,,Rome,Lazio,National Roman Museum,41.88931,12.49308,approximate,https://commons.wikimedia.org/wiki/Special:FilePath/Wall_painting_-_Venus_with_a_servant_woman_and_Amor_and_other_figure_scenes_-_Rome_%28Villa_della_Farnesina_-_cubiculum_B%29_-_Roma_MNR_PMaT_1117-1128_-_16.jpg?width=400,ArchaiOptix,CC BY-SA 4.0,https://creativecommons.org/licenses/by-sa/4.0,https://commons.wikimedia.org/wiki/File:Wall_painting_-_Venus_with_a_servant_woman_and_Amor_and_other_figure_scenes_-_Rome_%28Villa_della_Farnesina_-_cubiculum_B%29_-_Roma_MNR_PMaT_1117-1128_-_16.jpg,,Wall painting - Venus with a servant woman and Amor and other figure scenes - Rome (Villa della Farnesina - cubiculum B) - Roma MNR PMaT 1117-1128 - 16
rome-wall-painting-figured-frieze-and-garland-and-white-miniaturistic-landscapes-on-black-background-rome-villa-della-farnesina-triclinium-c-roma-mnr-pmat-01,Wall painting - figured frieze and garland and white miniaturistic landscapes on black background - Rome (Villa della Farnesina - triclinium C) - Roma MNR PMaT - 01,Minoan,Floral & Landscape,Late Augustean / Early Julio-Claudian,,,Rome,Lazio,National Roman Museum,41.89076,12.49225,approximate,https://commons.wikimedia.org/wiki/Special:FilePath/Wall_painting_-_figured_frieze_and_garland_and_white_miniaturistic_landscapes_on_black_background_-_Rome_%28Villa_della_Farnesina_-_triclinium_C%29_-_Roma_MNR_PMaT_-_01.jpg?width=400,ArchaiOptix,CC BY-SA 4.0,https://creativecommons.org/licenses/by-sa/4.0,https://commons.wikimedia.org/wiki/File:Wall_painting_-_figured_frieze_and_garland_and_white_miniaturistic_landscapes_on_black_background_-_Rome_%28Villa_della_Farnesina_-_triclinium_C%29_-_Roma_MNR_PMaT_-_01.jpg,,Wall painting - figured frieze and garland and white miniaturistic landscapes on black background - Rome (Villa della Farnesina - triclinium C) - Roma MNR PMaT - 01
rome-wall-painting-figured-frieze-and-garland-and-white-miniaturistic-landscapes-on-black-background-rome-villa-della-farnesina-triclinium-c-roma-mnr-pmat-02,Wall painting - figured frieze and garland and white miniaturistic landscapes on black background - Rome (Villa della Farnesina - triclinium C) - Roma MNR PMaT - 02,Minoan,Floral & Landscape,Late Augustean / Early Julio-Claudian,,,Rome,Lazio,National Roman Museum,41.8899,12.49321,approximate,https://commons.wikimedia.org/wiki/Special:FilePath/Wall_painting_-_figured_frieze_and_garland_and_white_miniaturistic_landscapes_on_black_background_-_Rome_%28Villa_della_Farnesina_-_triclinium_C%29_-_Roma_MNR_PMaT_-_02.jpg?width=400,ArchaiOptix,CC BY-SA 4.0,https://creativecommons.org/licenses/by-sa/4.0,https://commons.wikimedia.org/wiki/File:Wall_painting_-_figured_frieze_and_garland_and_white_miniaturistic_landscapes_on_black_background_-_Rome_%28Villa_della_Farnesina_-_triclinium_C%29_-_Roma_MNR_PMaT_-_02.jpg,,Wall painting - figured frieze and garland and white miniaturistic landscapes on black background - Rome (Villa della Farnesina - triclinium C) - Roma MNR PMaT - 02
rome-wall-painting-figured-frieze-and-garland-and-white-miniaturistic-landscapes-on-black-background-rome-villa-della-farnesina-triclinium-c-roma-mnr-pmat-03,Wall painting - figured frieze and garland and white miniaturistic landscapes on black background - Rome (Villa della Farnesina - triclinium C) - Roma MNR PMaT - 03,Minoan,Floral & Landscape,Late Augustean / Early Julio-Claudian,,,Rome,Lazio,National Roman Museum,41.89143,12.49126,approximate,https://commons.wikimedia.org/wiki/Special:FilePath/Wall_painting_-_figured_frieze_and_garland_and_white_miniaturistic_landscapes_on_black_background_-_Rome_%28Villa_della_Farnesina_-_triclinium_C%29_-_Roma_MNR_PMaT_-_03.jpg?width=400,ArchaiOptix,CC BY-SA 4.0,https://creativecommons.org/licenses/by-sa/4.0,https://commons.wikimedia.org/wiki/File:Wall_painting_-_figured_frieze_and_garland_and_white_miniaturistic_landscapes_on_black_background_-_Rome_%28Villa_della_Farnesina_-_triclinium_C%29_-_Roma_MNR_PMaT_-_03.jpg,,Wall painting - figured frieze and garland and white miniaturistic landscapes on black background - Rome (Villa della Farnesina - triclinium C) - Roma MNR PMaT - 03
rome-wall-painting-figured-frieze-and-garland-and-white-miniaturistic-landscapes-on-black-background-rome-villa-della-farnesina-triclinium-c-roma-mnr-pmat-04,Wall painting - figured frieze and garland and white miniaturistic landscapes on black background - Rome (Villa della Farnesina - triclinium C) - Roma MNR PMaT - 04,Minoan,Floral & Landscape,Late Augustean / Early Julio-Claudian,,,Rome,Lazio,National Roman Museum,41.88981,12.49344,approximate,https://commons.wikimedia.org/wiki/Special:FilePath/Wall_painting_-_figured_frieze_and_garland_and_white_miniaturistic_landscapes_on_black_background_-_Rome_%28Villa_della_Farnesina_-_triclinium_C%29_-_Roma_MNR_PMaT_-_04.jpg?width=400,ArchaiOptix,CC BY-SA 4.0,https://creativecommons.org/licenses/by-sa/4.0,https://commons.wikimedia.org/wiki/File:Wall_painting_-_figured_frieze_and_garland_and_white_miniaturistic_landscapes_on_black_background_-_Rome_%28Villa_della_Farnesina_-_triclinium_C%29_-_Roma_MNR_PMaT_-_04.jpg,,Wall painting - figured frieze and garland and white miniaturistic landscapes on black background - Rome (Villa della Farnesina - triclinium C) - Roma MNR PMaT - 04
rome-wall-painting-figured-frieze-and-garland-and-white-miniaturistic-landscapes-on-black-background-rome-villa-della-farnesina-triclinium-c-roma-mnr-pmat-05,Wall painting - figured frieze and garland and white miniaturistic landscapes on black background - Rome (Villa della Farnesina - triclinium C) - Roma MNR PMaT - 05,Minoan,Floral & Landscape,Late Augustean / Early Julio-Claudian,,,Rome,Lazio,National Roman Museum,41.8911,12.49248,approximate,https://commons.wikimedia.org/wiki/Special:FilePath/Wall_painting_-_figured_frieze_and_garland_and_white_miniaturistic_landscapes_on_black_background_-_Rome_%28Villa_della_Farnesina_-_triclinium_C%29_-_Roma_MNR_PMaT_-_05.jpg?width=400,ArchaiOptix,CC BY-SA 4.0,https://creativecommons.org/licenses/by-sa/4.0,https://commons.wikimedia.org/wiki/File:Wall_painting_-_figured_frieze_and_garland_and_white_miniaturistic_landscapes_on_black_background_-_Rome_%28Villa_della_Farnesina_-_triclinium_C%29_-_Roma_MNR_PMaT_-_05.jpg,,Wall painting - figured frieze and garland and white miniaturistic landscapes on black background - Rome (Villa della Farnesina - triclinium C) - Roma MNR PMaT - 05
rome-wall-painting-figured-frieze-and-garland-and-white-miniaturistic-landscapes-on-black-background-rome-villa-della-farnesina-triclinium-c-roma-mnr-pmat-06,Wall painting - figured frieze and garland and white miniaturistic landscapes on black background - Rome (Villa della Farnesina - triclinium C) - Roma MNR PMaT - 06,Minoan,Floral & Landscape,Late Augustean / Early Julio-Claudian,,,Rome,Lazio,National Roman Museum,41.89034,12.49222,approximate,https://commons.wikimedia.org/wiki/Special:FilePath/Wall_painting_-_figured_frieze_and_garland_and_white_miniaturistic_landscapes_on_black_background_-_Rome_%28Villa_della_Farnesina_-_triclinium_C%29_-_Roma_MNR_PMaT_-_06.jpg?width=400,ArchaiOptix,CC BY-SA 4.0,https://creativecommons.org/licenses/by-sa/4.0,https://commons.wikimedia.org/wiki/File:Wall_painting_-_figured_frieze_and_garland_and_white_miniaturistic_landscapes_on_black_background_-_Rome_%28Villa_della_Farnesina_-_triclinium_C%29_-_Roma_MNR_PMaT_-_06.jpg,,Wall painting - figured frieze and garland and white miniaturistic landscapes on black background - Rome (Villa della Farnesina - triclinium C) - Roma MNR PMaT - 06
rome-wall-painting-figured-frieze-and-garland-and-white-miniaturistic-landscapes-on-black-background-rome-villa-della-farnesina-triclinium-c-roma-mnr-pmat-1078-1089-07,Wall painting - figured frieze and garland and white miniaturistic landscapes on black background - Rome (Villa della Farnesina - triclinium C) - Roma MNR PMaT 1078-1089 - 07,Minoan,Floral & Landscape,Late Augustean / Early Julio-Claudian,,,Rome,Lazio,National Roman Museum,41.88972,12.49246,approximate,https://commons.wikimedia.org/wiki/Special:FilePath/Wall_painting_-_figured_frieze_and_garland_and_white_miniaturistic_landscapes_on_black_background_-_Rome_%28Villa_della_Farnesina_-_triclinium_C%29_-_Roma_MNR_PMaT_1078-1089_-_07.jpg?width=400,ArchaiOptix,CC BY-SA 4.0,https://creativecommons.org/licenses/by-sa/4.0,https://commons.wikimedia.org/wiki/File:Wall_painting_-_figured_frieze_and_garland_and_white_miniaturistic_landscapes_on_black_background_-_Rome_%28Villa_della_Farnesina_-_triclinium_C%29_-_Roma_MNR_PMaT_1078-1089_-_07.jpg,,Wall painting - figured frieze and garland and white miniaturistic landscapes on black background - Rome (Villa della Farnesina - triclinium C) - Roma MNR PMaT 1078-1089 - 07
rome-wall-painting-figured-frieze-and-garland-and-white-miniaturistic-landscapes-on-black-background-rome-villa-della-farnesina-triclinium-c-roma-mnr-pmat-1078-1089-08,Wall painting - figured frieze and garland and white miniaturistic landscapes on black background - Rome (Villa della Farnesina - triclinium C) - Roma MNR PMaT 1078-1089 - 08,Minoan,Floral & Landscape,Late Augustean / Early Julio-Claudian,,,Rome,Lazio,National Roman Museum,41.89069,12.49215,approximate,https://commons.wikimedia.org/wiki/Special:FilePath/Wall_painting_-_figured_frieze_and_garland_and_white_miniaturistic_landscapes_on_black_background_-_Rome_%28Villa_della_Farnesina_-_triclinium_C%29_-_Roma_MNR_PMaT_1078-1089_-_08.jpg?width=400,ArchaiOptix,CC BY-SA 4.0,https://creativecommons.org/licenses/by-sa/4.0,https://commons.wikimedia.org/wiki/File:Wall_painting_-_figured_frieze_and_garland_and_white_miniaturistic_landscapes_on_black_background_-_Rome_%28Villa_della_Farnesina_-_triclinium_C%29_-_Roma_MNR_PMaT_1078-1089_-_08.jpg,,Wall painting - figured frieze and garland and white miniaturistic landscapes on black background - Rome (Villa della Farnesina - triclinium C) - Roma MNR PMaT 1078-1089 - 08
rome-wall-painting-figured-frieze-and-garland-and-white-miniaturistic-landscapes-on-black-background-rome-villa-della-farnesina-triclinium-c-roma-mnr-pmat-1078-1089-09,Wall painting - figured frieze and garland and white miniaturistic landscapes on black background - Rome (Villa della Farnesina - triclinium C) - Roma MNR PMaT 1078-1089 - 09,Minoan,Floral & Landscape,Late Augustean / Early Julio-Claudian,,,Rome,Lazio,National Roman Museum,41.89071,12.49265,approximate,https://commons.wikimedia.org/wiki/Special:FilePath/Wall_painting_-_figured_frieze_and_garland_and_white_miniaturistic_landscapes_on_black_background_-_Rome_%28Villa_della_Farnesina_-_triclinium_C%29_-_Roma_MNR_PMaT_1078-1089_-_09.jpg?width=400,ArchaiOptix,CC BY-SA 4.0,https://creativecommons.org/licenses/by-sa/4.0,https://commons.wikimedia.org/wiki/File:Wall_painting_-_figured_frieze_and_garland_and_white_miniaturistic_landscapes_on_black_background_-_Rome_%28Villa_della_Farnesina_-_triclinium_C%29_-_Roma_MNR_PMaT_1078-1089_-_09.jpg,,Wall painting - figured frieze and garland and white miniaturistic landscapes on black background - Rome (Villa della Farnesina - triclinium C) - Roma MNR PMaT 1078-1089 - 09
rome-wall-painting-figured-frieze-and-garland-and-white-miniaturistic-landscapes-on-black-background-rome-villa-della-farnesina-triclinium-c-roma-mnr-pmat-1078-1089-10,Wall painting - figured frieze and garland and white miniaturistic landscapes on black background - Rome (Villa della Farnesina - triclinium C) - Roma MNR PMaT 1078-1089 - 10,Minoan,Floral & Landscape,Late Augustean / Early Julio-Claudian,,,Rome,Lazio,National Roman Museum,41.88996,12.4909,approximate,https://commons.wikimedia.org/wiki/Special:FilePath/Wall_painting_-_figured_frieze_and_garland_and_white_miniaturistic_landscapes_on_black_background_-_Rome_%28Villa_della_Farnesina_-_triclinium_C%29_-_Roma_MNR_PMaT_1078-1089_-_10.jpg?width=400,ArchaiOptix,CC BY-SA 4.0,https://creativecommons.org/licenses/by-sa/4.0,https://commons.wikimedia.org/wiki/File:Wall_painting_-_figured_frieze_and_garland_and_white_miniaturistic_landscapes_on_black_background_-_Rome_%28Villa_della_Farnesina_-_triclinium_C%29_-_Roma_MNR_PMaT_1078-1089_-_10.jpg,,Wall painting - figured frieze and garland and white miniaturistic landscapes on black background - Rome (Villa della Farnesina - triclinium C) - Roma MNR PMaT 1078-1089 - 10
rome-wall-painting-figured-frieze-and-garland-and-white-miniaturistic-landscapes-on-black-background-rome-villa-della-farnesina-triclinium-c-roma-mnr-pmat-1078-1089-11,Wall painting - figured frieze and garland and white miniaturistic landscapes on black background - Rome (Villa della Farnesina - triclinium C) - Roma MNR PMaT 1078-1089 - 11,Minoan,Floral & Landscape,Late Augustean / Early Julio-Claudian,,,Rome,Lazio,National Roman Museum,41.88933,12.49279,approximate,https://commons.wikimedia.org/wiki/Special:FilePath/Wall_painting_-_figured_frieze_and_garland_and_white_miniaturistic_landscapes_on_black_background_-_Rome_%28Villa_della_Farnesina_-_triclinium_C%29_-_Roma_MNR_PMaT_1078-1089_-_11.jpg?width=400,ArchaiOptix,CC BY-SA 4.0,https://creativecommons.org/licenses/by-sa/4.0,https://commons.wikimedia.org/wiki/File:Wall_painting_-_figured_frieze_and_garland_and_white_miniaturistic_landscapes_on_black_background_-_Rome_%28Villa_della_Farnesina_-_triclinium_C%29_-_Roma_MNR_PMaT_1078-1089_-_11.jpg,,Wall painting - figured frieze and garland and white miniaturistic landscapes on black background - Rome (Villa della Farnesina - triclinium C) - Roma MNR PMaT 1078-1089 - 11
rome-wall-painting-figured-frieze-and-garland-and-white-miniaturistic-landscapes-on-black-background-rome-villa-della-farnesina-triclinium-c-roma-mnr-pmat-1078-1089-12,Wall painting - figured frieze and garland and white miniaturistic landscapes on black background - Rome (Villa della Farnesina - triclinium C) - Roma MNR PMaT 1078-1089 - 12,Minoan,Floral & Landscape,Late Augustean / Early Julio-Claudian,,,Rome,Lazio,National Roman Museum,41.89059,12.49345,approximate,https://commons.wikimedia.org/wiki/Special:FilePath/Wall_painting_-_figured_frieze_and_garland_and_white_miniaturistic_landscapes_on_black_background_-_Rome_%28Villa_della_Farnesina_-_triclinium_C%29_-_Roma_MNR_PMaT_1078-1089_-_12.jpg?width=400,ArchaiOptix,CC BY-SA 4.0,https://creativecommons.org/licenses/by-sa/4.0,https://commons.wikimedia.org/wiki/File:Wall_painting_-_figured_frieze_and_garland_and_white_miniaturistic_landscapes_on_black_background_-_Rome_%28Villa_della_Farnesina_-_triclinium_C%29_-_Roma_MNR_PMaT_1078-1089_-_12.jpg,,Wall painting - figured frieze and garland and white miniaturistic landscapes on black background - Rome (Villa della Farnesina - triclinium C) - Roma MNR PMaT 1078-1089 - 12
rome-wall-painting-figured-frieze-and-garland-and-white-miniaturistic-landscapes-on-black-background-rome-villa-della-farnesina-triclinium-c-roma-mnr-pmat-1078-1089-13,Wall painting - figured frieze and garland and white miniaturistic landscapes on black background - Rome (Villa della Farnesina - triclinium C) - Roma MNR PMaT 1078-1089 - 13,Minoan,Floral & Landscape,Late Augustean / Early Julio-Claudian,,,Rome,Lazio,National Roman Museum,41.89115,12.49121,approximate,https://commons.wikimedia.org/wiki/Special:FilePath/Wall_painting_-_figured_frieze_and_garland_and_white_miniaturistic_landscapes_on_black_background_-_Rome_%28Villa_della_Farnesina_-_triclinium_C%29_-_Roma_MNR_PMaT_1078-1089_-_13.jpg?width=400,ArchaiOptix,CC BY-SA 4.0,https://creativecommons.org/licenses/by-sa/4.0,https://commons.wikimedia.org/wiki/File:Wall_painting_-_figured_frieze_and_garland_and_white_miniaturistic_landscapes_on_black_background_-_Rome_%28Villa_della_Farnesina_-_triclinium_C%29_-_Roma_MNR_PMaT_1078-1089_-_13.jpg,,Wall painting - figured frieze and garland and white miniaturistic landscapes on black background - Rome (Villa della Farnesina - triclinium C) - Roma MNR PMaT 1078-1089 - 13
rome-wall-painting-figured-frieze-and-garland-and-white-miniaturistic-landscapes-on-black-background-rome-villa-della-farnesina-triclinium-c-roma-mnr-pmat-1078-1089-14,Wall painting - figured frieze and garland and white miniaturistic landscapes on black background - Rome (Villa della Farnesina - triclinium C) - Roma MNR PMaT 1078-1089 - 14,Minoan,Floral & Landscape,Late Augustean / Early Julio-Claudian,,,Rome,Lazio,National Roman Museum,41.89167,12.49145,approximate,https://commons.wikimedia.org/wiki/Special:FilePath/Wall_painting_-_figured_frieze_and_garland_and_white_miniaturistic_landscapes_on_black_background_-_Rome_%28Villa_della_Farnesina_-_triclinium_C%29_-_Roma_MNR_PMaT_1078-1089_-_14.jpg?width=400,ArchaiOptix,CC BY-SA 4.0,https://creativecommons.org/licenses/by-sa/4.0,https://commons.wikimedia.org/wiki/File:Wall_painting_-_figured_frieze_and_garland_and_white_miniaturistic_landscapes_on_black_background_-_Rome_%28Villa_della_Farnesina_-_triclinium_C%29_-_Roma_MNR_PMaT_1078-1089_-_14.jpg,,Wall painting - figured frieze and garland and white miniaturistic landscapes on black background - Rome (Villa della Farnesina - triclinium C) - Roma MNR PMaT 1078-1089 - 14
rome-wall-painting-figured-frieze-and-garland-and-white-miniaturistic-landscapes-on-black-background-rome-villa-della-farnesina-triclinium-c-roma-mnr-pmat-1078-1089-15,Wall painting - figured frieze and garland and white miniaturistic landscapes on black background - Rome (Villa della Farnesina - triclinium C) - Roma MNR PMaT 1078-1089 - 15,Minoan,Floral & Landscape,Late Augustean / Early Julio-Claudian,,,Rome,Lazio,National Roman Museum,41.8916,12.49171,approximate,https://commons.wikimedia.org/wiki/Special:FilePath/Wall_painting_-_figured_frieze_and_garland_and_white_miniaturistic_landscapes_on_black_background_-_Rome_%28Villa_della_Farnesina_-_triclinium_C%29_-_Roma_MNR_PMaT_1078-1089_-_15.jpg?width=400,ArchaiOptix,CC BY-SA 4.0,https://creativecommons.org/licenses/by-sa/4.0,https://commons.wikimedia.org/wiki/File:Wall_painting_-_figured_frieze_and_garland_and_white_miniaturistic_landscapes_on_black_background_-_Rome_%28Villa_della_Farnesina_-_triclinium_C%29_-_Roma_MNR_PMaT_1078-1089_-_15.jpg,,Wall painting - figured frieze and garland and white miniaturistic landscapes on black background - Rome (Villa della Farnesina - triclinium C) - Roma MNR PMaT 1078-1089 - 15
rome-wall-painting-figured-frieze-and-garland-and-white-miniaturistic-landscapes-on-black-background-rome-villa-della-farnesina-triclinium-c-roma-mnr-pmat-1078-1089-16,Wall painting - figured frieze and garland and white miniaturistic landscapes on black background - Rome (Villa della Farnesina - triclinium C) - Roma MNR PMaT 1078-1089 - 16,Minoan,Floral & Landscape,Late Augustean / Early Julio-Claudian,,,Rome,Lazio,National Roman Museum,41.8903,12.49298,approximate,https://commons.wikimedia.org/wiki/Special:FilePath/Wall_painting_-_figured_frieze_and_garland_and_white_miniaturistic_landscapes_on_black_background_-_Rome_%28Villa_della_Farnesina_-_triclinium_C%29_-_Roma_MNR_PMaT_1078-1089_-_16.jpg?width=400,ArchaiOptix,CC BY-SA 4.0,https://creativecommons.org/licenses/by-sa/4.0,https://commons.wikimedia.org/wiki/File:Wall_painting_-_figured_frieze_and_garland_and_white_miniaturistic_landscapes_on_black_background_-_Rome_%28Villa_della_Farnesina_-_triclinium_C%29_-_Roma_MNR_PMaT_1078-1089_-_16.jpg,,Wall painting - figured frieze and garland and white miniaturistic landscapes on black background - Rome (Villa della Farnesina - triclinium C) - Roma MNR PMaT 1078-1089 - 16
rome-wall-painting-figured-frieze-and-garland-and-white-miniaturistic-landscapes-on-black-background-rome-villa-della-farnesina-triclinium-c-roma-mnr-pmat-1078-1089-17,Wall painting - figured frieze and garland and white miniaturistic landscapes on black background - Rome (Villa della Farnesina - triclinium C) - Roma MNR PMaT 1078-1089 - 17,Minoan,Floral & Landscape,Late Augustean / Early Julio-Claudian,,,Rome,Lazio,National Roman Museum,41.88991,12.4908,approximate,https://commons.wikimedia.org/wiki/Special:FilePath/Wall_painting_-_figured_frieze_and_garland_and_white_miniaturistic_landscapes_on_black_background_-_Rome_%28Villa_della_Farnesina_-_triclinium_C%29_-_Roma_MNR_PMaT_1078-1089_-_17.jpg?width=400,ArchaiOptix,CC BY-SA 4.0,https://creativecommons.org/licenses/by-sa/4.0,https://commons.wikimedia.org/wiki/File:Wall_painting_-_figured_frieze_and_garland_and_white_miniaturistic_landscapes_on_black_background_-_Rome_%28Villa_della_Farnesina_-_triclinium_C%29_-_Roma_MNR_PMaT_1078-1089_-_17.jpg,,Wall painting - figured frieze and garland and white miniaturistic landscapes on black background - Rome (Villa della Farnesina - triclinium C) - Roma MNR PMaT 1078-1089 - 17
rome-wall-painting-figured-frieze-and-garland-and-white-miniaturistic-landscapes-on-black-background-rome-villa-della-farnesina-triclinium-c-roma-mnr-pmat-1078-1089-18,Wall painting - figured frieze and garland and white miniaturistic landscapes on black background - Rome (Villa della Farnesina - triclinium C) - Roma MNR PMaT 1078-1089 - 18,Minoan,Floral & Landscape,Late Augustean / Early Julio-Claudian,,,Rome,Lazio,National Roman Museum,41.88893,12.49228,approximate,https://commons.wikimedia.org/wiki/Special:FilePath/Wall_painting_-_figured_frieze_and_garland_and_white_miniaturistic_landscapes_on_black_background_-_Rome_%28Villa_della_Farnesina_-_triclinium_C%29_-_Roma_MNR_PMaT_1078-1089_-_18.jpg?width=400,ArchaiOptix,CC BY-SA 4.0,https://creativecommons.org/licenses/by-sa/4.0,https://commons.wikimedia.org/wiki/File:Wall_painting_-_figured_frieze_and_garland_and_white_miniaturistic_landscapes_on_black_background_-_Rome_%28Villa_della_Farnesina_-_triclinium_C%29_-_Roma_MNR_PMaT_1078-1089_-_18.jpg,,Wall painting - figured frieze and garland and white miniaturistic landscapes on black background - Rome (Villa della Farnesina - triclinium C) - Roma MNR PMaT 1078-1089 - 18
rome-wall-painting-figured-frieze-and-garland-and-white-miniaturistic-landscapes-on-black-background-rome-villa-della-farnesina-triclinium-c-roma-mnr-pmat-1078-1089-19,Wall painting - figured frieze and garland and white miniaturistic landscapes on black background - Rome (Villa della Farnesina - triclinium C) - Roma MNR PMaT 1078-1089 - 19,Minoan,Floral & Landscape,Late Augustean / Early Julio-Claudian,,,Rome,Lazio,National Roman Museum,41.88892,12.49344,approximate,https://commons.wikimedia.org/wiki/Special:FilePath/Wall_painting_-_figured_frieze_and_garland_and_white_miniaturistic_landscapes_on_black_background_-_Rome_%28Villa_della_Farnesina_-_triclinium_C%29_-_Roma_MNR_PMaT_1078-1089_-_19.jpg?width=400,ArchaiOptix,CC BY-SA 4.0,https://creativecommons.org/licenses/by-sa/4.0,https://commons.wikimedia.org/wiki/File:Wall_painting_-_figured_frieze_and_garland_and_white_miniaturistic_landscapes_on_black_background_-_Rome_%28Villa_della_Farnesina_-_triclinium_C%29_-_Roma_MNR_PMaT_1078-1089_-_19.jpg,,Wall painting - figured frieze and garland and white miniaturistic landscapes on black background - Rome (Villa della Farnesina - triclinium C) - Roma MNR PMaT 1078-1089 - 19
rome-wall-painting-figured-frieze-and-garland-and-white-miniaturistic-landscapes-on-black-background-rome-villa-della-farnesina-triclinium-c-roma-mnr-pmat-1078-1089-20,Wall painting - figured frieze and garland and white miniaturistic landscapes on black background - Rome (Villa della Farnesina - triclinium C) - Roma MNR PMaT 1078-1089 - 20,Minoan,Floral & Landscape,Late Augustean / Early Julio-Claudian,,,Rome,Lazio,National Roman Museum,41.88896,12.49082,approximate,https://commons.wikimedia.org/wiki/Special:FilePath/Wall_painting_-_figured_frieze_and_garland_and_white_miniaturistic_landscapes_on_black_background_-_Rome_%28Villa_della_Farnesina_-_triclinium_C%29_-_Roma_MNR_PMaT_1078-1089_-_20.jpg?width=400,ArchaiOptix,CC BY-SA 4.0,https://creativecommons.org/licenses/by-sa/4.0,https://commons.wikimedia.org/wiki/File:Wall_painting_-_figured_frieze_and_garland_and_white_miniaturistic_landscapes_on_black_background_-_Rome_%28Villa_della_Farnesina_-_triclinium_C%29_-_Roma_MNR_PMaT_1078-1089_-_20.jpg,,Wall painting - figured frieze and garland and white miniaturistic landscapes on black background - Rome (Villa della Farnesina - triclinium C) - Roma MNR PMaT 1078-1089 - 20
rome-wall-painting-pictures-with-figure-scenes-within-architecture-rome-villa-della-farnesina-cubiculum-d-roma-mnr-pmat-01,Wall painting - pictures with figure scenes within architecture - Rome (Villa della Farnesina - cubiculum D) - Roma MNR PMaT - 01,Minoan,General / Decorative,Late Augustean / Early Julio-Claudian,,,Rome,Lazio,National Roman Museum,41.89141,12.49343,approximate,https://commons.wikimedia.org/wiki/Special:FilePath/Wall_painting_-_pictures_with_figure_scenes_within_architecture_-_Rome_%28Villa_della_Farnesina_-_cubiculum_D%29_-_Roma_MNR_PMaT.jpg?width=400,ArchaiOptix,CC BY-SA 4.0,https://creativecommons.org/licenses/by-sa/4.0,https://commons.wikimedia.org/wiki/File:Wall_painting_-_pictures_with_figure_scenes_within_architecture_-_Rome_%28Villa_della_Farnesina_-_cubiculum_D%29_-_Roma_MNR_PMaT.jpg,,Wall painting - pictures with figure scenes within architecture - Rome (Villa della Farnesina - cubiculum D) - Roma MNR PMaT - 01
rome-wall-painting-pictures-with-figure-scenes-within-architecture-rome-villa-della-farnesina-cubiculum-d-roma-mnr-pmat-1187-1191-02,Wall painting - pictures with figure scenes within architecture - Rome (Villa della Farnesina - cubiculum D) - Roma MNR PMaT 1187-1191 - 02,Minoan,General / Decorative,Late Augustean / Early Julio-Claudian,,,Rome,Lazio,National Roman Museum,41.89149,12.49235,approximate,https://commons.wikimedia.org/wiki/Special:FilePath/Wall_painting_-_pictures_with_figure_scenes_within_architecture_-_Rome_%28Villa_della_Farnesina_-_cubiculum_D%29_-_Roma_MNR_PMaT_1187-1191_-_02.jpg?width=400,ArchaiOptix,CC BY-SA 4.0,https://creativecommons.org/licenses/by-sa/4.0,https://commons.wikimedia.org/wiki/File:Wall_painting_-_pictures_with_figure_scenes_within_architecture_-_Rome_%28Villa_della_Farnesina_-_cubiculum_D%29_-_Roma_MNR_PMaT_1187-1191_-_02.jpg,,Wall painting - pictures with figure scenes within architecture - Rome (Villa della Farnesina - cubiculum D) - Roma MNR PMaT 1187-1191 - 02
rome-wall-painting-pictures-with-figure-scenes-within-architecture-rome-villa-della-farnesina-cubiculum-d-roma-mnr-pmat-1187-1191-03,Wall painting - pictures with figure scenes within architecture - Rome (Villa della Farnesina - cubiculum D) - Roma MNR PMaT 1187-1191 - 03,Minoan,General / Decorative,Late Augustean / Early Julio-Claudian,,,Rome,Lazio,National Roman Museum,41.88926,12.49216,approximate,https://commons.wikimedia.org/wiki/Special:FilePath/Wall_painting_-_pictures_with_figure_scenes_within_architecture_-_Rome_%28Villa_della_Farnesina_-_cubiculum_D%29_-_Roma_MNR_PMaT_1187-1191_-_03.jpg?width=400,ArchaiOptix,CC BY-SA 4.0,https://creativecommons.org/licenses/by-sa/4.0,https://commons.wikimedia.org/wiki/File:Wall_painting_-_pictures_with_figure_scenes_within_architecture_-_Rome_%28Villa_della_Farnesina_-_cubiculum_D%29_-_Roma_MNR_PMaT_1187-1191_-_03.jpg,,Wall painting - pictures with figure scenes within architecture - Rome (Villa della Farnesina - cubiculum D) - Roma MNR PMaT 1187-1191 - 03
rome-wall-painting-pictures-with-figure-scenes-within-architecture-rome-villa-della-farnesina-cubiculum-d-roma-mnr-pmat-1187-1191-04,Wall painting - pictures with figure scenes within architecture - Rome (Villa della Farnesina - cubiculum D) - Roma MNR PMaT 1187-1191 - 04,Minoan,General / Decorative,Late Augustean / Early Julio-Claudian,,,Rome,Lazio,National Roman Museum,41.89058,12.49306,approximate,https://commons.wikimedia.org/wiki/Special:FilePath/Wall_painting_-_pictures_with_figure_scenes_within_architecture_-_Rome_%28Villa_della_Farnesina_-_cubiculum_D%29_-_Roma_MNR_PMaT_1187-1191_-_04.jpg?width=400,ArchaiOptix,CC BY-SA 4.0,https://creativecommons.org/licenses/by-sa/4.0,https://commons.wikimedia.org/wiki/File:Wall_painting_-_pictures_with_figure_scenes_within_architecture_-_Rome_%28Villa_della_Farnesina_-_cubiculum_D%29_-_Roma_MNR_PMaT_1187-1191_-_04.jpg,,Wall painting - pictures with figure scenes within architecture - Rome (Villa della Farnesina - cubiculum D) - Roma MNR PMaT 1187-1191 - 04
rome-wall-painting-pictures-with-figure-scenes-within-architecture-rome-villa-della-farnesina-cubiculum-d-roma-mnr-pmat-1187-1191-05,Wall painting - pictures with figure scenes within architecture - Rome (Villa della Farnesina - cubiculum D) - Roma MNR PMaT 1187-1191 - 05,Minoan,General / Decorative,Late Augustean / Early Julio-Claudian,,,Rome,Lazio,National Roman Museum,41.89092,12.49121,approximate,https://commons.wikimedia.org/wiki/Special:FilePath/Wall_painting_-_pictures_with_figure_scenes_within_architecture_-_Rome_%28Villa_della_Farnesina_-_cubiculum_D%29_-_Roma_MNR_PMaT_1187-1191_-_05.jpg?width=400,ArchaiOptix,CC BY-SA 4.0,https://creativecommons.org/licenses/by-sa/4.0,https://commons.wikimedia.org/wiki/File:Wall_painting_-_pictures_with_figure_scenes_within_architecture_-_Rome_%28Villa_della_Farnesina_-_cubiculum_D%29_-_Roma_MNR_PMaT_1187-1191_-_05.jpg,,Wall painting - pictures with figure scenes within architecture - Rome (Villa della Farnesina - cubiculum D) - Roma MNR PMaT 1187-1191 - 05
rome-wall-painting-pictures-with-figure-scenes-within-architecture-rome-villa-della-farnesina-cubiculum-d-roma-mnr-pmat-1187-1191-06,Wall painting - pictures with figure scenes within architecture - Rome (Villa della Farnesina - cubiculum D) - Roma MNR PMaT 1187-1191 - 06,Minoan,General / Decorative,Late Augustean / Early Julio-Claudian,,,Rome,Lazio,National Roman Museum,41.89012,12.49295,approximate,https://commons.wikimedia.org/wiki/Special:FilePath/Wall_painting_-_pictures_with_figure_scenes_within_architecture_-_Rome_%28Villa_della_Farnesina_-_cubiculum_D%29_-_Roma_MNR_PMaT_1187-1191_-_06.jpg?width=400,ArchaiOptix,CC BY-SA 4.0,https://creativecommons.org/licenses/by-sa/4.0,https://commons.wikimedia.org/wiki/File:Wall_painting_-_pictures_with_figure_scenes_within_architecture_-_Rome_%28Villa_della_Farnesina_-_cubiculum_D%29_-_Roma_MNR_PMaT_1187-1191_-_06.jpg,,Wall painting - pictures with figure scenes within architecture - Rome (Villa della Farnesina - cubiculum D) - Roma MNR PMaT 1187-1191 - 06
rome-wall-painting-pictures-with-figure-scenes-within-architecture-rome-villa-della-farnesina-cubiculum-d-roma-mnr-pmat-1187-1191-07,Wall painting - pictures with figure scenes within architecture - Rome (Villa della Farnesina - cubiculum D) - Roma MNR PMaT 1187-1191 - 07,Minoan,General / Decorative,Late Augustean / Early Julio-Claudian,,,Rome,Lazio,National Roman Museum,41.88882,12.49321,approximate,https://commons.wikimedia.org/wiki/Special:FilePath/Wall_painting_-_pictures_with_figure_scenes_within_architecture_-_Rome_%28Villa_della_Farnesina_-_cubiculum_D%29_-_Roma_MNR_PMaT_1187-1191_-_07.jpg?width=400,ArchaiOptix,CC BY-SA 4.0,https://creativecommons.org/licenses/by-sa/4.0,https://commons.wikimedia.org/wiki/File:Wall_painting_-_pictures_with_figure_scenes_within_architecture_-_Rome_%28Villa_della_Farnesina_-_cubiculum_D%29_-_Roma_MNR_PMaT_1187-1191_-_07.jpg,,Wall painting - pictures with figure scenes within architecture - Rome (Villa della Farnesina - cubiculum D) - Roma MNR PMaT 1187-1191 - 07
rome-wall-painting-pictures-with-figure-scenes-within-architecture-rome-villa-della-farnesina-cubiculum-d-roma-mnr-pmat-1187-1191-08,Wall painting - pictures with figure scenes within architecture - Rome (Villa della Farnesina - cubiculum D) - Roma MNR PMaT 1187-1191 - 08,Minoan,General / Decorative,Late Augustean / Early Julio-Claudian,,,Rome,Lazio,National Roman Museum,41.89127,12.49092,approximate,https://commons.wikimedia.org/wiki/Special:FilePath/Wall_painting_-_pictures_with_figure_scenes_within_architecture_-_Rome_%28Villa_della_Farnesina_-_cubiculum_D%29_-_Roma_MNR_PMaT_1187-1191_-_08.jpg?width=400,ArchaiOptix,CC BY-SA 4.0,https://creativecommons.org/licenses/by-sa/4.0,https://commons.wikimedia.org/wiki/File:Wall_painting_-_pictures_with_figure_scenes_within_architecture_-_Rome_%28Villa_della_Farnesina_-_cubiculum_D%29_-_Roma_MNR_PMaT_1187-1191_-_08.jpg,,Wall painting - pictures with figure scenes within architecture - Rome (Villa della Farnesina - cubiculum D) - Roma MNR PMaT 1187-1191 - 08
rome-wall-painting-pictures-with-idyllic-landscapes-within-architecture-rome-villa-della-farnesina-cubiculum-e-roma-mnr-pmat-1174-59613-01,Wall painting - pictures with idyllic landscapes within architecture - Rome (Villa della Farnesina - cubiculum E) - Roma MNR PMaT 1174-59613 - 01,Minoan,Floral & Landscape,Late Augustean / Early Julio-Claudian,,,Rome,Lazio,National Roman Museum,41.88955,12.49185,approximate,https://commons.wikimedia.org/wiki/Special:FilePath/Wall_painting_-_pictures_with_idyllic_landscapes_within_architecture_-_Rome_%28Villa_della_Farnesina_-_cubiculum_E%29_-_Roma_MNR_PMaT_1174-59613_-_01.jpg?width=400,ArchaiOptix,CC BY-SA 4.0,https://creativecommons.org/licenses/by-sa/4.0,https://commons.wikimedia.org/wiki/File:Wall_painting_-_pictures_with_idyllic_landscapes_within_architecture_-_Rome_%28Villa_della_Farnesina_-_cubiculum_E%29_-_Roma_MNR_PMaT_1174-59613_-_01.jpg,,Wall painting - pictures with idyllic landscapes within architecture - Rome (Villa della Farnesina - cubiculum E) - Roma MNR PMaT 1174-59613 - 01
rome-wall-painting-pictures-with-idyllic-landscapes-within-architecture-rome-villa-della-farnesina-cubiculum-e-roma-mnr-pmat-1174-59613-02,Wall painting - pictures with idyllic landscapes within architecture - Rome (Villa della Farnesina - cubiculum E) - Roma MNR PMaT 1174-59613 - 02,Minoan,Floral & Landscape,Late Augustean / Early Julio-Claudian,,,Rome,Lazio,National Roman Museum,41.89009,12.49199,approximate,https://commons.wikimedia.org/wiki/Special:FilePath/Wall_painting_-_pictures_with_idyllic_landscapes_within_architecture_-_Rome_%28Villa_della_Farnesina_-_cubiculum_E%29_-_Roma_MNR_PMaT_1174-59613_-_02.jpg?width=400,ArchaiOptix,CC BY-SA 4.0,https://creativecommons.org/licenses/by-sa/4.0,https://commons.wikimedia.org/wiki/File:Wall_painting_-_pictures_with_idyllic_landscapes_within_architecture_-_Rome_%28Villa_della_Farnesina_-_cubiculum_E%29_-_Roma_MNR_PMaT_1174-59613_-_02.jpg,,Wall painting - pictures with idyllic landscapes within architecture - Rome (Villa della Farnesina - cubiculum E) - Roma MNR PMaT 1174-59613 - 02
rome-wall-painting-pictures-with-idyllic-landscapes-within-architecture-rome-villa-della-farnesina-cubiculum-e-roma-mnr-pmat-1174-59613-03,Wall painting - pictures with idyllic landscapes within architecture - Rome (Villa della Farnesina - cubiculum E) - Roma MNR PMaT 1174-59613 - 03,Minoan,Floral & Landscape,Late Augustean / Early Julio-Claudian,,,Rome,Lazio,National Roman Museum,41.88872,12.49338,approximate,https://commons.wikimedia.org/wiki/Special:FilePath/Wall_painting_-_pictures_with_idyllic_landscapes_within_architecture_-_Rome_%28Villa_della_Farnesina_-_cubiculum_E%29_-_Roma_MNR_PMaT_1174-59613_-_03.jpg?width=400,ArchaiOptix,CC BY-SA 4.0,https://creativecommons.org/licenses/by-sa/4.0,https://commons.wikimedia.org/wiki/File:Wall_painting_-_pictures_with_idyllic_landscapes_within_architecture_-_Rome_%28Villa_della_Farnesina_-_cubiculum_E%29_-_Roma_MNR_PMaT_1174-59613_-_03.jpg,,Wall painting - pictures with idyllic landscapes within architecture - Rome (Villa della Farnesina - cubiculum E) - Roma MNR PMaT 1174-59613 - 03
rome-wall-painting-pictures-with-idyllic-landscapes-within-architecture-rome-villa-della-farnesina-cubiculum-e-roma-mnr-pmat-1174-59613-04,Wall painting - pictures with idyllic landscapes within architecture - Rome (Villa della Farnesina - cubiculum E) - Roma MNR PMaT 1174-59613 - 04,Minoan,Floral & Landscape,Late Augustean / Early Julio-Claudian,,,Rome,Lazio,National Roman Museum,41.88937,12.49074,approximate,https://commons.wikimedia.org/wiki/Special:FilePath/Wall_painting_-_pictures_with_idyllic_landscapes_within_architecture_-_Rome_%28Villa_della_Farnesina_-_cubiculum_E%29_-_Roma_MNR_PMaT_1174-59613_-_04.jpg?width=400,ArchaiOptix,CC BY-SA 4.0,https://creativecommons.org/licenses/by-sa/4.0,https://commons.wikimedia.org/wiki/File:Wall_painting_-_pictures_with_idyllic_landscapes_within_architecture_-_Rome_%28Villa_della_Farnesina_-_cubiculum_E%29_-_Roma_MNR_PMaT_1174-59613_-_04.jpg,,Wall painting - pictures with idyllic landscapes within architecture - Rome (Villa della Farnesina - cubiculum E) - Roma MNR PMaT 1174-59613 - 04
rome-wall-painting-pictures-with-idyllic-landscapes-within-architecture-rome-villa-della-farnesina-cubiculum-e-roma-mnr-pmat-1174-59613-05,Wall painting - pictures with idyllic landscapes within architecture - Rome (Villa della Farnesina - cubiculum E) - Roma MNR PMaT 1174-59613 - 05,Minoan,Floral & Landscape,Late Augustean / Early Julio-Claudian,,,Rome,Lazio,National Roman Museum,41.88959,12.49196,approximate,https://commons.wikimedia.org/wiki/Special:FilePath/Wall_painting_-_pictures_with_idyllic_landscapes_within_architecture_-_Rome_%28Villa_della_Farnesina_-_cubiculum_E%29_-_Roma_MNR_PMaT_1174-59613_-_05.jpg?width=400,ArchaiOptix,CC BY-SA 4.0,https://creativecommons.org/licenses/by-sa/4.0,https://commons.wikimedia.org/wiki/File:Wall_painting_-_pictures_with_idyllic_landscapes_within_architecture_-_Rome_%28Villa_della_Farnesina_-_cubiculum_E%29_-_Roma_MNR_PMaT_1174-59613_-_05.jpg,,Wall painting - pictures with idyllic landscapes within architecture - Rome (Villa della Farnesina - cubiculum E) - Roma MNR PMaT 1174-59613 - 05
rome-wall-painting-pictures-with-idyllic-landscapes-within-architecture-rome-villa-della-farnesina-cubiculum-e-roma-mnr-pmat-1174-59613-06,Wall painting - pictures with idyllic landscapes within architecture - Rome (Villa della Farnesina - cubiculum E) - Roma MNR PMaT 1174-59613 - 06,Minoan,Floral & Landscape,Late Augustean / Early Julio-Claudian,,,Rome,Lazio,National Roman Museum,41.89163,12.49338,approximate,https://commons.wikimedia.org/wiki/Special:FilePath/Wall_painting_-_pictures_with_idyllic_landscapes_within_architecture_-_Rome_%28Villa_della_Farnesina_-_cubiculum_E%29_-_Roma_MNR_PMaT_1174-59613_-_06.jpg?width=400,ArchaiOptix,CC BY-SA 4.0,https://creativecommons.org/licenses/by-sa/4.0,https://commons.wikimedia.org/wiki/File:Wall_painting_-_pictures_with_idyllic_landscapes_within_architecture_-_Rome_%28Villa_della_Farnesina_-_cubiculum_E%29_-_Roma_MNR_PMaT_1174-59613_-_06.jpg,,Wall painting - pictures with idyllic landscapes within architecture - Rome (Villa della Farnesina - cubiculum E) - Roma MNR PMaT 1174-59613 - 06
rome-wall-painting-pictures-with-idyllic-landscapes-within-architecture-rome-villa-della-farnesina-cubiculum-e-roma-mnr-pmat-1174-59613-07,Wall painting - pictures with idyllic landscapes within architecture - Rome (Villa della Farnesina - cubiculum E) - Roma MNR PMaT 1174-59613 - 07,Minoan,Floral & Landscape,Late Augustean / Early Julio-Claudian,,,Rome,Lazio,National Roman Museum,41.89051,12.49084,approximate,https://commons.wikimedia.org/wiki/Special:FilePath/Wall_painting_-_pictures_with_idyllic_landscapes_within_architecture_-_Rome_%28Villa_della_Farnesina_-_cubiculum_E%29_-_Roma_MNR_PMaT_1174-59613_-_07.jpg?width=400,ArchaiOptix,CC BY-SA 4.0,https://creativecommons.org/licenses/by-sa/4.0,https://commons.wikimedia.org/wiki/File:Wall_painting_-_pictures_with_idyllic_landscapes_within_architecture_-_Rome_%28Villa_della_Farnesina_-_cubiculum_E%29_-_Roma_MNR_PMaT_1174-59613_-_07.jpg,,Wall painting - pictures with idyllic landscapes within architecture - Rome (Villa della Farnesina - cubiculum E) - Roma MNR PMaT 1174-59613 - 07
rome-wall-painting-pictures-with-idyllic-landscapes-within-architecture-rome-villa-della-farnesina-cubiculum-e-roma-mnr-pmat-1174-59613-08,Wall painting - pictures with idyllic landscapes within architecture - Rome (Villa della Farnesina - cubiculum E) - Roma MNR PMaT 1174-59613 - 08,Minoan,Floral & Landscape,Late Augustean / Early Julio-Claudian,,,Rome,Lazio,National Roman Museum,41.8894,12.49336,approximate,https://commons.wikimedia.org/wiki/Special:FilePath/Wall_painting_-_pictures_with_idyllic_landscapes_within_architecture_-_Rome_%28Villa_della_Farnesina_-_cubiculum_E%29_-_Roma_MNR_PMaT_1174-59613_-_08.jpg?width=400,ArchaiOptix,CC BY-SA 4.0,https://creativecommons.org/licenses/by-sa/4.0,https://commons.wikimedia.org/wiki/File:Wall_painting_-_pictures_with_idyllic_landscapes_within_architecture_-_Rome_%28Villa_della_Farnesina_-_cubiculum_E%29_-_Roma_MNR_PMaT_1174-59613_-_08.jpg,,Wall painting - pictures with idyllic landscapes within architecture - Rome (Villa della Farnesina - cubiculum E) - Roma MNR PMaT 1174-59613 - 08
rome-wall-painting-pictures-with-idyllic-landscapes-within-architecture-rome-villa-della-farnesina-cubiculum-e-roma-mnr-pmat-1174-59613-09,Wall painting - pictures with idyllic landscapes within architecture - Rome (Villa della Farnesina - cubiculum E) - Roma MNR PMaT 1174-59613 - 09,Minoan,Floral & Landscape,Late Augustean / Early Julio-Claudian,,,Rome,Lazio,National Roman Museum,41.89169,12.49232,approximate,https://commons.wikimedia.org/wiki/Special:FilePath/Wall_painting_-_pictures_with_idyllic_landscapes_within_architecture_-_Rome_%28Villa_della_Farnesina_-_cubiculum_E%29_-_Roma_MNR_PMaT_1174-59613_-_09.jpg?width=400,ArchaiOptix,CC BY-SA 4.0,https://creativecommons.org/licenses/by-sa/4.0,https://commons.wikimedia.org/wiki/File:Wall_painting_-_pictures_with_idyllic_landscapes_within_architecture_-_Rome_%28Villa_della_Farnesina_-_cubiculum_E%29_-_Roma_MNR_PMaT_1174-59613_-_09.jpg,,Wall painting - pictures with idyllic landscapes within architecture - Rome (Villa della Farnesina - cubiculum E) - Roma MNR PMaT 1174-59613 - 09
rome-wall-painting-pictures-with-idyllic-landscapes-within-architecture-rome-villa-della-farnesina-cubiculum-e-roma-mnr-pmat-1174-59613-10,Wall painting - pictures with idyllic landscapes within architecture - Rome (Villa della Farnesina - cubiculum E) - Roma MNR PMaT 1174-59613 - 10,Minoan,Floral & Landscape,Late Augustean / Early Julio-Claudian,,,Rome,Lazio,National Roman Museum,41.88927,12.49207,approximate,https://commons.wikimedia.org/wiki/Special:FilePath/Wall_painting_-_pictures_with_idyllic_landscapes_within_architecture_-_Rome_%28Villa_della_Farnesina_-_cubiculum_E%29_-_Roma_MNR_PMaT_1174-59613_-_10.jpg?width=400,ArchaiOptix,CC BY-SA 4.0,https://creativecommons.org/licenses/by-sa/4.0,https://commons.wikimedia.org/wiki/File:Wall_painting_-_pictures_with_idyllic_landscapes_within_architecture_-_Rome_%28Villa_della_Farnesina_-_cubiculum_E%29_-_Roma_MNR_PMaT_1174-59613_-_10.jpg,,Wall painting - pictures with idyllic landscapes within architecture - Rome (Villa della Farnesina - cubiculum E) - Roma MNR PMaT 1174-59613 - 10
rome-wall-painting-pictures-with-idyllic-landscapes-within-architecture-rome-villa-della-farnesina-cubiculum-e-roma-mnr-pmat-1174-59613-11,Wall painting - pictures with idyllic landscapes within architecture - Rome (Villa della Farnesina - cubiculum E) - Roma MNR PMaT 1174-59613 - 11,Minoan,Floral & Landscape,Late Augustean / Early Julio-Claudian,,,Rome,Lazio,National Roman Museum,41.89119,12.49138,approximate,https://commons.wikimedia.org/wiki/Special:FilePath/Wall_painting_-_pictures_with_idyllic_landscapes_within_architecture_-_Rome_%28Villa_della_Farnesina_-_cubiculum_E%29_-_Roma_MNR_PMaT_1174-59613_-_11.jpg?width=400,ArchaiOptix,CC BY-SA 4.0,https://creativecommons.org/licenses/by-sa/4.0,https://commons.wikimedia.org/wiki/File:Wall_painting_-_pictures_with_idyllic_landscapes_within_architecture_-_Rome_%28Villa_della_Farnesina_-_cubiculum_E%29_-_Roma_MNR_PMaT_1174-59613_-_11.jpg,,Wall painting - pictures with idyllic landscapes within architecture - Rome (Villa della Farnesina - cubiculum E) - Roma MNR PMaT 1174-59613 - 11
rome-wall-painting-idyllic-landscapes-and-caryatides-rome-villa-della-farnesina-ambulacrum-f-g-roma-mnr-pmat-01,Wall painting - idyllic landscapes and caryatides - Rome (Villa della Farnesina - ambulacrum F-G) - Roma MNR PMaT - 01,Minoan,Floral & Landscape,Late Augustean / Early Julio-Claudian,,,Rome,Lazio,National Roman Museum,41.8905,12.49141,approximate,https://commons.wikimedia.org/wiki/Special:FilePath/Wall_painting_-_idyllic_landscapes_and_caryatides_-_Rome_%28Villa_della_Farnesina_-_ambulacrum_F-G%29_-_Roma_MNR_PMaT_-_01.jpg?width=400,ArchaiOptix,CC BY-SA 4.0,https://creativecommons.org/licenses/by-sa/4.0,https://commons.wikimedia.org/wiki/File:Wall_painting_-_idyllic_landscapes_and_caryatides_-_Rome_%28Villa_della_Farnesina_-_ambulacrum_F-G%29_-_Roma_MNR_PMaT_-_01.jpg,,Wall painting - idyllic landscapes and caryatides - Rome (Villa della Farnesina - ambulacrum F-G) - Roma MNR PMaT - 01
rome-wall-painting-idyllic-landscapes-and-caryatides-rome-villa-della-farnesina-ambulacrum-f-g-roma-mnr-pmat-02,Wall painting - idyllic landscapes and caryatides - Rome (Villa della Farnesina - ambulacrum F-G) - Roma MNR PMaT - 02,Minoan,Floral & Landscape,Late Augustean / Early Julio-Claudian,,,Rome,Lazio,National Roman Museum,41.88923,12.49299,approximate,https://commons.wikimedia.org/wiki/Special:FilePath/Wall_painting_-_idyllic_landscapes_and_caryatides_-_Rome_%28Villa_della_Farnesina_-_ambulacrum_F-G%29_-_Roma_MNR_PMaT_-_02.jpg?width=400,ArchaiOptix,CC BY-SA 4.0,https://creativecommons.org/licenses/by-sa/4.0,https://commons.wikimedia.org/wiki/File:Wall_painting_-_idyllic_landscapes_and_caryatides_-_Rome_%28Villa_della_Farnesina_-_ambulacrum_F-G%29_-_Roma_MNR_PMaT_-_02.jpg,,Wall painting - idyllic landscapes and caryatides - Rome (Villa della Farnesina - ambulacrum F-G) - Roma MNR PMaT - 02
rome-wall-painting-idyllic-landscapes-and-caryatides-rome-villa-della-farnesina-ambulacrum-f-g-roma-mnr-pmat-03,Wall painting - idyllic landscapes and caryatides - Rome (Villa della Farnesina - ambulacrum F-G) - Roma MNR PMaT - 03,Minoan,Floral & Landscape,Late Augustean / Early Julio-Claudian,,,Rome,Lazio,National Roman Museum,41.89126,12.49084,approximate,https://commons.wikimedia.org/wiki/Special:FilePath/Wall_painting_-_idyllic_landscapes_and_caryatides_-_Rome_%28Villa_della_Farnesina_-_ambulacrum_F-G%29_-_Roma_MNR_PMaT_-_03.jpg?width=400,ArchaiOptix,CC BY-SA 4.0,https://creativecommons.org/licenses/by-sa/4.0,https://commons.wikimedia.org/wiki/File:Wall_painting_-_idyllic_landscapes_and_caryatides_-_Rome_%28Villa_della_Farnesina_-_ambulacrum_F-G%29_-_Roma_MNR_PMaT_-_03.jpg,,Wall painting - idyllic landscapes and caryatides - Rome (Villa della Farnesina - ambulacrum F-G) - Roma MNR PMaT - 03
rome-wall-painting-idyllic-landscapes-and-caryatides-rome-villa-della-farnesina-ambulacrum-f-g-roma-mnr-pmat-04,Wall painting - idyllic landscapes and caryatides - Rome (Villa della Farnesina - ambulacrum F-G) - Roma MNR PMaT - 04,Minoan,Floral & Landscape,Late Augustean / Early Julio-Claudian,,,Rome,Lazio,National Roman Museum,41.89018,12.49261,approximate,https://commons.wikimedia.org/wiki/Special:FilePath/Wall_painting_-_idyllic_landscapes_and_caryatides_-_Rome_%28Villa_della_Farnesina_-_ambulacrum_F-G%29_-_Roma_MNR_PMaT_-_04.jpg?width=400,ArchaiOptix,CC BY-SA 4.0,https://creativecommons.org/licenses/by-sa/4.0,https://commons.wikimedia.org/wiki/File:Wall_painting_-_idyllic_landscapes_and_caryatides_-_Rome_%28Villa_della_Farnesina_-_ambulacrum_F-G%29_-_Roma_MNR_PMaT_-_04.jpg,,Wall painting - idyllic landscapes and caryatides - Rome (Villa della Farnesina - ambulacrum F-G) - Roma MNR PMaT - 04
rome-wall-painting-idyllic-landscapes-and-caryatides-rome-villa-della-farnesina-ambulacrum-f-g-roma-mnr-pmat-05,Wall painting - idyllic landscapes and caryatides - Rome (Villa della Farnesina - ambulacrum F-G) - Roma MNR PMaT - 05,Minoan,Floral & Landscape,Late Augustean / Early Julio-Claudian,,,Rome,Lazio,National Roman Museum,41.89154,12.49335,approximate,https://commons.wikimedia.org/wiki/Special:FilePath/Wall_painting_-_idyllic_landscapes_and_caryatides_-_Rome_%28Villa_della_Farnesina_-_ambulacrum_F-G%29_-_Roma_MNR_PMaT_-_05.jpg?width=400,ArchaiOptix,CC BY-SA 4.0,https://creativecommons.org/licenses/by-sa/4.0,https://commons.wikimedia.org/wiki/File:Wall_painting_-_idyllic_landscapes_and_caryatides_-_Rome_%28Villa_della_Farnesina_-_ambulacrum_F-G%29_-_Roma_MNR_PMaT_-_05.jpg,,Wall painting - idyllic landscapes and caryatides - Rome (Villa della Farnesina - ambulacrum F-G) - Roma MNR PMaT - 05
rome-wall-painting-idyllic-landscapes-and-seascapes-and-masks-and-caryatides-rome-villa-della-farnesina-ambulacrum-f-g-roma-mnr-pmat-1216-1235-06,Wall painting - idyllic landscapes and seascapes and masks and caryatides - Rome (Villa della Farnesina - ambulacrum F-G) - Roma MNR PMaT 1216-1235 - 06,Minoan,Floral & Landscape,Late Augustean / Early Julio-Claudian,,,Rome,Lazio,National Roman Museum,41.8914,12.49256,approximate,https://commons.wikimedia.org/wiki/Special:FilePath/Wall_painting_-_idyllic_landscapes_and_seascapes_and_masks_and_caryatides_-_Rome_%28Villa_della_Farnesina_-_ambulacrum_F-G%29_-_Roma_MNR_PMaT_1216-1235_-_06.jpg?width=400,ArchaiOptix,CC BY-SA 4.0,https://creativecommons.org/licenses/by-sa/4.0,https://commons.wikimedia.org/wiki/File:Wall_painting_-_idyllic_landscapes_and_seascapes_and_masks_and_caryatides_-_Rome_%28Villa_della_Farnesina_-_ambulacrum_F-G%29_-_Roma_MNR_PMaT_1216-1235_-_06.jpg,,Wall painting - idyllic landscapes and seascapes and masks and caryatides - Rome (Villa della Farnesina - ambulacrum F-G) - Roma MNR PMaT 1216-1235 - 06
rome-wall-painting-idyllic-landscapes-and-seascapes-and-masks-and-caryatides-rome-villa-della-farnesina-ambulacrum-f-g-roma-mnr-pmat-1216-1235-07,Wall painting - idyllic landscapes and seascapes and masks and caryatides - Rome (Villa della Farnesina - ambulacrum F-G) - Roma MNR PMaT 1216-1235 - 07,Minoan,Floral & Landscape,Late Augustean / Early Julio-Claudian,,,Rome,Lazio,National Roman Museum,41.89118,12.49231,approximate,https://commons.wikimedia.org/wiki/Special:FilePath/Wall_painting_-_idyllic_landscapes_and_seascapes_and_masks_and_caryatides_-_Rome_%28Villa_della_Farnesina_-_ambulacrum_F-G%29_-_Roma_MNR_PMaT_1216-1235_-_07.jpg?width=400,ArchaiOptix,CC BY-SA 4.0,https://creativecommons.org/licenses/by-sa/4.0,https://commons.wikimedia.org/wiki/File:Wall_painting_-_idyllic_landscapes_and_seascapes_and_masks_and_caryatides_-_Rome_%28Villa_della_Farnesina_-_ambulacrum_F-G%29_-_Roma_MNR_PMaT_1216-1235_-_07.jpg,,Wall painting - idyllic landscapes and seascapes and masks and caryatides - Rome (Villa della Farnesina - ambulacrum F-G) - Roma MNR PMaT 1216-1235 - 07
rome-wall-painting-idyllic-landscapes-and-seascapes-and-masks-and-caryatides-rome-villa-della-farnesina-ambulacrum-f-g-roma-mnr-pmat-1216-1235-08,Wall painting - idyllic landscapes and seascapes and masks and caryatides - Rome (Villa della Farnesina - ambulacrum F-G) - Roma MNR PMaT 1216-1235 - 08,Minoan,Floral & Landscape,Late Augustean / Early Julio-Claudian,,,Rome,Lazio,National Roman Museum,41.88899,12.49206,approximate,https://commons.wikimedia.org/wiki/Special:FilePath/Wall_painting_-_idyllic_landscapes_and_seascapes_and_masks_and_caryatides_-_Rome_%28Villa_della_Farnesina_-_ambulacrum_F-G%29_-_Roma_MNR_PMaT_1216-1235_-_08.jpg?width=400,ArchaiOptix,CC BY-SA 4.0,https://creativecommons.org/licenses/by-sa/4.0,https://commons.wikimedia.org/wiki/File:Wall_painting_-_idyllic_landscapes_and_seascapes_and_masks_and_caryatides_-_Rome_%28Villa_della_Farnesina_-_ambulacrum_F-G%29_-_Roma_MNR_PMaT_1216-1235_-_08.jpg,,Wall painting - idyllic landscapes and seascapes and masks and caryatides - Rome (Villa della Farnesina - ambulacrum F-G) - Roma MNR PMaT 1216-1235 - 08
rome-wall-painting-idyllic-landscapes-and-seascapes-and-masks-and-caryatides-rome-villa-della-farnesina-ambulacrum-f-g-roma-mnr-pmat-1216-1235-09,Wall painting - idyllic landscapes and seascapes and masks and caryatides - Rome (Villa della Farnesina - ambulacrum F-G) - Roma MNR PMaT 1216-1235 - 09,Minoan,Floral & Landscape,Late Augustean / Early Julio-Claudian,,,Rome,Lazio,National Roman Museum,41.8914,12.49153,approximate,https://commons.wikimedia.org/wiki/Special:FilePath/Wall_painting_-_idyllic_landscapes_and_seascapes_and_masks_and_caryatides_-_Rome_%28Villa_della_Farnesina_-_ambulacrum_F-G%29_-_Roma_MNR_PMaT_1216-1235_-_09.jpg?width=400,ArchaiOptix,CC BY-SA 4.0,https://creativecommons.org/licenses/by-sa/4.0,https://commons.wikimedia.org/wiki/File:Wall_painting_-_idyllic_landscapes_and_seascapes_and_masks_and_caryatides_-_Rome_%28Villa_della_Farnesina_-_ambulacrum_F-G%29_-_Roma_MNR_PMaT_1216-1235_-_09.jpg,,Wall painting - idyllic landscapes and seascapes and masks and caryatides - Rome (Villa della Farnesina - ambulacrum F-G) - Roma MNR PMaT 1216-1235 - 09
rome-wall-painting-idyllic-landscapes-and-seascapes-and-masks-and-caryatides-rome-villa-della-farnesina-ambulacrum-f-g-roma-mnr-pmat-1216-1235-10,Wall painting - idyllic landscapes and seascapes and masks and caryatides - Rome (Villa della Farnesina - ambulacrum F-G) - Roma MNR PMaT 1216-1235 - 10,Minoan,Floral & Landscape,Late Augustean / Early Julio-Claudian,,,Rome,Lazio,National Roman Museum,41.89089,12.49126,approximate,https://commons.wikimedia.org/wiki/Special:FilePath/Wall_painting_-_idyllic_landscapes_and_seascapes_and_masks_and_caryatides_-_Rome_%28Villa_della_Farnesina_-_ambulacrum_F-G%29_-_Roma_MNR_PMaT_1216-1235_-_10.jpg?width=400,ArchaiOptix,CC BY-SA 4.0,https://creativecommons.org/licenses/by-sa/4.0,https://commons.wikimedia.org/wiki/File:Wall_painting_-_idyllic_landscapes_and_seascapes_and_masks_and_caryatides_-_Rome_%28Villa_della_Farnesina_-_ambulacrum_F-G%29_-_Roma_MNR_PMaT_1216-1235_-_10.jpg,,Wall painting - idyllic landscapes and seascapes and masks and caryatides - Rome (Villa della Farnesina - ambulacrum F-G) - Roma MNR PMaT 1216-1235 - 10
rome-wall-painting-idyllic-landscapes-and-seascapes-and-masks-and-caryatides-rome-villa-della-farnesina-ambulacrum-f-g-roma-mnr-pmat-1216-1235-11,Wall painting - idyllic landscapes and seascapes and masks and caryatides - Rome (Villa della Farnesina - ambulacrum F-G) - Roma MNR PMaT 1216-1235 - 11,Minoan,Floral & Landscape,Late Augustean / Early Julio-Claudian,,,Rome,Lazio,National Roman Museum,41.89028,12.49161,approximate,https://commons.wikimedia.org/wiki/Special:FilePath/Wall_painting_-_idyllic_landscapes_and_seascapes_and_masks_and_caryatides_-_Rome_%28Villa_della_Farnesina_-_ambulacrum_F-G%29_-_Roma_MNR_PMaT_1216-1235_-_11.jpg?width=400,ArchaiOptix,CC BY-SA 4.0,https://creativecommons.org/licenses/by-sa/4.0,https://commons.wikimedia.org/wiki/File:Wall_painting_-_idyllic_landscapes_and_seascapes_and_masks_and_caryatides_-_Rome_%28Villa_della_Farnesina_-_ambulacrum_F-G%29_-_Roma_MNR_PMaT_1216-1235_-_11.jpg,,Wall painting - idyllic landscapes and seascapes and masks and caryatides - Rome (Villa della Farnesina - ambulacrum F-G) - Roma MNR PMaT 1216-1235 - 11
rome-wall-painting-idyllic-landscapes-and-seascapes-and-masks-and-caryatides-rome-villa-della-farnesina-ambulacrum-f-g-roma-mnr-pmat-1216-1235-12,Wall painting - idyllic landscapes and seascapes and masks and caryatides - Rome (Villa della Farnesina - ambulacrum F-G) - Roma MNR PMaT 1216-1235 - 12,Minoan,Floral & Landscape,Late Augustean / Early Julio-Claudian,,,Rome,Lazio,National Roman Museum,41.89122,12.49207,approximate,https://commons.wikimedia.org/wiki/Special:FilePath/Wall_painting_-_idyllic_landscapes_and_seascapes_and_masks_and_caryatides_-_Rome_%28Villa_della_Farnesina_-_ambulacrum_F-G%29_-_Roma_MNR_PMaT_1216-1235_-_12.jpg?width=400,ArchaiOptix,CC BY-SA 4.0,https://creativecommons.org/licenses/by-sa/4.0,https://commons.wikimedia.org/wiki/File:Wall_painting_-_idyllic_landscapes_and_seascapes_and_masks_and_caryatides_-_Rome_%28Villa_della_Farnesina_-_ambulacrum_F-G%29_-_Roma_MNR_PMaT_1216-1235_-_12.jpg,,Wall painting - idyllic landscapes and seascapes and masks and caryatides - Rome (Villa della Farnesina - ambulacrum F-G) - Roma MNR PMaT 1216-1235 - 12
rome-wall-painting-idyllic-landscapes-and-seascapes-and-masks-and-caryatides-rome-villa-della-farnesina-ambulacrum-f-g-roma-mnr-pmat-1216-1235-13,Wall painting - idyllic landscapes and seascapes and masks and caryatides - Rome (Villa della Farnesina - ambulacrum F-G) - Roma MNR PMaT 1216-1235 - 13,Minoan,Floral & Landscape,Late Augustean / Early Julio-Claudian,,,Rome,Lazio,National Roman Museum,41.89071,12.49363,approximate,https://commons.wikimedia.org/wiki/Special:FilePath/Wall_painting_-_idyllic_landscapes_and_seascapes_and_masks_and_caryatides_-_Rome_%28Villa_della_Farnesina_-_ambulacrum_F-G%29_-_Roma_MNR_PMaT_1216-1235_-_13.jpg?width=400,ArchaiOptix,CC BY-SA 4.0,https://creativecommons.org/licenses/by-sa/4.0,https://commons.wikimedia.org/wiki/File:Wall_painting_-_idyllic_landscapes_and_seascapes_and_masks_and_caryatides_-_Rome_%28Villa_della_Farnesina_-_ambulacrum_F-G%29_-_Roma_MNR_PMaT_1216-1235_-_13.jpg,,Wall painting - idyllic landscapes and seascapes and masks and caryatides - Rome (Villa della Farnesina - ambulacrum F-G) - Roma MNR PMaT 1216-1235 - 13
rome-wall-painting-idyllic-landscapes-and-seascapes-and-masks-and-caryatides-rome-villa-della-farnesina-ambulacrum-f-g-roma-mnr-pmat-1216-1235-14,Wall painting - idyllic landscapes and seascapes and masks and caryatides - Rome (Villa della Farnesina - ambulacrum F-G) - Roma MNR PMaT 1216-1235 - 14,Minoan,Floral & Landscape,Late Augustean / Early Julio-Claudian,,,Rome,Lazio,National Roman Museum,41.89057,12.49176,approximate,https://commons.wikimedia.org/wiki/Special:FilePath/Wall_painting_-_idyllic_landscapes_and_seascapes_and_masks_and_caryatides_-_Rome_%28Villa_della_Farnesina_-_ambulacrum_F-G%29_-_Roma_MNR_PMaT_1216-1235_-_14.jpg?width=400,ArchaiOptix,CC BY-SA 4.0,https://creativecommons.org/licenses/by-sa/4.0,https://commons.wikimedia.org/wiki/File:Wall_painting_-_idyllic_landscapes_and_seascapes_and_masks_and_caryatides_-_Rome_%28Villa_della_Farnesina_-_ambulacrum_F-G%29_-_Roma_MNR_PMaT_1216-1235_-_14.jpg,,Wall painting - idyllic landscapes and seascapes and masks and caryatides - Rome (Villa della Farnesina - ambulacrum F-G) - Roma MNR PMaT 1216-1235 - 14
rome-wall-painting-idyllic-landscapes-and-seascapes-and-masks-and-caryatides-rome-villa-della-farnesina-ambulacrum-f-g-roma-mnr-pmat-1216-1235-15,Wall painting - idyllic landscapes and seascapes and masks and caryatides - Rome (Villa della Farnesina - ambulacrum F-G) - Roma MNR PMaT 1216-1235 - 15,Minoan,Floral & Landscape,Late Augustean / Early Julio-Claudian,,,Rome,Lazio,National Roman Museum,41.89036,12.49125,approximate,https://commons.wikimedia.org/wiki/Special:FilePath/Wall_painting_-_idyllic_landscapes_and_seascapes_and_masks_and_caryatides_-_Rome_%28Villa_della_Farnesina_-_ambulacrum_F-G%29_-_Roma_MNR_PMaT_1216-1235_-_15.jpg?width=400,ArchaiOptix,CC BY-SA 4.0,https://creativecommons.org/licenses/by-sa/4.0,https://commons.wikimedia.org/wiki/File:Wall_painting_-_idyllic_landscapes_and_seascapes_and_masks_and_caryatides_-_Rome_%28Villa_della_Farnesina_-_ambulacrum_F-G%29_-_Roma_MNR_PMaT_1216-1235_-_15.jpg,,Wall painting - idyllic landscapes and seascapes and masks and caryatides - Rome (Villa della Farnesina - ambulacrum F-G) - Roma MNR PMaT 1216-1235 - 15
rome-wall-painting-idyllic-landscapes-and-seascapes-and-masks-and-caryatides-rome-villa-della-farnesina-ambulacrum-f-g-roma-mnr-pmat-1216-1235-16,Wall painting - idyllic landscapes and seascapes and masks and caryatides - Rome (Villa della Farnesina - ambulacrum F-G) - Roma MNR PMaT 1216-1235 - 16,Minoan,Floral & Landscape,Late Augustean / Early Julio-Claudian,,,Rome,Lazio,National Roman Museum,41.89014,12.49213,approximate,https://commons.wikimedia.org/wiki/Special:FilePath/Wall_painting_-_idyllic_landscapes_and_seascapes_and_masks_and_caryatides_-_Rome_%28Villa_della_Farnesina_-_ambulacrum_F-G%29_-_Roma_MNR_PMaT_1216-1235_-_16.jpg?width=400,ArchaiOptix,CC BY-SA 4.0,https://creativecommons.org/licenses/by-sa/4.0,https://commons.wikimedia.org/wiki/File:Wall_painting_-_idyllic_landscapes_and_seascapes_and_masks_and_caryatides_-_Rome_%28Villa_della_Farnesina_-_ambulacrum_F-G%29_-_Roma_MNR_PMaT_1216-1235_-_16.jpg,,Wall painting - idyllic landscapes and seascapes and masks and caryatides - Rome (Villa della Farnesina - ambulacrum F-G) - Roma MNR PMaT 1216-1235 - 16
rome-wall-painting-idyllic-landscapes-and-seascapes-and-masks-and-caryatides-rome-villa-della-farnesina-ambulacrum-f-g-roma-mnr-pmat-1216-1235-17,Wall painting - idyllic landscapes and seascapes and masks and caryatides - Rome (Villa della Farnesina - ambulacrum F-G) - Roma MNR PMaT 1216-1235 - 17,Minoan,Floral & Landscape,Late Augustean / Early Julio-Claudian,,,Rome,Lazio,National Roman Museum,41.88884,12.49327,approximate,https://commons.wikimedia.org/wiki/Special:FilePath/Wall_painting_-_idyllic_landscapes_and_seascapes_and_masks_and_caryatides_-_Rome_%28Villa_della_Farnesina_-_ambulacrum_F-G%29_-_Roma_MNR_PMaT_1216-1235_-_17.jpg?width=400,ArchaiOptix,CC BY-SA 4.0,https://creativecommons.org/licenses/by-sa/4.0,https://commons.wikimedia.org/wiki/File:Wall_painting_-_idyllic_landscapes_and_seascapes_and_masks_and_caryatides_-_Rome_%28Villa_della_Farnesina_-_ambulacrum_F-G%29_-_Roma_MNR_PMaT_1216-1235_-_17.jpg,,Wall painting - idyllic landscapes and seascapes and masks and caryatides - Rome (Villa della Farnesina - ambulacrum F-G) - Roma MNR PMaT 1216-1235 - 17
rome-wall-painting-idyllic-landscapes-and-seascapes-and-masks-and-caryatides-rome-villa-della-farnesina-ambulacrum-f-g-roma-mnr-pmat-1216-1235-18,Wall painting - idyllic landscapes and seascapes and masks and caryatides - Rome (Villa della Farnesina - ambulacrum F-G) - Roma MNR PMaT 1216-1235 - 18,Minoan,Floral & Landscape,Late Augustean / Early Julio-Claudian,,,Rome,Lazio,National Roman Museum,41.88914,12.49228,approximate,https://commons.wikimedia.org/wiki/Special:FilePath/Wall_painting_-_idyllic_landscapes_and_seascapes_and_masks_and_caryatides_-_Rome_%28Villa_della_Farnesina_-_ambulacrum_F-G%29_-_Roma_MNR_PMaT_1216-1235_-_18.jpg?width=400,ArchaiOptix,CC BY-SA 4.0,https://creativecommons.org/licenses/by-sa/4.0,https://commons.wikimedia.org/wiki/File:Wall_painting_-_idyllic_landscapes_and_seascapes_and_masks_and_caryatides_-_Rome_%28Villa_della_Farnesina_-_ambulacrum_F-G%29_-_Roma_MNR_PMaT_1216-1235_-_18.jpg,,Wall painting - idyllic landscapes and seascapes and masks and caryatides - Rome (Villa della Farnesina - ambulacrum F-G) - Roma MNR PMaT 1216-1235 - 18
rome-wall-painting-idyllic-landscapes-and-seascapes-and-masks-and-caryatides-rome-villa-della-farnesina-ambulacrum-f-g-roma-mnr-pmat-1216-1235-19,Wall painting - idyllic landscapes and seascapes and masks and caryatides - Rome (Villa della Farnesina - ambulacrum F-G) - Roma MNR PMaT 1216-1235 - 19,Minoan,Floral & Landscape,Late Augustean / Early Julio-Claudian,,,Rome,Lazio,National Roman Museum,41.88876,12.49111,approximate,https://commons.wikimedia.org/wiki/Special:FilePath/Wall_painting_-_idyllic_landscapes_and_seascapes_and_masks_and_caryatides_-_Rome_%28Villa_della_Farnesina_-_ambulacrum_F-G%29_-_Roma_MNR_PMaT_1216-1235_-_19.jpg?width=400,ArchaiOptix,CC BY-SA 4.0,https://creativecommons.org/licenses/by-sa/4.0,https://commons.wikimedia.org/wiki/File:Wall_painting_-_idyllic_landscapes_and_seascapes_and_masks_and_caryatides_-_Rome_%28Villa_della_Farnesina_-_ambulacrum_F-G%29_-_Roma_MNR_PMaT_1216-1235_-_19.jpg,,Wall painting - idyllic landscapes and seascapes and masks and caryatides - Rome (Villa della Farnesina - ambulacrum F-G) - Roma MNR PMaT 1216-1235 - 19
rome-wall-painting-idyllic-landscapes-and-seascapes-and-masks-and-caryatides-rome-villa-della-farnesina-ambulacrum-f-g-roma-mnr-pmat-1216-1235-20,Wall painting - idyllic landscapes and seascapes and masks and caryatides - Rome (Villa della Farnesina - ambulacrum F-G) - Roma MNR PMaT 1216-1235 - 20,Minoan,Floral & Landscape,Late Augustean / Early Julio-Claudian,,,Rome,Lazio,National Roman Museum,41.89051,12.49319,approximate,https://commons.wikimedia.org/wiki/Special:FilePath/Wall_painting_-_idyllic_landscapes_and_seascapes_and_masks_and_caryatides_-_Rome_%28Villa_della_Farnesina_-_ambulacrum_F-G%29_-_Roma_MNR_PMaT_1216-1235_-_20.jpg?width=400,ArchaiOptix,CC BY-SA 4.0,https://creativecommons.org/licenses/by-sa/4.0,https://commons.wikimedia.org/wiki/File:Wall_painting_-_idyllic_landscapes_and_seascapes_and_masks_and_caryatides_-_Rome_%28Villa_della_Farnesina_-_ambulacrum_F-G%29_-_Roma_MNR_PMaT_1216-1235_-_20.jpg,,Wall painting - idyllic landscapes and seascapes and masks and caryatides - Rome (Villa della Farnesina - ambulacrum F-G) - Roma MNR PMaT 1216-1235 - 20
rome-wall-painting-idyllic-landscapes-and-seascapes-and-masks-and-caryatides-rome-villa-della-farnesina-ambulacrum-f-g-roma-mnr-pmat-1216-1235-21,Wall painting - idyllic landscapes and seascapes and masks and caryatides - Rome (Villa della Farnesina - ambulacrum F-G) - Roma MNR PMaT 1216-1235 - 21,Minoan,Floral & Landscape,Late Augustean / Early Julio-Claudian,,,Rome,Lazio,National Roman Museum,41.89005,12.49086,approximate,https://commons.wikimedia.org/wiki/Special:FilePath/Wall_painting_-_idyllic_landscapes_and_seascapes_and_masks_and_caryatides_-_Rome_%28Villa_della_Farnesina_-_ambulacrum_F-G%29_-_Roma_MNR_PMaT_1216-1235_-_21.jpg?width=400,ArchaiOptix,CC BY-SA 4.0,https://creativecommons.org/licenses/by-sa/4.0,https://commons.wikimedia.org/wiki/File:Wall_painting_-_idyllic_landscapes_and_seascapes_and_masks_and_caryatides_-_Rome_%28Villa_della_Farnesina_-_ambulacrum_F-G%29_-_Roma_MNR_PMaT_1216-1235_-_21.jpg,,Wall painting - idyllic landscapes and seascapes and masks and caryatides - Rome (Villa della Farnesina - ambulacrum F-G) - Roma MNR PMaT 1216-1235 - 21
rome-wall-painting-idyllic-landscapes-and-seascapes-and-masks-and-caryatides-rome-villa-della-farnesina-ambulacrum-f-g-roma-mnr-pmat-1216-1235-22,Wall painting - idyllic landscapes and seascapes and masks and caryatides - Rome (Villa della Farnesina - ambulacrum F-G) - Roma MNR PMaT 1216-1235 - 22,Minoan,Floral & Landscape,Late Augustean / Early Julio-Claudian,,,Rome,Lazio,National Roman Museum,41.89076,12.49073,approximate,https://commons.wikimedia.org/wiki/Special:FilePath/Wall_painting_-_idyllic_landscapes_and_seascapes_and_masks_and_caryatides_-_Rome_%28Villa_della_Farnesina_-_ambulacrum_F-G%29_-_Roma_MNR_PMaT_1216-1235_-_22.jpg?width=400,ArchaiOptix,CC BY-SA 4.0,https://creativecommons.org/licenses/by-sa/4.0,https://commons.wikimedia.org/wiki/File:Wall_painting_-_idyllic_landscapes_and_seascapes_and_masks_and_caryatides_-_Rome_%28Villa_della_Farnesina_-_ambulacrum_F-G%29_-_Roma_MNR_PMaT_1216-1235_-_22.jpg,,Wall painting - idyllic landscapes and seascapes and masks and caryatides - Rome (Villa della Farnesina - ambulacrum F-G) - Roma MNR PMaT 1216-1235 - 22
rome-wall-painting-idyllic-landscapes-and-seascapes-and-masks-and-caryatides-rome-villa-della-farnesina-ambulacrum-f-g-roma-mnr-pmat-1216-1235-23,Wall painting - idyllic landscapes and seascapes and masks and caryatides - Rome (Villa della Farnesina - ambulacrum F-G) - Roma MNR PMaT 1216-1235 - 23,Minoan,Floral & Landscape,Late Augustean / Early Julio-Claudian,,,Rome,Lazio,National Roman Museum,41.88931,12.4909,approximate,https://commons.wikimedia.org/wiki/Special:FilePath/Wall_painting_-_idyllic_landscapes_and_seascapes_and_masks_and_caryatides_-_Rome_%28Villa_della_Farnesina_-_ambulacrum_F-G%29_-_Roma_MNR_PMaT_1216-1235_-_23.jpg?width=400,ArchaiOptix,CC BY-SA 4.0,https://creativecommons.org/licenses/by-sa/4.0,https://commons.wikimedia.org/wiki/File:Wall_painting_-_idyllic_landscapes_and_seascapes_and_masks_and_caryatides_-_Rome_%28Villa_della_Farnesina_-_ambulacrum_F-G%29_-_Roma_MNR_PMaT_1216-1235_-_23.jpg,,Wall painting - idyllic landscapes and seascapes and masks and caryatides - Rome (Villa della Farnesina - ambulacrum F-G) - Roma MNR PMaT 1216-1235 - 23
rome-wall-painting-idyllic-landscapes-and-seascapes-and-masks-and-caryatides-rome-villa-della-farnesina-ambulacrum-f-g-roma-mnr-pmat-1216-1235-24,Wall painting - idyllic landscapes and seascapes and masks and caryatides - Rome (Villa della Farnesina - ambulacrum F-G) - Roma MNR PMaT 1216-1235 - 24,Minoan,Floral & Landscape,Late Augustean / Early Julio-Claudian,,,Rome,Lazio,National Roman Museum,41.89117,12.49151,approximate,https://commons.wikimedia.org/wiki/Special:FilePath/Wall_painting_-_idyllic_landscapes_and_seascapes_and_masks_and_caryatides_-_Rome_%28Villa_della_Farnesina_-_ambulacrum_F-G%29_-_Roma_MNR_PMaT_1216-1235_-_24.jpg?width=400,ArchaiOptix,CC BY-SA 4.0,https://creativecommons.org/licenses/by-sa/4.0,https://commons.wikimedia.org/wiki/File:Wall_painting_-_idyllic_landscapes_and_seascapes_and_masks_and_caryatides_-_Rome_%28Villa_della_Farnesina_-_ambulacrum_F-G%29_-_Roma_MNR_PMaT_1216-1235_-_24.jpg,,Wall painting - idyllic landscapes and seascapes and masks and caryatides - Rome (Villa della Farnesina - ambulacrum F-G) - Roma MNR PMaT 1216-1235 - 24
rome-wall-painting-idyllic-landscapes-and-seascapes-and-masks-and-caryatides-rome-villa-della-farnesina-ambulacrum-f-g-roma-mnr-pmat-1216-1235-25,Wall painting - idyllic landscapes and seascapes and masks and caryatides - Rome (Villa della Farnesina - ambulacrum F-G) - Roma MNR PMaT 1216-1235 - 25,Minoan,Floral & Landscape,Late Augustean / Early Julio-Claudian,,,Rome,Lazio,National Roman Museum,41.8911,12.49277,approximate,https://commons.wikimedia.org/wiki/Special:FilePath/Wall_painting_-_idyllic_landscapes_and_seascapes_and_masks_and_caryatides_-_Rome_%28Villa_della_Farnesina_-_ambulacrum_F-G%29_-_Roma_MNR_PMaT_1216-1235_-_25.jpg?width=400,ArchaiOptix,CC BY-SA 4.0,https://creativecommons.org/licenses/by-sa/4.0,https://commons.wikimedia.org/wiki/File:Wall_painting_-_idyllic_landscapes_and_seascapes_and_masks_and_caryatides_-_Rome_%28Villa_della_Farnesina_-_ambulacrum_F-G%29_-_Roma_MNR_PMaT_1216-1235_-_25.jpg,,Wall painting - idyllic landscapes and seascapes and masks and caryatides - Rome (Villa della Farnesina - ambulacrum F-G) - Roma MNR PMaT 1216-1235 - 25
rome-wall-painting-idyllic-landscapes-and-seascapes-and-masks-and-caryatides-rome-villa-della-farnesina-ambulacrum-f-g-roma-mnr-pmat-1216-1235-26,Wall painting - idyllic landscapes and seascapes and masks and caryatides - Rome (Villa della Farnesina - ambulacrum F-G) - Roma MNR PMaT 1216-1235 - 26,Minoan,Floral & Landscape,Late Augustean / Early Julio-Claudian,,,Rome,Lazio,National Roman Museum,41.89102,12.49298,approximate,https://commons.wikimedia.org/wiki/Special:FilePath/Wall_painting_-_idyllic_landscapes_and_seascapes_and_masks_and_caryatides_-_Rome_%28Villa_della_Farnesina_-_ambulacrum_F-G%29_-_Roma_MNR_PMaT_1216-1235_-_26.jpg?width=400,ArchaiOptix,CC BY-SA 4.0,https://creativecommons.org/licenses/by-sa/4.0,https://commons.wikimedia.org/wiki/File:Wall_painting_-_idyllic_landscapes_and_seascapes_and_masks_and_caryatides_-_Rome_%28Villa_della_Farnesina_-_ambulacrum_F-G%29_-_Roma_MNR_PMaT_1216-1235_-_26.jpg,,Wall painting - idyllic landscapes and seascapes and masks and caryatides - Rome (Villa della Farnesina - ambulacrum F-G) - Roma MNR PMaT 1216-1235 - 26
rome-wall-painting-idyllic-landscapes-and-seascapes-and-masks-and-caryatides-rome-villa-della-farnesina-ambulacrum-f-g-roma-mnr-pmat-1216-1235-27,Wall painting - idyllic landscapes and seascapes and masks and caryatides - Rome (Villa della Farnesina - ambulacrum F-G) - Roma MNR PMaT 1216-1235 - 27,Minoan,Floral & Landscape,Late Augustean / Early Julio-Claudian,,,Rome,Lazio,National Roman Museum,41.89133,12.49256,approximate,https://commons.wikimedia.org/wiki/Special:FilePath/Wall_painting_-_idyllic_landscapes_and_seascapes_and_masks_and_caryatides_-_Rome_%28Villa_della_Farnesina_-_ambulacrum_F-G%29_-_Roma_MNR_PMaT_1216-1235_-_27.jpg?width=400,ArchaiOptix,CC BY-SA 4.0,https://creativecommons.org/licenses/by-sa/4.0,https://commons.wikimedia.org/wiki/File:Wall_painting_-_idyllic_landscapes_and_seascapes_and_masks_and_caryatides_-_Rome_%28Villa_della_Farnesina_-_ambulacrum_F-G%29_-_Roma_MNR_PMaT_1216-1235_-_27.jpg,,Wall painting - idyllic landscapes and seascapes and masks and caryatides - Rome (Villa della Farnesina - ambulacrum F-G) - Roma MNR PMaT 1216-1235 - 27
rome-wall-painting-idyllic-landscapes-and-seascapes-and-masks-and-caryatides-rome-villa-della-farnesina-ambulacrum-f-g-roma-mnr-pmat-1216-1235-28,Wall painting - idyllic landscapes and seascapes and masks and caryatides - Rome (Villa della Farnesina - ambulacrum F-G) - Roma MNR PMaT 1216-1235 - 28,Minoan,Floral & Landscape,Late Augustean / Early Julio-Claudian,,,Rome,Lazio,National Roman Museum,41.88891,12.49101,approximate,https://commons.wikimedia.org/wiki/Special:FilePath/Wall_painting_-_idyllic_landscapes_and_seascapes_and_masks_and_caryatides_-_Rome_%28Villa_della_Farnesina_-_ambulacrum_F-G%29_-_Roma_MNR_PMaT_1216-1235_-_28.jpg?width=400,ArchaiOptix,CC BY-SA 4.0,https://creativecommons.org/licenses/by-sa/4.0,https://commons.wikimedia.org/wiki/File:Wall_painting_-_idyllic_landscapes_and_seascapes_and_masks_and_caryatides_-_Rome_%28Villa_della_Farnesina_-_ambulacrum_F-G%29_-_Roma_MNR_PMaT_1216-1235_-_28.jpg,,Wall painting - idyllic landscapes and seascapes and masks and caryatides - Rome (Villa della Farnesina - ambulacrum F-G) - Roma MNR PMaT 1216-1235 - 28
rome-wall-painting-idyllic-landscapes-and-seascapes-and-masks-and-caryatides-rome-villa-della-farnesina-ambulacrum-f-g-roma-mnr-pmat-1216-1235-29,Wall painting - idyllic landscapes and seascapes and masks and caryatides - Rome (Villa della Farnesina - ambulacrum F-G) - Roma MNR PMaT 1216-1235 - 29,Minoan,Floral & Landscape,Late Augustean / Early Julio-Claudian,,,Rome,Lazio,National Roman Museum,41.88875,12.49204,approximate,https://commons.wikimedia.org/wiki/Special:FilePath/Wall_painting_-_idyllic_landscapes_and_seascapes_and_masks_and_caryatides_-_Rome_%28Villa_della_Farnesina_-_ambulacrum_F-G%29_-_Roma_MNR_PMaT_1216-1235_-_29.jpg?width=400,ArchaiOptix,CC BY-SA 4.0,https://creativecommons.org/licenses/by-sa/4.0,https://commons.wikimedia.org/wiki/File:Wall_painting_-_idyllic_landscapes_and_seascapes_and_masks_and_caryatides_-_Rome_%28Villa_della_Farnesina_-_ambulacrum_F-G%29_-_Roma_MNR_PMaT_1216-1235_-_29.jpg,,Wall painting - idyllic landscapes and seascapes and masks and caryatides - Rome (Villa della Farnesina - ambulacrum F-G) - Roma MNR PMaT 1216-1235 - 29
rome-wall-painting-idyllic-landscapes-and-seascapes-and-masks-and-caryatides-rome-villa-della-farnesina-ambulacrum-f-g-roma-mnr-pmat-1216-1235-30,Wall painting - idyllic landscapes and seascapes and masks and caryatides - Rome (Villa della Farnesina - ambulacrum F-G) - Roma MNR PMaT 1216-1235 - 30,Minoan,Floral & Landscape,Late Augustean / Early Julio-Claudian,,,Rome,Lazio,National Roman Museum,41.89121,12.49268,approximate,https://commons.wikimedia.org/wiki/Special:FilePath/Wall_painting_-_idyllic_landscapes_and_seascapes_and_masks_and_caryatides_-_Rome_%28Villa_della_Farnesina_-_ambulacrum_F-G%29_-_Roma_MNR_PMaT_1216-1235_-_30.jpg?width=400,ArchaiOptix,CC BY-SA 4.0,https://creativecommons.org/licenses/by-sa/4.0,https://commons.wikimedia.org/wiki/File:Wall_painting_-_idyllic_landscapes_and_seascapes_and_masks_and_caryatides_-_Rome_%28Villa_della_Farnesina_-_ambulacrum_F-G%29_-_Roma_MNR_PMaT_1216-1235_-_30.jpg,,Wall painting - idyllic landscapes and seascapes and masks and caryatides - Rome (Villa della Farnesina - ambulacrum F-G) - Roma MNR PMaT 1216-1235 - 30
rome-wall-painting-idyllic-landscapes-and-seascapes-and-masks-and-caryatides-rome-villa-della-farnesina-ambulacrum-f-g-roma-mnr-pmat-1216-1235-31,Wall painting - idyllic landscapes and seascapes and masks and caryatides - Rome (Villa della Farnesina - ambulacrum F-G) - Roma MNR PMaT 1216-1235 - 31,Minoan,Floral & Landscape,Late Augustean / Early Julio-Claudian,,,Rome,Lazio,National Roman Museum,41.89142,12.49146,approximate,https://commons.wikimedia.org/wiki/Special:FilePath/Wall_painting_-_idyllic_landscapes_and_seascapes_and_masks_and_caryatides_-_Rome_%28Villa_della_Farnesina_-_ambulacrum_F-G%29_-_Roma_MNR_PMaT_1216-1235_-_31.jpg?width=400,ArchaiOptix,CC BY-SA 4.0,https://creativecommons.org/licenses/by-sa/4.0,https://commons.wikimedia.org/wiki/File:Wall_painting_-_idyllic_landscapes_and_seascapes_and_masks_and_caryatides_-_Rome_%28Villa_della_Farnesina_-_ambulacrum_F-G%29_-_Roma_MNR_PMaT_1216-1235_-_31.jpg,,Wall painting - idyllic landscapes and seascapes and masks and caryatides - Rome (Villa della Farnesina - ambulacrum F-G) - Roma MNR PMaT 1216-1235 - 31
rome-wall-painting-idyllic-landscapes-and-seascapes-and-masks-and-caryatides-rome-villa-della-farnesina-ambulacrum-f-g-roma-mnr-pmat-1216-1235-32,Wall painting - idyllic landscapes and seascapes and masks and caryatides - Rome (Villa della Farnesina - ambulacrum F-G) - Roma MNR PMaT 1216-1235 - 32,Minoan,Floral & Landscape,Late Augustean / Early Julio-Claudian,,,Rome,Lazio,National Roman Museum,41.88875,12.49319,approximate,https://commons.wikimedia.org/wiki/Special:FilePath/Wall_painting_-_idyllic_landscapes_and_seascapes_and_masks_and_caryatides_-_Rome_%28Villa_della_Farnesina_-_ambulacrum_F-G%29_-_Roma_MNR_PMaT_1216-1235_-_32.jpg?width=400,ArchaiOptix,CC BY-SA 4.0,https://creativecommons.org/licenses/by-sa/4.0,https://commons.wikimedia.org/wiki/File:Wall_painting_-_idyllic_landscapes_and_seascapes_and_masks_and_caryatides_-_Rome_%28Villa_della_Farnesina_-_ambulacrum_F-G%29_-_Roma_MNR_PMaT_1216-1235_-_32.jpg,,Wall painting - idyllic landscapes and seascapes and masks and caryatides - Rome (Villa della Farnesina - ambulacrum F-G) - Roma MNR PMaT 1216-1235 - 32
rome-wall-painting-idyllic-landscapes-and-seascapes-and-masks-and-caryatides-rome-villa-della-farnesina-ambulacrum-f-g-roma-mnr-pmat-1216-1235-33,Wall painting - idyllic landscapes and seascapes and masks and caryatides - Rome (Villa della Farnesina - ambulacrum F-G) - Roma MNR PMaT 1216-1235 - 33,Minoan,Floral & Landscape,Late Augustean / Early Julio-Claudian,,,Rome,Lazio,National Roman Museum,41.89129,12.49238,approximate,https://commons.wikimedia.org/wiki/Special:FilePath/Wall_painting_-_idyllic_landscapes_and_seascapes_and_masks_and_caryatides_-_Rome_%28Villa_della_Farnesina_-_ambulacrum_F-G%29_-_Roma_MNR_PMaT_1216-1235_-_33.jpg?width=400,ArchaiOptix,CC BY-SA 4.0,https://creativecommons.org/licenses/by-sa/4.0,https://commons.wikimedia.org/wiki/File:Wall_painting_-_idyllic_landscapes_and_seascapes_and_masks_and_caryatides_-_Rome_%28Villa_della_Farnesina_-_ambulacrum_F-G%29_-_Roma_MNR_PMaT_1216-1235_-_33.jpg,,Wall painting - idyllic landscapes and seascapes and masks and caryatides - Rome (Villa della Farnesina - ambulacrum F-G) - Roma MNR PMaT 1216-1235 - 33
rome-wall-painting-idyllic-landscapes-and-seascapes-and-masks-and-caryatides-rome-villa-della-farnesina-ambulacrum-f-g-roma-mnr-pmat-1216-1235-34,Wall painting - idyllic landscapes and seascapes and masks and caryatides - Rome (Villa della Farnesina - ambulacrum F-G) - Roma MNR PMaT 1216-1235 - 34,Minoan,Floral & Landscape,Late Augustean / Early Julio-Claudian,,,Rome,Lazio,National Roman Museum,41.89014,12.49244,approximate,https://commons.wikimedia.org/wiki/Special:FilePath/Wall_painting_-_idyllic_landscapes_and_seascapes_and_masks_and_caryatides_-_Rome_%28Villa_della_Farnesina_-_ambulacrum_F-G%29_-_Roma_MNR_PMaT_1216-1235_-_34.jpg?width=400,ArchaiOptix,CC BY-SA 4.0,https://creativecommons.org/licenses/by-sa/4.0,https://commons.wikimedia.org/wiki/File:Wall_painting_-_idyllic_landscapes_and_seascapes_and_masks_and_caryatides_-_Rome_%28Villa_della_Farnesina_-_ambulacrum_F-G%29_-_Roma_MNR_PMaT_1216-1235_-_34.jpg,,Wall painting - idyllic landscapes and seascapes and masks and caryatides - Rome (Villa della Farnesina - ambulacrum F-G) - Roma MNR PMaT 1216-1235 - 34
rome-wall-painting-idyllic-landscapes-and-seascapes-and-masks-and-caryatides-rome-villa-della-farnesina-ambulacrum-f-g-roma-mnr-pmat-1216-1235-35,Wall painting - idyllic landscapes and seascapes and masks and caryatides - Rome (Villa della Farnesina - ambulacrum F-G) - Roma MNR PMaT 1216-1235 - 35,Minoan,Floral & Landscape,Late Augustean / Early Julio-Claudian,,,Rome,Lazio,National Roman Museum,41.89131,12.49109,approximate,https://commons.wikimedia.org/wiki/Special:FilePath/Wall_painting_-_idyllic_landscapes_and_seascapes_and_masks_and_caryatides_-_Rome_%28Villa_della_Farnesina_-_ambulacrum_F-G%29_-_Roma_MNR_PMaT_1216-1235_-_35.jpg?width=400,ArchaiOptix,CC BY-SA 4.0,https://creativecommons.org/licenses/by-sa/4.0,https://commons.wikimedia.org/wiki/File:Wall_painting_-_idyllic_landscapes_and_seascapes_and_masks_and_caryatides_-_Rome_%28Villa_della_Farnesina_-_ambulacrum_F-G%29_-_Roma_MNR_PMaT_1216-1235_-_35.jpg,,Wall painting - idyllic landscapes and seascapes and masks and caryatides - Rome (Villa della Farnesina - ambulacrum F-G) - Roma MNR PMaT 1216-1235 - 35
rome-wall-painting-idyllic-landscapes-and-seascapes-and-masks-and-caryatides-rome-villa-della-farnesina-ambulacrum-f-g-roma-mnr-pmat-1216-1235-36,Wall painting - idyllic landscapes and seascapes and masks and caryatides - Rome (Villa della Farnesina - ambulacrum F-G) - Roma MNR PMaT 1216-1235 - 36,Minoan,Floral & Landscape,Late Augustean / Early Julio-Claudian,,,Rome,Lazio,National Roman Museum,41.88933,12.49364,approximate,https://commons.wikimedia.org/wiki/Special:FilePath/Wall_painting_-_idyllic_landscapes_and_seascapes_and_masks_and_caryatides_-_Rome_%28Villa_della_Farnesina_-_ambulacrum_F-G%29_-_Roma_MNR_PMaT_1216-1235_-_36.jpg?width=400,ArchaiOptix,CC BY-SA 4.0,https://creativecommons.org/licenses/by-sa/4.0,https://commons.wikimedia.org/wiki/File:Wall_painting_-_idyllic_landscapes_and_seascapes_and_masks_and_caryatides_-_Rome_%28Villa_della_Farnesina_-_ambulacrum_F-G%29_-_Roma_MNR_PMaT_1216-1235_-_36.jpg,,Wall painting - idyllic landscapes and seascapes and masks and caryatides - Rome (Villa della Farnesina - ambulacrum F-G) - Roma MNR PMaT 1216-1235 - 36
rome-wall-painting-idyllic-landscapes-and-seascapes-and-masks-and-caryatides-rome-villa-della-farnesina-ambulacrum-f-g-roma-mnr-pmat-1216-1235-37,Wall painting - idyllic landscapes and seascapes and masks and caryatides - Rome (Villa della Farnesina - ambulacrum F-G) - Roma MNR PMaT 1216-1235 - 37,Minoan,Floral & Landscape,Late Augustean / Early Julio-Claudian,,,Rome,Lazio,National Roman Museum,41.8898,12.49316,approximate,https://commons.wikimedia.org/wiki/Special:FilePath/Wall_painting_-_idyllic_landscapes_and_seascapes_and_masks_and_caryatides_-_Rome_%28Villa_della_Farnesina_-_ambulacrum_F-G%29_-_Roma_MNR_PMaT_1216-1235_-_37.jpg?width=400,ArchaiOptix,CC BY-SA 4.0,https://creativecommons.org/licenses/by-sa/4.0,https://commons.wikimedia.org/wiki/File:Wall_painting_-_idyllic_landscapes_and_seascapes_and_masks_and_caryatides_-_Rome_%28Villa_della_Farnesina_-_ambulacrum_F-G%29_-_Roma_MNR_PMaT_1216-1235_-_37.jpg,,Wall painting - idyllic landscapes and seascapes and masks and caryatides - Rome (Villa della Farnesina - ambulacrum F-G) - Roma MNR PMaT 1216-1235 - 37
Hagia-irini-wall-painting-gorgoneia-and-okeanos-heads-between-griffins-rome-villa-della-farnesina-entrance-i-roma-mnr-pmat-59628,Wall painting - gorgoneia and Okeanos‘ heads between griffins - Rome (Villa della Farnesina - entrance I) - Roma MNR PMaT 59628,Cycladic,General / Decorative,Late Augustean / Early Julio-Claudian,,,Hagia Irini,Cyclades,Archaeological Museum of Kea,37.66424,24.33089,approximate,https://commons.wikimedia.org/wiki/Special:FilePath/Wall_painting_-_gorgoneia_and_Okeanos%E2%80%98_heads_between_griffins_-_Rome_%28Villa_della_Farnesina_-_entrance_I%29_-_Roma_MNR_PMaT_59628.jpg?width=400,ArchaiOptix,CC BY-SA 4.0,https://creativecommons.org/licenses/by-sa/4.0,https://commons.wikimedia.org/wiki/File:Wall_painting_-_gorgoneia_and_Okeanos%E2%80%98_heads_between_griffins_-_Rome_%28Villa_della_Farnesina_-_entrance_I%29_-_Roma_MNR_PMaT_59628.jpg,,Wall painting - gorgoneia and Okeanos‘ heads between griffins - Rome (Villa della Farnesina - entrance I) - Roma MNR PMaT 59628
rome-wall-painting-fountains-in-a-garden-rome-villa-della-farnesina-viridarium-l-roma-mnr-pmat,Wall painting - fountains in a garden - Rome (Villa della Farnesina - viridarium L) - Roma MNR PMaT,Minoan,Floral & Landscape,Late Augustean / Early Julio-Claudian,,,Rome,Lazio,National Roman Museum,41.89009,12.49234,approximate,https://commons.wikimedia.org/wiki/Special:FilePath/Wall_painting_-_fountains_in_a_garden_-_Rome_%28Villa_della_Farnesina_-_viridarium_L%29_-_Roma_MNR_PMaT.jpg?width=400,ArchaiOptix,CC BY-SA 4.0,https://creativecommons.org/licenses/by-sa/4.0,https://commons.wikimedia.org/wiki/File:Wall_painting_-_fountains_in_a_garden_-_Rome_%28Villa_della_Farnesina_-_viridarium_L%29_-_Roma_MNR_PMaT.jpg,,Wall painting - fountains in a garden - Rome (Villa della Farnesina - viridarium L) - Roma MNR PMaT
rome-wall-painting-apollon-seated-with-cithara-rome-palatine-house-of-augustus-roma-adp-379982,Wall painting - Apollon seated with cithara - Rome (Palatine - house of Augustus) - Roma AdP 379982,Minoan,General / Decorative,Late Augustean / Early Julio-Claudian,,,Rome,Lazio,National Roman Museum,41.88999,12.49327,approximate,https://commons.wikimedia.org/wiki/Special:FilePath/Wall_painting_-_Apollon_seated_with_cithara_-_Rome_%28Palatine_-_house_of_Augustus%29_-_Roma_AdP_379982.jpg?width=400,ArchaiOptix,CC BY-SA 4.0,https://creativecommons.org/licenses/by-sa/4.0,https://commons.wikimedia.org/wiki/File:Wall_painting_-_Apollon_seated_with_cithara_-_Rome_%28Palatine_-_house_of_Augustus%29_-_Roma_AdP_379982.jpg,,Wall painting - Apollon seated with cithara - Rome (Palatine - house of Augustus) - Roma AdP 379982
rome-wall-painting-scenes-from-the-trojan-myth-rome-palatine-domus-transitoria-nymphaeum-roma-adp-01,Wall painting - scenes from the Trojan myth - Rome (Palatine - domus transitoria - nymphaeum) - Roma AdP - 01,Minoan,General / Decorative,Late Augustean / Early Julio-Claudian,,,Rome,Lazio,National Roman Museum,41.88922,12.49256,approximate,https://commons.wikimedia.org/wiki/Special:FilePath/Wall_painting_-_scenes_from_the_Trojan_myth_-_Rome_%28Palatine_-_domus_transitoria_-_nymphaeum%29_-_Roma_AdP_-_01.jpg?width=400,ArchaiOptix,CC BY-SA 4.0,https://creativecommons.org/licenses/by-sa/4.0,https://commons.wikimedia.org/wiki/File:Wall_painting_-_scenes_from_the_Trojan_myth_-_Rome_%28Palatine_-_domus_transitoria_-_nymphaeum%29_-_Roma_AdP_-_01.jpg,,Wall painting - scenes from the Trojan myth - Rome (Palatine - domus transitoria - nymphaeum) - Roma AdP - 01
rome-wall-painting-scenes-from-the-trojan-myth-rome-palatine-domus-transitoria-nymphaeum-roma-adp-02,Wall painting - scenes from the Trojan myth - Rome (Palatine - domus transitoria - nymphaeum) - Roma AdP - 02,Minoan,General / Decorative,Late Augustean / Early Julio-Claudian,,,Rome,Lazio,National Roman Museum,41.88922,12.49121,approximate,https://commons.wikimedia.org/wiki/Special:FilePath/Wall_painting_-_scenes_from_the_Trojan_myth_-_Rome_%28Palatine_-_domus_transitoria_-_nymphaeum%29_-_Roma_AdP_-_02.jpg?width=400,ArchaiOptix,CC BY-SA 4.0,https://creativecommons.org/licenses/by-sa/4.0,https://commons.wikimedia.org/wiki/File:Wall_painting_-_scenes_from_the_Trojan_myth_-_Rome_%28Palatine_-_domus_transitoria_-_nymphaeum%29_-_Roma_AdP_-_02.jpg,,Wall painting - scenes from the Trojan myth - Rome (Palatine - domus transitoria - nymphaeum) - Roma AdP - 02
rome-wall-painting-scenes-from-the-trojan-myth-rome-palatine-domus-transitoria-nymphaeum-roma-adp-03,Wall painting - scenes from the Trojan myth - Rome (Palatine - domus transitoria - nymphaeum) - Roma AdP - 03,Minoan,General / Decorative,Late Augustean / Early Julio-Claudian,,,Rome,Lazio,National Roman Museum,41.88877,12.49238,approximate,https://commons.wikimedia.org/wiki/Special:FilePath/Wall_painting_-_scenes_from_the_Trojan_myth_-_Rome_%28Palatine_-_domus_transitoria_-_nymphaeum%29_-_Roma_AdP_-_03.jpg?width=400,ArchaiOptix,CC BY-SA 4.0,https://creativecommons.org/licenses/by-sa/4.0,https://commons.wikimedia.org/wiki/File:Wall_painting_-_scenes_from_the_Trojan_myth_-_Rome_%28Palatine_-_domus_transitoria_-_nymphaeum%29_-_Roma_AdP_-_03.jpg,,Wall painting - scenes from the Trojan myth - Rome (Palatine - domus transitoria - nymphaeum) - Roma AdP - 03
rome-wall-painting-scenes-from-the-trojan-myth-rome-palatine-domus-transitoria-nymphaeum-roma-adp-04,Wall painting - scenes from the Trojan myth - Rome (Palatine - domus transitoria - nymphaeum) - Roma AdP - 04,Minoan,General / Decorative,Late Augustean / Early Julio-Claudian,,,Rome,Lazio,National Roman Museum,41.88891,12.49209,approximate,https://commons.wikimedia.org/wiki/Special:FilePath/Wall_painting_-_scenes_from_the_Trojan_myth_-_Rome_%28Palatine_-_domus_transitoria_-_nymphaeum%29_-_Roma_AdP_-_04.jpg?width=400,ArchaiOptix,CC BY-SA 4.0,https://creativecommons.org/licenses/by-sa/4.0,https://commons.wikimedia.org/wiki/File:Wall_painting_-_scenes_from_the_Trojan_myth_-_Rome_%28Palatine_-_domus_transitoria_-_nymphaeum%29_-_Roma_AdP_-_04.jpg,,Wall painting - scenes from the Trojan myth - Rome (Palatine - domus transitoria - nymphaeum) - Roma AdP - 04
rome-wall-painting-scenes-from-the-trojan-myth-rome-palatine-domus-transitoria-nymphaeum-roma-adp-05,Wall painting - scenes from the Trojan myth - Rome (Palatine - domus transitoria - nymphaeum) - Roma AdP - 05,Minoan,General / Decorative,Late Augustean / Early Julio-Claudian,,,Rome,Lazio,National Roman Museum,41.88894,12.49367,approximate,https://commons.wikimedia.org/wiki/Special:FilePath/Wall_painting_-_scenes_from_the_Trojan_myth_-_Rome_%28Palatine_-_domus_transitoria_-_nymphaeum%29_-_Roma_AdP_-_05.jpg?width=400,ArchaiOptix,CC BY-SA 4.0,https://creativecommons.org/licenses/by-sa/4.0,https://commons.wikimedia.org/wiki/File:Wall_painting_-_scenes_from_the_Trojan_myth_-_Rome_%28Palatine_-_domus_transitoria_-_nymphaeum%29_-_Roma_AdP_-_05.jpg,,Wall painting - scenes from the Trojan myth - Rome (Palatine - domus transitoria - nymphaeum) - Roma AdP - 05
rome-wall-painting-mythology-and-everyday-life-and-landscapes-and-birds-rome-villa-doria-pamphilj-columbarium-roma-mnr-pmat-01,Wall painting - mythology and everyday life and landscapes and birds - Rome (Villa Doria Pamphilj - columbarium) - Roma MNR PMaT - 01,Minoan,Animal,Late Augustean / Early Julio-Claudian,,,Rome,Lazio,National Roman Museum,41.89091,12.49256,approximate,https://commons.wikimedia.org/wiki/Special:FilePath/Wall_painting_-_mythology_and_everyday_life_and_landscapes_and_birds_-_Rome_%28Villa_Doria_Pamphilj_-_columbarium%29_-_Roma_MNR_PMaT_-_01.jpg?width=400,ArchaiOptix,CC BY-SA 4.0,https://creativecommons.org/licenses/by-sa/4.0,https://commons.wikimedia.org/wiki/File:Wall_painting_-_mythology_and_everyday_life_and_landscapes_and_birds_-_Rome_%28Villa_Doria_Pamphilj_-_columbarium%29_-_Roma_MNR_PMaT_-_01.jpg,,Wall painting - mythology and everyday life and landscapes and birds - Rome (Villa Doria Pamphilj - columbarium) - Roma MNR PMaT - 01
rome-wall-painting-mythology-and-everyday-life-and-landscapes-and-birds-rome-villa-doria-pamphilj-columbarium-roma-mnr-pmat-02,Wall painting - mythology and everyday life and landscapes and birds - Rome (Villa Doria Pamphilj - columbarium) - Roma MNR PMaT - 02,Minoan,Animal,Late Augustean / Early Julio-Claudian,,,Rome,Lazio,National Roman Museum,41.8887,12.49265,approximate,https://commons.wikimedia.org/wiki/Special:FilePath/Wall_painting_-_mythology_and_everyday_life_and_landscapes_and_birds_-_Rome_%28Villa_Doria_Pamphilj_-_columbarium%29_-_Roma_MNR_PMaT_-_02.jpg?width=400,ArchaiOptix,CC BY-SA 4.0,https://creativecommons.org/licenses/by-sa/4.0,https://commons.wikimedia.org/wiki/File:Wall_painting_-_mythology_and_everyday_life_and_landscapes_and_birds_-_Rome_%28Villa_Doria_Pamphilj_-_columbarium%29_-_Roma_MNR_PMaT_-_02.jpg,,Wall painting - mythology and everyday life and landscapes and birds - Rome (Villa Doria Pamphilj - columbarium) - Roma MNR PMaT - 02
rome-wall-painting-mythology-and-everyday-life-and-landscapes-and-birds-rome-villa-doria-pamphilj-columbarium-roma-mnr-pmat-03,Wall painting - mythology and everyday life and landscapes and birds - Rome (Villa Doria Pamphilj - columbarium) - Roma MNR PMaT - 03,Minoan,Animal,Late Augustean / Early Julio-Claudian,,,Rome,Lazio,National Roman Museum,41.88894,12.49306,approximate,https://commons.wikimedia.org/wiki/Special:FilePath/Wall_painting_-_mythology_and_everyday_life_and_landscapes_and_birds_-_Rome_%28Villa_Doria_Pamphilj_-_columbarium%29_-_Roma_MNR_PMaT_-_03.jpg?width=400,ArchaiOptix,CC BY-SA 4.0,https://creativecommons.org/licenses/by-sa/4.0,https://commons.wikimedia.org/wiki/File:Wall_painting_-_mythology_and_everyday_life_and_landscapes_and_birds_-_Rome_%28Villa_Doria_Pamphilj_-_columbarium%29_-_Roma_MNR_PMaT_-_03.jpg,,Wall painting - mythology and everyday life and landscapes and birds - Rome (Villa Doria Pamphilj - columbarium) - Roma MNR PMaT - 03
rome-wall-painting-mythology-and-everyday-life-and-landscapes-and-birds-rome-villa-doria-pamphilj-columbarium-roma-mnr-pmat-04,Wall painting - mythology and everyday life and landscapes and birds - Rome (Villa Doria Pamphilj - columbarium) - Roma MNR PMaT - 04,Minoan,Animal,Late Augustean / Early Julio-Claudian,,,Rome,Lazio,National Roman Museum,41.89107,12.49119,approximate,https://commons.wikimedia.org/wiki/Special:FilePath/Wall_painting_-_mythology_and_everyday_life_and_landscapes_and_birds_-_Rome_%28Villa_Doria_Pamphilj_-_columbarium%29_-_Roma_MNR_PMaT_-_04.jpg?width=400,ArchaiOptix,CC BY-SA 4.0,https://creativecommons.org/licenses/by-sa/4.0,https://commons.wikimedia.org/wiki/File:Wall_painting_-_mythology_and_everyday_life_and_landscapes_and_birds_-_Rome_%28Villa_Doria_Pamphilj_-_columbarium%29_-_Roma_MNR_PMaT_-_04.jpg,,Wall painting - mythology and everyday life and landscapes and birds - Rome (Villa Doria Pamphilj - columbarium) - Roma MNR PMaT - 04
rome-wall-painting-mythology-and-everyday-life-and-landscapes-and-birds-rome-villa-doria-pamphilj-columbarium-roma-mnr-pmat-05,Wall painting - mythology and everyday life and landscapes and birds - Rome (Villa Doria Pamphilj - columbarium) - Roma MNR PMaT - 05,Minoan,Animal,Late Augustean / Early Julio-Claudian,,,Rome,Lazio,National Roman Museum,41.891,12.49107,approximate,https://commons.wikimedia.org/wiki/Special:FilePath/Wall_painting_-_mythology_and_everyday_life_and_landscapes_and_birds_-_Rome_%28Villa_Doria_Pamphilj_-_columbarium%29_-_Roma_MNR_PMaT_-_05.jpg?width=400,ArchaiOptix,CC BY-SA 4.0,https://creativecommons.org/licenses/by-sa/4.0,https://commons.wikimedia.org/wiki/File:Wall_painting_-_mythology_and_everyday_life_and_landscapes_and_birds_-_Rome_%28Villa_Doria_Pamphilj_-_columbarium%29_-_Roma_MNR_PMaT_-_05.jpg,,Wall painting - mythology and everyday life and landscapes and birds - Rome (Villa Doria Pamphilj - columbarium) - Roma MNR PMaT - 05
rome-wall-painting-mythology-and-everyday-life-and-landscapes-and-birds-rome-villa-doria-pamphilj-columbarium-roma-mnr-pmat-06,Wall painting - mythology and everyday life and landscapes and birds - Rome (Villa Doria Pamphilj - columbarium) - Roma MNR PMaT - 06,Minoan,Animal,Late Augustean / Early Julio-Claudian,,,Rome,Lazio,National Roman Museum,41.8896,12.49305,approximate,https://commons.wikimedia.org/wiki/Special:FilePath/Wall_painting_-_mythology_and_everyday_life_and_landscapes_and_birds_-_Rome_%28Villa_Doria_Pamphilj_-_columbarium%29_-_Roma_MNR_PMaT_-_06.jpg?width=400,ArchaiOptix,CC BY-SA 4.0,https://creativecommons.org/licenses/by-sa/4.0,https://commons.wikimedia.org/wiki/File:Wall_painting_-_mythology_and_everyday_life_and_landscapes_and_birds_-_Rome_%28Villa_Doria_Pamphilj_-_columbarium%29_-_Roma_MNR_PMaT_-_06.jpg,,Wall painting - mythology and everyday life and landscapes and birds - Rome (Villa Doria Pamphilj - columbarium) - Roma MNR PMaT - 06
rome-wall-painting-mythology-and-everyday-life-and-landscapes-and-birds-rome-villa-doria-pamphilj-columbarium-roma-mnr-pmat-07,Wall painting - mythology and everyday life and landscapes and birds - Rome (Villa Doria Pamphilj - columbarium) - Roma MNR PMaT - 07,Minoan,Animal,Late Augustean / Early Julio-Claudian,,,Rome,Lazio,National Roman Museum,41.89168,12.49136,approximate,https://commons.wikimedia.org/wiki/Special:FilePath/Wall_painting_-_mythology_and_everyday_life_and_landscapes_and_birds_-_Rome_%28Villa_Doria_Pamphilj_-_columbarium%29_-_Roma_MNR_PMaT_-_07.jpg?width=400,ArchaiOptix,CC BY-SA 4.0,https://creativecommons.org/licenses/by-sa/4.0,https://commons.wikimedia.org/wiki/File:Wall_painting_-_mythology_and_everyday_life_and_landscapes_and_birds_-_Rome_%28Villa_Doria_Pamphilj_-_columbarium%29_-_Roma_MNR_PMaT_-_07.jpg,,Wall painting - mythology and everyday life and landscapes and birds - Rome (Villa Doria Pamphilj - columbarium) - Roma MNR PMaT - 07
rome-wall-painting-mythology-and-everyday-life-and-landscapes-and-birds-rome-villa-doria-pamphilj-columbarium-roma-mnr-pmat-08,Wall painting - mythology and everyday life and landscapes and birds - Rome (Villa Doria Pamphilj - columbarium) - Roma MNR PMaT - 08,Minoan,Animal,Late Augustean / Early Julio-Claudian,,,Rome,Lazio,National Roman Museum,41.88904,12.492,approximate,https://commons.wikimedia.org/wiki/Special:FilePath/Wall_painting_-_mythology_and_everyday_life_and_landscapes_and_birds_-_Rome_%28Villa_Doria_Pamphilj_-_columbarium%29_-_Roma_MNR_PMaT_-_08.jpg?width=400,ArchaiOptix,CC BY-SA 4.0,https://creativecommons.org/licenses/by-sa/4.0,https://commons.wikimedia.org/wiki/File:Wall_painting_-_mythology_and_everyday_life_and_landscapes_and_birds_-_Rome_%28Villa_Doria_Pamphilj_-_columbarium%29_-_Roma_MNR_PMaT_-_08.jpg,,Wall painting - mythology and everyday life and landscapes and birds - Rome (Villa Doria Pamphilj - columbarium) - Roma MNR PMaT - 08
rome-wall-painting-mythology-and-everyday-life-and-landscapes-and-birds-rome-villa-doria-pamphilj-columbarium-roma-mnr-pmat-09,Wall painting - mythology and everyday life and landscapes and birds - Rome (Villa Doria Pamphilj - columbarium) - Roma MNR PMaT - 09,Minoan,Animal,Late Augustean / Early Julio-Claudian,,,Rome,Lazio,National Roman Museum,41.89122,12.49177,approximate,https://commons.wikimedia.org/wiki/Special:FilePath/Wall_painting_-_mythology_and_everyday_life_and_landscapes_and_birds_-_Rome_%28Villa_Doria_Pamphilj_-_columbarium%29_-_Roma_MNR_PMaT_-_09.jpg?width=400,ArchaiOptix,CC BY-SA 4.0,https://creativecommons.org/licenses/by-sa/4.0,https://commons.wikimedia.org/wiki/File:Wall_painting_-_mythology_and_everyday_life_and_landscapes_and_birds_-_Rome_%28Villa_Doria_Pamphilj_-_columbarium%29_-_Roma_MNR_PMaT_-_09.jpg,,Wall painting - mythology and everyday life and landscapes and birds - Rome (Villa Doria Pamphilj - columbarium) - Roma MNR PMaT - 09
rome-wall-painting-mythology-and-everyday-life-and-landscapes-and-birds-rome-villa-doria-pamphilj-columbarium-roma-mnr-pmat-10,Wall painting - mythology and everyday life and landscapes and birds - Rome (Villa Doria Pamphilj - columbarium) - Roma MNR PMaT - 10,Minoan,Animal,Late Augustean / Early Julio-Claudian,,,Rome,Lazio,National Roman Museum,41.89127,12.49305,approximate,https://commons.wikimedia.org/wiki/Special:FilePath/Wall_painting_-_mythology_and_everyday_life_and_landscapes_and_birds_-_Rome_%28Villa_Doria_Pamphilj_-_columbarium%29_-_Roma_MNR_PMaT_-_10.jpg?width=400,ArchaiOptix,CC BY-SA 4.0,https://creativecommons.org/licenses/by-sa/4.0,https://commons.wikimedia.org/wiki/File:Wall_painting_-_mythology_and_everyday_life_and_landscapes_and_birds_-_Rome_%28Villa_Doria_Pamphilj_-_columbarium%29_-_Roma_MNR_PMaT_-_10.jpg,,Wall painting - mythology and everyday life and landscapes and birds - Rome (Villa Doria Pamphilj - columbarium) - Roma MNR PMaT - 10
rome-wall-painting-mythology-and-everyday-life-and-landscapes-and-birds-rome-villa-doria-pamphilj-columbarium-roma-mnr-pmat-11,Wall painting - mythology and everyday life and landscapes and birds - Rome (Villa Doria Pamphilj - columbarium) - Roma MNR PMaT - 11,Minoan,Animal,Late Augustean / Early Julio-Claudian,,,Rome,Lazio,National Roman Museum,41.88934,12.49081,approximate,https://commons.wikimedia.org/wiki/Special:FilePath/Wall_painting_-_mythology_and_everyday_life_and_landscapes_and_birds_-_Rome_%28Villa_Doria_Pamphilj_-_columbarium%29_-_Roma_MNR_PMaT_-_11.jpg?width=400,ArchaiOptix,CC BY-SA 4.0,https://creativecommons.org/licenses/by-sa/4.0,https://commons.wikimedia.org/wiki/File:Wall_painting_-_mythology_and_everyday_life_and_landscapes_and_birds_-_Rome_%28Villa_Doria_Pamphilj_-_columbarium%29_-_Roma_MNR_PMaT_-_11.jpg,,Wall painting - mythology and everyday life and landscapes and birds - Rome (Villa Doria Pamphilj - columbarium) - Roma MNR PMaT - 11
rome-wall-painting-mythology-and-everyday-life-and-landscapes-and-birds-rome-villa-doria-pamphilj-columbarium-roma-mnr-pmat-12,Wall painting - mythology and everyday life and landscapes and birds - Rome (Villa Doria Pamphilj - columbarium) - Roma MNR PMaT - 12,Minoan,Animal,Late Augustean / Early Julio-Claudian,,,Rome,Lazio,National Roman Museum,41.88936,12.49212,approximate,https://commons.wikimedia.org/wiki/Special:FilePath/Wall_painting_-_mythology_and_everyday_life_and_landscapes_and_birds_-_Rome_%28Villa_Doria_Pamphilj_-_columbarium%29_-_Roma_MNR_PMaT_-_12.jpg?width=400,ArchaiOptix,CC BY-SA 4.0,https://creativecommons.org/licenses/by-sa/4.0,https://commons.wikimedia.org/wiki/File:Wall_painting_-_mythology_and_everyday_life_and_landscapes_and_birds_-_Rome_%28Villa_Doria_Pamphilj_-_columbarium%29_-_Roma_MNR_PMaT_-_12.jpg,,Wall painting - mythology and everyday life and landscapes and birds - Rome (Villa Doria Pamphilj - columbarium) - Roma MNR PMaT - 12
rome-wall-painting-mythology-and-everyday-life-and-landscapes-and-birds-rome-villa-doria-pamphilj-columbarium-roma-mnr-pmat-13,Wall painting - mythology and everyday life and landscapes and birds - Rome (Villa Doria Pamphilj - columbarium) - Roma MNR PMaT - 13,Minoan,Animal,Late Augustean / Early Julio-Claudian,,,Rome,Lazio,National Roman Museum,41.88918,12.49176,approximate,https://commons.wikimedia.org/wiki/Special:FilePath/Wall_painting_-_mythology_and_everyday_life_and_landscapes_and_birds_-_Rome_%28Villa_Doria_Pamphilj_-_columbarium%29_-_Roma_MNR_PMaT_-_13.jpg?width=400,ArchaiOptix,CC BY-SA 4.0,https://creativecommons.org/licenses/by-sa/4.0,https://commons.wikimedia.org/wiki/File:Wall_painting_-_mythology_and_everyday_life_and_landscapes_and_birds_-_Rome_%28Villa_Doria_Pamphilj_-_columbarium%29_-_Roma_MNR_PMaT_-_13.jpg,,Wall painting - mythology and everyday life and landscapes and birds - Rome (Villa Doria Pamphilj - columbarium) - Roma MNR PMaT - 13
rome-wall-painting-mythology-and-everyday-life-and-landscapes-and-birds-rome-villa-doria-pamphilj-columbarium-roma-mnr-pmat-14,Wall painting - mythology and everyday life and landscapes and birds - Rome (Villa Doria Pamphilj - columbarium) - Roma MNR PMaT - 14,Minoan,Animal,Late Augustean / Early Julio-Claudian,,,Rome,Lazio,National Roman Museum,41.88993,12.49253,approximate,https://commons.wikimedia.org/wiki/Special:FilePath/Wall_painting_-_mythology_and_everyday_life_and_landscapes_and_birds_-_Rome_%28Villa_Doria_Pamphilj_-_columbarium%29_-_Roma_MNR_PMaT_-_14.jpg?width=400,ArchaiOptix,CC BY-SA 4.0,https://creativecommons.org/licenses/by-sa/4.0,https://commons.wikimedia.org/wiki/File:Wall_painting_-_mythology_and_everyday_life_and_landscapes_and_birds_-_Rome_%28Villa_Doria_Pamphilj_-_columbarium%29_-_Roma_MNR_PMaT_-_14.jpg,,Wall painting - mythology and everyday life and landscapes and birds - Rome (Villa Doria Pamphilj - columbarium) - Roma MNR PMaT - 14
rome-wall-painting-mythology-and-everyday-life-and-landscapes-and-birds-rome-villa-doria-pamphilj-columbarium-roma-mnr-pmat-15,Wall painting - mythology and everyday life and landscapes and birds - Rome (Villa Doria Pamphilj - columbarium) - Roma MNR PMaT - 15,Minoan,Animal,Late Augustean / Early Julio-Claudian,,,Rome,Lazio,National Roman Museum,41.88959,12.49339,approximate,https://commons.wikimedia.org/wiki/Special:FilePath/Wall_painting_-_mythology_and_everyday_life_and_landscapes_and_birds_-_Rome_%28Villa_Doria_Pamphilj_-_columbarium%29_-_Roma_MNR_PMaT_-_15.jpg?width=400,ArchaiOptix,CC BY-SA 4.0,https://creativecommons.org/licenses/by-sa/4.0,https://commons.wikimedia.org/wiki/File:Wall_painting_-_mythology_and_everyday_life_and_landscapes_and_birds_-_Rome_%28Villa_Doria_Pamphilj_-_columbarium%29_-_Roma_MNR_PMaT_-_15.jpg,,Wall painting - mythology and everyday life and landscapes and birds - Rome (Villa Doria Pamphilj - columbarium) - Roma MNR PMaT - 15
rome-wall-painting-mythology-and-everyday-life-and-landscapes-and-birds-rome-villa-doria-pamphilj-columbarium-roma-mnr-pmat-517351-16,Wall painting - mythology and everyday life and landscapes and birds - Rome (Villa Doria Pamphilj - columbarium) - Roma MNR PMaT 517351 - 16,Minoan,Animal,Late Augustean / Early Julio-Claudian,,,Rome,Lazio,National Roman Museum,41.88937,12.49291,approximate,https://commons.wikimedia.org/wiki/Special:FilePath/Wall_painting_-_mythology_and_everyday_life_and_landscapes_and_birds_-_Rome_%28Villa_Doria_Pamphilj_-_columbarium%29_-_Roma_MNR_PMaT_517351_-_16.jpg?width=400,ArchaiOptix,CC BY-SA 4.0,https://creativecommons.org/licenses/by-sa/4.0,https://commons.wikimedia.org/wiki/File:Wall_painting_-_mythology_and_everyday_life_and_landscapes_and_birds_-_Rome_%28Villa_Doria_Pamphilj_-_columbarium%29_-_Roma_MNR_PMaT_517351_-_16.jpg,,Wall painting - mythology and everyday life and landscapes and birds - Rome (Villa Doria Pamphilj - columbarium) - Roma MNR PMaT 517351 - 16
rome-wall-painting-mythology-and-everyday-life-and-landscapes-and-birds-rome-villa-doria-pamphilj-columbarium-roma-mnr-pmat-517351-17,Wall painting - mythology and everyday life and landscapes and birds - Rome (Villa Doria Pamphilj - columbarium) - Roma MNR PMaT 517351 - 17,Minoan,Animal,Late Augustean / Early Julio-Claudian,,,Rome,Lazio,National Roman Museum,41.89157,12.49272,approximate,https://commons.wikimedia.org/wiki/Special:FilePath/Wall_painting_-_mythology_and_everyday_life_and_landscapes_and_birds_-_Rome_%28Villa_Doria_Pamphilj_-_columbarium%29_-_Roma_MNR_PMaT_517351_-_17.jpg?width=400,ArchaiOptix,CC BY-SA 4.0,https://creativecommons.org/licenses/by-sa/4.0,https://commons.wikimedia.org/wiki/File:Wall_painting_-_mythology_and_everyday_life_and_landscapes_and_birds_-_Rome_%28Villa_Doria_Pamphilj_-_columbarium%29_-_Roma_MNR_PMaT_517351_-_17.jpg,,Wall painting - mythology and everyday life and landscapes and birds - Rome (Villa Doria Pamphilj - columbarium) - Roma MNR PMaT 517351 - 17
rome-wall-painting-mythology-and-everyday-life-and-landscapes-and-birds-rome-villa-doria-pamphilj-columbarium-roma-mnr-pmat-517351-18,Wall painting - mythology and everyday life and landscapes and birds - Rome (Villa Doria Pamphilj - columbarium) - Roma MNR PMaT 517351 - 18,Minoan,Animal,Late Augustean / Early Julio-Claudian,,,Rome,Lazio,National Roman Museum,41.89082,12.49183,approximate,https://commons.wikimedia.org/wiki/Special:FilePath/Wall_painting_-_mythology_and_everyday_life_and_landscapes_and_birds_-_Rome_%28Villa_Doria_Pamphilj_-_columbarium%29_-_Roma_MNR_PMaT_517351_-_18.jpg?width=400,ArchaiOptix,CC BY-SA 4.0,https://creativecommons.org/licenses/by-sa/4.0,https://commons.wikimedia.org/wiki/File:Wall_painting_-_mythology_and_everyday_life_and_landscapes_and_birds_-_Rome_%28Villa_Doria_Pamphilj_-_columbarium%29_-_Roma_MNR_PMaT_517351_-_18.jpg,,Wall painting - mythology and everyday life and landscapes and birds - Rome (Villa Doria Pamphilj - columbarium) - Roma MNR PMaT 517351 - 18
rome-wall-painting-mythology-and-everyday-life-and-landscapes-and-birds-rome-villa-doria-pamphilj-columbarium-roma-mnr-pmat-517351-19,Wall painting - mythology and everyday life and landscapes and birds - Rome (Villa Doria Pamphilj - columbarium) - Roma MNR PMaT 517351 - 19,Minoan,Animal,Late Augustean / Early Julio-Claudian,,,Rome,Lazio,National Roman Museum,41.88982,12.49288,approximate,https://commons.wikimedia.org/wiki/Special:FilePath/Wall_painting_-_mythology_and_everyday_life_and_landscapes_and_birds_-_Rome_%28Villa_Doria_Pamphilj_-_columbarium%29_-_Roma_MNR_PMaT_517351_-_19.jpg?width=400,ArchaiOptix,CC BY-SA 4.0,https://creativecommons.org/licenses/by-sa/4.0,https://commons.wikimedia.org/wiki/File:Wall_painting_-_mythology_and_everyday_life_and_landscapes_and_birds_-_Rome_%28Villa_Doria_Pamphilj_-_columbarium%29_-_Roma_MNR_PMaT_517351_-_19.jpg,,Wall painting - mythology and everyday life and landscapes and birds - Rome (Villa Doria Pamphilj - columbarium) - Roma MNR PMaT 517351 - 19
rome-wall-painting-mythology-and-everyday-life-and-landscapes-and-birds-rome-villa-doria-pamphilj-columbarium-roma-mnr-pmat-517351-20,Wall painting - mythology and everyday life and landscapes and birds - Rome (Villa Doria Pamphilj - columbarium) - Roma MNR PMaT 517351 - 20,Minoan,Animal,Late Augustean / Early Julio-Claudian,,,Rome,Lazio,National Roman Museum,41.89025,12.49308,approximate,https://commons.wikimedia.org/wiki/Special:FilePath/Wall_painting_-_mythology_and_everyday_life_and_landscapes_and_birds_-_Rome_%28Villa_Doria_Pamphilj_-_columbarium%29_-_Roma_MNR_PMaT_517351_-_20.jpg?width=400,ArchaiOptix,CC BY-SA 4.0,https://creativecommons.org/licenses/by-sa/4.0,https://commons.wikimedia.org/wiki/File:Wall_painting_-_mythology_and_everyday_life_and_landscapes_and_birds_-_Rome_%28Villa_Doria_Pamphilj_-_columbarium%29_-_Roma_MNR_PMaT_517351_-_20.jpg,,Wall painting - mythology and everyday life and landscapes and birds - Rome (Villa Doria Pamphilj - columbarium) - Roma MNR PMaT 517351 - 20
rome-wall-painting-mythology-and-everyday-life-and-landscapes-and-birds-rome-villa-doria-pamphilj-columbarium-roma-mnr-pmat-517351-21,Wall painting - mythology and everyday life and landscapes and birds - Rome (Villa Doria Pamphilj - columbarium) - Roma MNR PMaT 517351 - 21,Minoan,Animal,Late Augustean / Early Julio-Claudian,,,Rome,Lazio,National Roman Museum,41.88922,12.49351,approximate,https://commons.wikimedia.org/wiki/Special:FilePath/Wall_painting_-_mythology_and_everyday_life_and_landscapes_and_birds_-_Rome_%28Villa_Doria_Pamphilj_-_columbarium%29_-_Roma_MNR_PMaT_517351_-_21.jpg?width=400,ArchaiOptix,CC BY-SA 4.0,https://creativecommons.org/licenses/by-sa/4.0,https://commons.wikimedia.org/wiki/File:Wall_painting_-_mythology_and_everyday_life_and_landscapes_and_birds_-_Rome_%28Villa_Doria_Pamphilj_-_columbarium%29_-_Roma_MNR_PMaT_517351_-_21.jpg,,Wall painting - mythology and everyday life and landscapes and birds - Rome (Villa Doria Pamphilj - columbarium) - Roma MNR PMaT 517351 - 21
rome-wall-painting-mythology-and-everyday-life-and-landscapes-and-birds-rome-villa-doria-pamphilj-columbarium-roma-mnr-pmat-517351-22,Wall painting - mythology and everyday life and landscapes and birds - Rome (Villa Doria Pamphilj - columbarium) - Roma MNR PMaT 517351 - 22,Minoan,Animal,Late Augustean / Early Julio-Claudian,,,Rome,Lazio,National Roman Museum,41.88886,12.49193,approximate,https://commons.wikimedia.org/wiki/Special:FilePath/Wall_painting_-_mythology_and_everyday_life_and_landscapes_and_birds_-_Rome_%28Villa_Doria_Pamphilj_-_columbarium%29_-_Roma_MNR_PMaT_517351_-_22.jpg?width=400,ArchaiOptix,CC BY-SA 4.0,https://creativecommons.org/licenses/by-sa/4.0,https://commons.wikimedia.org/wiki/File:Wall_painting_-_mythology_and_everyday_life_and_landscapes_and_birds_-_Rome_%28Villa_Doria_Pamphilj_-_columbarium%29_-_Roma_MNR_PMaT_517351_-_22.jpg,,Wall painting - mythology and everyday life and landscapes and birds - Rome (Villa Doria Pamphilj - columbarium) - Roma MNR PMaT 517351 - 22
rome-wall-painting-mythology-and-everyday-life-and-landscapes-and-birds-rome-villa-doria-pamphilj-columbarium-roma-mnr-pmat-517351-23,Wall painting - mythology and everyday life and landscapes and birds - Rome (Villa Doria Pamphilj - columbarium) - Roma MNR PMaT 517351 - 23,Minoan,Animal,Late Augustean / Early Julio-Claudian,,,Rome,Lazio,National Roman Museum,41.88899,12.49345,approximate,https://commons.wikimedia.org/wiki/Special:FilePath/Wall_painting_-_mythology_and_everyday_life_and_landscapes_and_birds_-_Rome_%28Villa_Doria_Pamphilj_-_columbarium%29_-_Roma_MNR_PMaT_517351_-_23.jpg?width=400,ArchaiOptix,CC BY-SA 4.0,https://creativecommons.org/licenses/by-sa/4.0,https://commons.wikimedia.org/wiki/File:Wall_painting_-_mythology_and_everyday_life_and_landscapes_and_birds_-_Rome_%28Villa_Doria_Pamphilj_-_columbarium%29_-_Roma_MNR_PMaT_517351_-_23.jpg,,Wall painting - mythology and everyday life and landscapes and birds - Rome (Villa Doria Pamphilj - columbarium) - Roma MNR PMaT 517351 - 23
rome-wall-painting-mythology-and-everyday-life-and-landscapes-and-birds-rome-villa-doria-pamphilj-columbarium-roma-mnr-pmat-517351-24,Wall painting - mythology and everyday life and landscapes and birds - Rome (Villa Doria Pamphilj - columbarium) - Roma MNR PMaT 517351 - 24,Minoan,Animal,Late Augustean / Early Julio-Claudian,,,Rome,Lazio,National Roman Museum,41.89046,12.49258,approximate,https://commons.wikimedia.org/wiki/Special:FilePath/Wall_painting_-_mythology_and_everyday_life_and_landscapes_and_birds_-_Rome_%28Villa_Doria_Pamphilj_-_columbarium%29_-_Roma_MNR_PMaT_517351_-_24.jpg?width=400,ArchaiOptix,CC BY-SA 4.0,https://creativecommons.org/licenses/by-sa/4.0,https://commons.wikimedia.org/wiki/File:Wall_painting_-_mythology_and_everyday_life_and_landscapes_and_birds_-_Rome_%28Villa_Doria_Pamphilj_-_columbarium%29_-_Roma_MNR_PMaT_517351_-_24.jpg,,Wall painting - mythology and everyday life and landscapes and birds - Rome (Villa Doria Pamphilj - columbarium) - Roma MNR PMaT 517351 - 24
rome-wall-painting-mythology-and-everyday-life-and-landscapes-and-birds-rome-villa-doria-pamphilj-columbarium-roma-mnr-pmat-517351-25,Wall painting - mythology and everyday life and landscapes and birds - Rome (Villa Doria Pamphilj - columbarium) - Roma MNR PMaT 517351 - 25,Minoan,Animal,Late Augustean / Early Julio-Claudian,,,Rome,Lazio,National Roman Museum,41.89121,12.49348,approximate,https://commons.wikimedia.org/wiki/Special:FilePath/Wall_painting_-_mythology_and_everyday_life_and_landscapes_and_birds_-_Rome_%28Villa_Doria_Pamphilj_-_columbarium%29_-_Roma_MNR_PMaT_517351_-_25.jpg?width=400,ArchaiOptix,CC BY-SA 4.0,https://creativecommons.org/licenses/by-sa/4.0,https://commons.wikimedia.org/wiki/File:Wall_painting_-_mythology_and_everyday_life_and_landscapes_and_birds_-_Rome_%28Villa_Doria_Pamphilj_-_columbarium%29_-_Roma_MNR_PMaT_517351_-_25.jpg,,Wall painting - mythology and everyday life and landscapes and birds - Rome (Villa Doria Pamphilj - columbarium) - Roma MNR PMaT 517351 - 25
rome-wall-painting-mythology-and-everyday-life-and-landscapes-and-birds-rome-villa-doria-pamphilj-columbarium-roma-mnr-pmat-517351-26,Wall painting - mythology and everyday life and landscapes and birds - Rome (Villa Doria Pamphilj - columbarium) - Roma MNR PMaT 517351 - 26,Minoan,Animal,Late Augustean / Early Julio-Claudian,,,Rome,Lazio,National Roman Museum,41.89071,12.4936,approximate,https://commons.wikimedia.org/wiki/Special:FilePath/Wall_painting_-_mythology_and_everyday_life_and_landscapes_and_birds_-_Rome_%28Villa_Doria_Pamphilj_-_columbarium%29_-_Roma_MNR_PMaT_517351_-_26.jpg?width=400,ArchaiOptix,CC BY-SA 4.0,https://creativecommons.org/licenses/by-sa/4.0,https://commons.wikimedia.org/wiki/File:Wall_painting_-_mythology_and_everyday_life_and_landscapes_and_birds_-_Rome_%28Villa_Doria_Pamphilj_-_columbarium%29_-_Roma_MNR_PMaT_517351_-_26.jpg,,Wall painting - mythology and everyday life and landscapes and birds - Rome (Villa Doria Pamphilj - columbarium) - Roma MNR PMaT 517351 - 26
rome-wall-painting-mythology-and-everyday-life-and-landscapes-and-birds-rome-villa-doria-pamphilj-columbarium-roma-mnr-pmat-517351-27,Wall painting - mythology and everyday life and landscapes and birds - Rome (Villa Doria Pamphilj - columbarium) - Roma MNR PMaT 517351 - 27,Minoan,Animal,Late Augustean / Early Julio-Claudian,,,Rome,Lazio,National Roman Museum,41.88875,12.49281,approximate,https://commons.wikimedia.org/wiki/Special:FilePath/Wall_painting_-_mythology_and_everyday_life_and_landscapes_and_birds_-_Rome_%28Villa_Doria_Pamphilj_-_columbarium%29_-_Roma_MNR_PMaT_517351_-_27.jpg?width=400,ArchaiOptix,CC BY-SA 4.0,https://creativecommons.org/licenses/by-sa/4.0,https://commons.wikimedia.org/wiki/File:Wall_painting_-_mythology_and_everyday_life_and_landscapes_and_birds_-_Rome_%28Villa_Doria_Pamphilj_-_columbarium%29_-_Roma_MNR_PMaT_517351_-_27.jpg,,Wall painting - mythology and everyday life and landscapes and birds - Rome (Villa Doria Pamphilj - columbarium) - Roma MNR PMaT 517351 - 27
rome-wall-painting-mythology-and-everyday-life-and-landscapes-and-birds-rome-villa-doria-pamphilj-columbarium-roma-mnr-pmat-517351-28,Wall painting - mythology and everyday life and landscapes and birds - Rome (Villa Doria Pamphilj - columbarium) - Roma MNR PMaT 517351 - 28,Minoan,Animal,Late Augustean / Early Julio-Claudian,,,Rome,Lazio,National Roman Museum,41.89153,12.49323,approximate,https://commons.wikimedia.org/wiki/Special:FilePath/Wall_painting_-_mythology_and_everyday_life_and_landscapes_and_birds_-_Rome_%28Villa_Doria_Pamphilj_-_columbarium%29_-_Roma_MNR_PMaT_517351_-_28.jpg?width=400,ArchaiOptix,CC BY-SA 4.0,https://creativecommons.org/licenses/by-sa/4.0,https://commons.wikimedia.org/wiki/File:Wall_painting_-_mythology_and_everyday_life_and_landscapes_and_birds_-_Rome_%28Villa_Doria_Pamphilj_-_columbarium%29_-_Roma_MNR_PMaT_517351_-_28.jpg,,Wall painting - mythology and everyday life and landscapes and birds - Rome (Villa Doria Pamphilj - columbarium) - Roma MNR PMaT 517351 - 28
rome-wall-painting-mythology-and-everyday-life-and-landscapes-and-birds-rome-villa-doria-pamphilj-columbarium-roma-mnr-pmat-517351-29,Wall painting - mythology and everyday life and landscapes and birds - Rome (Villa Doria Pamphilj - columbarium) - Roma MNR PMaT 517351 - 29,Minoan,Animal,Late Augustean / Early Julio-Claudian,,,Rome,Lazio,National Roman Museum,41.89064,12.49155,approximate,https://commons.wikimedia.org/wiki/Special:FilePath/Wall_painting_-_mythology_and_everyday_life_and_landscapes_and_birds_-_Rome_%28Villa_Doria_Pamphilj_-_columbarium%29_-_Roma_MNR_PMaT_517351_-_29.jpg?width=400,ArchaiOptix,CC BY-SA 4.0,https://creativecommons.org/licenses/by-sa/4.0,https://commons.wikimedia.org/wiki/File:Wall_painting_-_mythology_and_everyday_life_and_landscapes_and_birds_-_Rome_%28Villa_Doria_Pamphilj_-_columbarium%29_-_Roma_MNR_PMaT_517351_-_29.jpg,,Wall painting - mythology and everyday life and landscapes and birds - Rome (Villa Doria Pamphilj - columbarium) - Roma MNR PMaT 517351 - 29
rome-wall-painting-mythology-and-everyday-life-and-landscapes-and-birds-rome-villa-doria-pamphilj-columbarium-roma-mnr-pmat-517351-30,Wall painting - mythology and everyday life and landscapes and birds - Rome (Villa Doria Pamphilj - columbarium) - Roma MNR PMaT 517351 - 30,Minoan,Animal,Late Augustean / Early Julio-Claudian,,,Rome,Lazio,National Roman Museum,41.89122,12.49235,approximate,https://commons.wikimedia.org/wiki/Special:FilePath/Wall_painting_-_mythology_and_everyday_life_and_landscapes_and_birds_-_Rome_%28Villa_Doria_Pamphilj_-_columbarium%29_-_Roma_MNR_PMaT_517351_-_30.jpg?width=400,ArchaiOptix,CC BY-SA 4.0,https://creativecommons.org/licenses/by-sa/4.0,https://commons.wikimedia.org/wiki/File:Wall_painting_-_mythology_and_everyday_life_and_landscapes_and_birds_-_Rome_%28Villa_Doria_Pamphilj_-_columbarium%29_-_Roma_MNR_PMaT_517351_-_30.jpg,,Wall painting - mythology and everyday life and landscapes and birds - Rome (Villa Doria Pamphilj - columbarium) - Roma MNR PMaT 517351 - 30
rome-wall-painting-mythology-and-everyday-life-and-landscapes-and-birds-rome-villa-doria-pamphilj-columbarium-london-bm-gr-1873-0208-1-01,"Wall painting - mythology and everyday life and landscapes and birds - Rome (Villa Doria Pamphilj - columbarium) - London BM GR 1873,0208",Minoan,Animal,Late Augustean / Early Julio-Claudian,,,Rome,Lazio,National Roman Museum,41.88924,12.4932,approximate,https://commons.wikimedia.org/wiki/Special:FilePath/Wall_painting_-_mythology_and_everyday_life_and_landscapes_and_birds_-_Rome_%28Villa_Doria_Pamphilj_-_columbarium_-_London_BM_GR_1873%2C0208.1_-_01.jpg?width=400,ArchaiOptix,CC BY-SA 4.0,https://creativecommons.org/licenses/by-sa/4.0,https://commons.wikimedia.org/wiki/File:Wall_painting_-_mythology_and_everyday_life_and_landscapes_and_birds_-_Rome_%28Villa_Doria_Pamphilj_-_columbarium_-_London_BM_GR_1873%2C0208.1_-_01.jpg,,"Wall painting - mythology and everyday life and landscapes and birds - Rome (Villa Doria Pamphilj - columbarium) - London BM GR 1873,0208.1 - 01"
rome-wall-painting-mythology-and-everyday-life-and-landscapes-and-birds-rome-villa-doria-pamphilj-columbarium-london-bm-gr-1873-0208-1-02,"Wall painting - mythology and everyday life and landscapes and birds - Rome (Villa Doria Pamphilj - columbarium) - London BM GR 1873,0208",Minoan,Animal,Late Augustean / Early Julio-Claudian,,,Rome,Lazio,National Roman Museum,41.88976,12.49287,approximate,https://commons.wikimedia.org/wiki/Special:FilePath/Wall_painting_-_mythology_and_everyday_life_and_landscapes_and_birds_-_Rome_%28Villa_Doria_Pamphilj_-_columbarium_-_London_BM_GR_1873%2C0208.1_-_02.jpg?width=400,ArchaiOptix,CC BY-SA 4.0,https://creativecommons.org/licenses/by-sa/4.0,https://commons.wikimedia.org/wiki/File:Wall_painting_-_mythology_and_everyday_life_and_landscapes_and_birds_-_Rome_%28Villa_Doria_Pamphilj_-_columbarium_-_London_BM_GR_1873%2C0208.1_-_02.jpg,,"Wall painting - mythology and everyday life and landscapes and birds - Rome (Villa Doria Pamphilj - columbarium) - London BM GR 1873,0208.1 - 02"
herculaneum-wall-painting-harbour-landscape-herculaneum-napoli-man-9513,Wall painting - harbour landscape - Herculaneum - Napoli MAN 9513,Roman,Floral & Landscape,Late Augustean / Early Julio-Claudian,,,Herculaneum,Campania,Naples National Archaeological Museum,40.80505,14.3476,approximate,https://commons.wikimedia.org/wiki/Special:FilePath/Wall_painting_-_harbour_landscape_-_Herculaneum_-_Napoli_MAN_9513.jpg?width=400,ArchaiOptix,CC BY-SA 4.0,https://creativecommons.org/licenses/by-sa/4.0,https://commons.wikimedia.org/wiki/File:Wall_painting_-_harbour_landscape_-_Herculaneum_-_Napoli_MAN_9513.jpg,,Wall painting - harbour landscape - Herculaneum - Napoli MAN 9513
herculaneum-wall-painting-hermaphrodite-herculaneum-napoli-man-9224,Wall painting - hermaphrodite - Herculaneum - Napoli MAN 9224,Roman,General / Decorative,Late Augustean / Early Julio-Claudian,,,Herculaneum,Campania,Naples National Archaeological Museum,40.80649,14.34636,approximate,https://commons.wikimedia.org/wiki/Special:FilePath/Wall_painting_-_hermaphrodite_-_Herculaneum_-_Napoli_MAN_9224.jpg?width=400,ArchaiOptix,CC BY-SA 4.0,https://creativecommons.org/licenses/by-sa/4.0,https://commons.wikimedia.org/wiki/File:Wall_painting_-_hermaphrodite_-_Herculaneum_-_Napoli_MAN_9224.jpg,,Wall painting - hermaphrodite - Herculaneum - Napoli MAN 9224
herculaneum-wall-painting-two-heroes-conversing-herculaneum-ins-or-ii-palaestra-napoli-man-9020,Wall painting - two heroes conversing - Herculaneum (ins or II - palaestra) - Napoli MAN 9020,Roman,General / Decorative,Late Augustean / Early Julio-Claudian,,,Herculaneum,Campania,Naples National Archaeological Museum,40.80492,14.34683,approximate,https://commons.wikimedia.org/wiki/Special:FilePath/Wall_painting_-_two_heroes_conversing_-_Herculaneum_%28ins_or_II_-_palaestra%29_-_Napoli_MAN_9020.jpg?width=400,ArchaiOptix,CC BY-SA 4.0,https://creativecommons.org/licenses/by-sa/4.0,https://commons.wikimedia.org/wiki/File:Wall_painting_-_two_heroes_conversing_-_Herculaneum_%28ins_or_II_-_palaestra%29_-_Napoli_MAN_9020.jpg,,Wall painting - two heroes conversing - Herculaneum (ins or II - palaestra) - Napoli MAN 9020
herculaneum-wall-painting-concert-herculaneum-ins-or-ii-palaestra-napoli-man-9021-jpg,Wall painting - concert - Herculaneum (ins or II - palaestra) - Napoli MAN 9021,Roman,General / Decorative,Late Augustean / Early Julio-Claudian,,,Herculaneum,Campania,Naples National Archaeological Museum,40.80706,14.3481,approximate,https://commons.wikimedia.org/wiki/Special:FilePath/Wall_painting_-_concert_-_Herculaneum_%28ins_or_II_-_palaestra%29_-_Napoli_MAN_9021.jpg?width=400,ArchaiOptix,CC BY-SA 4.0,https://creativecommons.org/licenses/by-sa/4.0,https://commons.wikimedia.org/wiki/File:Wall_painting_-_concert_-_Herculaneum_%28ins_or_II_-_palaestra%29_-_Napoli_MAN_9021.jpg,,Wall painting - concert - Herculaneum (ins or II - palaestra) - Napoli MAN 9021.jpg
herculaneum-wall-painting-actor-and-two-muses-herculaneum-insula-orientalis-ii-palaestra-room-iii-napoli-man-9019,Wall painting - actor and two muses - Herculaneum (insula orientalis II - palaestra - room III) - Napoli MAN 9019,Roman,General / Decorative,Late Augustean / Early Julio-Claudian,,,Herculaneum,Campania,Naples National Archaeological Museum,40.80757,14.34845,approximate,https://commons.wikimedia.org/wiki/Special:FilePath/Wall_painting_-_actor_and_two_muses_-_Herculaneum_%28insula_orientalis_II_-_palaestra_-_room_III%29_-_Napoli_MAN_9019.jpg?width=400,ArchaiOptix,CC BY-SA 4.0,https://creativecommons.org/licenses/by-sa/4.0,https://commons.wikimedia.org/wiki/File:Wall_painting_-_actor_and_two_muses_-_Herculaneum_%28insula_orientalis_II_-_palaestra_-_room_III%29_-_Napoli_MAN_9019.jpg,,Wall painting - actor and two muses - Herculaneum (insula orientalis II - palaestra - room III) - Napoli MAN 9019
herculaneum-wall-painting-mistress-and-three-maids-herculaneum-insula-orientalis-ii-palaestra-room-iii-napoli-man-9022,Wall painting - mistress and three maids - Herculaneum (insula orientalis II - palaestra - room III) - Napoli MAN 9022,Roman,General / Decorative,Late Augustean / Early Julio-Claudian,,,Herculaneum,Campania,Naples National Archaeological Museum,40.80608,14.34697,approximate,https://commons.wikimedia.org/wiki/Special:FilePath/Wall_painting_-_mistress_and_three_maids_-_Herculaneum_%28insula_orientalis_II_-_palaestra_-_room_III%29_-_Napoli_MAN_9022.jpg?width=400,ArchaiOptix,CC BY-SA 4.0,https://creativecommons.org/licenses/by-sa/4.0,https://commons.wikimedia.org/wiki/File:Wall_painting_-_mistress_and_three_maids_-_Herculaneum_%28insula_orientalis_II_-_palaestra_-_room_III%29_-_Napoli_MAN_9022.jpg,,Wall painting - mistress and three maids - Herculaneum (insula orientalis II - palaestra - room III) - Napoli MAN 9022
pompeii-wall-painting-portrait-of-man-and-woman-pompeii-london-bm-gr-1856-1226-1621,Wall painting - portrait of man and woman - Pompeii - London BM GR 1856-1226-1621,Roman,Human & Daily Life,Late Augustean / Early Julio-Claudian,,,Pompeii,Campania,Naples National Archaeological Museum,40.74947,14.48582,approximate,https://commons.wikimedia.org/wiki/Special:FilePath/Wall_painting_-_portrait_of_man_and_woman_-_Pompeii_-_London_BM_GR_1856-1226-1621.jpg?width=400,ArchaiOptix,CC BY-SA 4.0,https://creativecommons.org/licenses/by-sa/4.0,https://commons.wikimedia.org/wiki/File:Wall_painting_-_portrait_of_man_and_woman_-_Pompeii_-_London_BM_GR_1856-1226-1621.jpg,,Wall painting - portrait of man and woman - Pompeii - London BM GR 1856-1226-1621
pompeii-wall-painting-hermaphrodite-defending-himself-against-a-pushy-satyr-pompeii-napoli-man-110878,Wall painting - hermaphrodite defending himself against a pushy satyr - Pompeii - Napoli MAN 110878,Roman,General / Decorative,Late Augustean / Early Julio-Claudian,,,Pompeii,Campania,Naples National Archaeological Museum,40.75169,14.48554,approximate,https://commons.wikimedia.org/wiki/Special:FilePath/Wall_painting_-_hermaphrodite_defending_himself_against_a_pushy_satyr_-_Pompeii_-_Napoli_MAN_110878.jpg?width=400,ArchaiOptix,CC BY-SA 4.0,https://creativecommons.org/licenses/by-sa/4.0,https://commons.wikimedia.org/wiki/File:Wall_painting_-_hermaphrodite_defending_himself_against_a_pushy_satyr_-_Pompeii_-_Napoli_MAN_110878.jpg,,Wall painting - hermaphrodite defending himself against a pushy satyr - Pompeii - Napoli MAN 110878
pompeii-wall-painting-phaidra-and-her-nurse-pompeii-london-bm-gr-1856-0625-5-01,Wall painting - Phaidra and her nurse - Pompeii - London BM GR 1856-0625-5 - 01,Roman,General / Decorative,Late Augustean / Early Julio-Claudian,,,Pompeii,Campania,Naples National Archaeological Museum,40.75012,14.48558,approximate,https://commons.wikimedia.org/wiki/Special:FilePath/Wall_painting_-_Phaidra_and_her_nurse_-_Pompeii_-_London_BM_GR_1856-0625-5_-_01.jpg?width=400,ArchaiOptix,CC BY-SA 4.0,https://creativecommons.org/licenses/by-sa/4.0,https://commons.wikimedia.org/wiki/File:Wall_painting_-_Phaidra_and_her_nurse_-_Pompeii_-_London_BM_GR_1856-0625-5_-_01.jpg,,Wall painting - Phaidra and her nurse - Pompeii - London BM GR 1856-0625-5 - 01
pompeii-wall-painting-phaidra-and-her-nurse-pompeii-london-bm-gr-1856-0625-5-02,Wall painting - Phaidra and her nurse - Pompeii - London BM GR 1856-0625-5 - 02,Roman,General / Decorative,Late Augustean / Early Julio-Claudian,,,Pompeii,Campania,Naples National Archaeological Museum,40.75054,14.48707,approximate,https://commons.wikimedia.org/wiki/Special:FilePath/Wall_painting_-_Phaidra_and_her_nurse_-_Pompeii_-_London_BM_GR_1856-0625-5_-_02.jpg?width=400,ArchaiOptix,CC BY-SA 4.0,https://creativecommons.org/licenses/by-sa/4.0,https://commons.wikimedia.org/wiki/File:Wall_painting_-_Phaidra_and_her_nurse_-_Pompeii_-_London_BM_GR_1856-0625-5_-_02.jpg,,Wall painting - Phaidra and her nurse - Pompeii - London BM GR 1856-0625-5 - 02
pompeii-wall-painting-love-making-pompeii-napoli-man-27697,Wall painting - love making - Pompeii - Napoli MAN 27697,Roman,General / Decorative,Late Augustean / Early Julio-Claudian,,,Pompeii,Campania,Naples National Archaeological Museum,40.75092,14.48666,approximate,https://commons.wikimedia.org/wiki/Special:FilePath/Wall_painting_-_love_making_-_Pompeii_-_Napoli_MAN_27697.jpg?width=400,ArchaiOptix,CC BY-SA 4.0,https://creativecommons.org/licenses/by-sa/4.0,https://commons.wikimedia.org/wiki/File:Wall_painting_-_love_making_-_Pompeii_-_Napoli_MAN_27697.jpg,,Wall painting - love making - Pompeii - Napoli MAN 27697
pompeii-wall-painting-love-making-pompeii-napoli-man-27686,Wall painting - love making - Pompeii - Napoli MAN 27686,Roman,General / Decorative,Late Augustean / Early Julio-Claudian,,,Pompeii,Campania,Naples National Archaeological Museum,40.75097,14.48542,approximate,https://commons.wikimedia.org/wiki/Special:FilePath/Wall_painting_-_love_making_-_Pompeii_-_Napoli_MAN_27686.jpg?width=400,ArchaiOptix,CC BY-SA 4.0,https://creativecommons.org/licenses/by-sa/4.0,https://commons.wikimedia.org/wiki/File:Wall_painting_-_love_making_-_Pompeii_-_Napoli_MAN_27686.jpg,,Wall painting - love making - Pompeii - Napoli MAN 27686
pompeii-wall-painting-love-making-pompeii-napoli-man-27689,Wall painting - love-making - Pompeii - Napoli MAN 27689,Roman,General / Decorative,Late Augustean / Early Julio-Claudian,,,Pompeii,Campania,Naples National Archaeological Museum,40.75211,14.48595,approximate,https://commons.wikimedia.org/wiki/Special:FilePath/Wall_painting_-_love-making_-_Pompeii_-_Napoli_MAN_27689.jpg?width=400,ArchaiOptix,CC BY-SA 4.0,https://creativecommons.org/licenses/by-sa/4.0,https://commons.wikimedia.org/wiki/File:Wall_painting_-_love-making_-_Pompeii_-_Napoli_MAN_27689.jpg,,Wall painting - love-making - Pompeii - Napoli MAN 27689
pompeii-wall-painting-love-making-pompeii-napoli-man-27684,Wall painting - love-making - Pompeii - Napoli MAN 27684,Roman,General / Decorative,Late Augustean / Early Julio-Claudian,,,Pompeii,Campania,Naples National Archaeological Museum,40.74983,14.48519,approximate,https://commons.wikimedia.org/wiki/Special:FilePath/Wall_painting_-_love-making_-_Pompeii_-_Napoli_MAN_27684.jpg?width=400,ArchaiOptix,CC BY-SA 4.0,https://creativecommons.org/licenses/by-sa/4.0,https://commons.wikimedia.org/wiki/File:Wall_painting_-_love-making_-_Pompeii_-_Napoli_MAN_27684.jpg,,Wall painting - love-making - Pompeii - Napoli MAN 27684
pompeii-wall-painting-man-and-woman-sitting-and-woman-standing-pompeii-london-bm-gr-1867-0508-1353,Wall painting - man and woman sitting and woman standing - Pompeii - London BM GR 1867-0508-1353,Roman,General / Decorative,Late Augustean / Early Julio-Claudian,,,Pompeii,Campania,Naples National Archaeological Museum,40.75226,14.48762,approximate,https://commons.wikimedia.org/wiki/Special:FilePath/Wall_painting_-_man_and_woman_sitting_and_woman_standing_-_Pompeii_-_London_BM_GR_1867-0508-1353.jpg?width=400,ArchaiOptix,CC BY-SA 4.0,https://creativecommons.org/licenses/by-sa/4.0,https://commons.wikimedia.org/wiki/File:Wall_painting_-_man_and_woman_sitting_and_woman_standing_-_Pompeii_-_London_BM_GR_1867-0508-1353.jpg,,Wall painting - man and woman sitting and woman standing - Pompeii - London BM GR 1867-0508-1353
pompeii-wall-painting-odysseus-and-the-sirens-pompeii-london-bm-gr-1867-0508-1354-01,Wall painting - Odysseus and the Sirens - Pompeii - London BM GR 1867-0508-1354 - 01,Roman,General / Decorative,Late Augustean / Early Julio-Claudian,,,Pompeii,Campania,Naples National Archaeological Museum,40.75043,14.48799,approximate,https://commons.wikimedia.org/wiki/Special:FilePath/Wall_painting_-_Odysseus_and_the_Sirens_-_Pompeii_-_London_BM_GR_1867-0508-1354_-_01.jpg?width=400,ArchaiOptix,CC BY-SA 4.0,https://creativecommons.org/licenses/by-sa/4.0,https://commons.wikimedia.org/wiki/File:Wall_painting_-_Odysseus_and_the_Sirens_-_Pompeii_-_London_BM_GR_1867-0508-1354_-_01.jpg,,Wall painting - Odysseus and the Sirens - Pompeii - London BM GR 1867-0508-1354 - 01
pompeii-wall-painting-odysseus-and-the-sirens-pompeii-london-bm-gr-1867-0508-1354-02,Wall painting - Odysseus and the Sirens - Pompeii - London BM GR 1867-0508-1354 - 02,Roman,General / Decorative,Late Augustean / Early Julio-Claudian,,,Pompeii,Campania,Naples National Archaeological Museum,40.74934,14.48742,approximate,https://commons.wikimedia.org/wiki/Special:FilePath/Wall_painting_-_Odysseus_and_the_Sirens_-_Pompeii_-_London_BM_GR_1867-0508-1354_-_02.jpg?width=400,ArchaiOptix,CC BY-SA 4.0,https://creativecommons.org/licenses/by-sa/4.0,https://commons.wikimedia.org/wiki/File:Wall_painting_-_Odysseus_and_the_Sirens_-_Pompeii_-_London_BM_GR_1867-0508-1354_-_02.jpg,,Wall painting - Odysseus and the Sirens - Pompeii - London BM GR 1867-0508-1354 - 02
pompeii-wall-painting-odysseus-and-the-sirens-pompeii-london-bm-gr-1867-0508-1354-03,Wall painting - Odysseus and the Sirens - Pompeii - London BM GR 1867-0508-1354 - 03,Roman,General / Decorative,Late Augustean / Early Julio-Claudian,,,Pompeii,Campania,Naples National Archaeological Museum,40.74993,14.48539,approximate,https://commons.wikimedia.org/wiki/Special:FilePath/Wall_painting_-_Odysseus_and_the_Sirens_-_Pompeii_-_London_BM_GR_1867-0508-1354_-_03.jpg?width=400,ArchaiOptix,CC BY-SA 4.0,https://creativecommons.org/licenses/by-sa/4.0,https://commons.wikimedia.org/wiki/File:Wall_painting_-_Odysseus_and_the_Sirens_-_Pompeii_-_London_BM_GR_1867-0508-1354_-_03.jpg,,Wall painting - Odysseus and the Sirens - Pompeii - London BM GR 1867-0508-1354 - 03
pompeii-wall-painting-death-of-ikaros-pompeii-london-bm-gr-1867-0508-1355,Wall painting - death of Ikaros - Pompeii - London BM GR 1867-0508-1355,Roman,General / Decorative,Late Augustean / Early Julio-Claudian,,,Pompeii,Campania,Naples National Archaeological Museum,40.75166,14.48801,approximate,https://commons.wikimedia.org/wiki/Special:FilePath/Wall_painting_-_death_of_Ikaros_-_Pompeii_-_London_BM_GR_1867-0508-1355.jpg?width=400,ArchaiOptix,CC BY-SA 4.0,https://creativecommons.org/licenses/by-sa/4.0,https://commons.wikimedia.org/wiki/File:Wall_painting_-_death_of_Ikaros_-_Pompeii_-_London_BM_GR_1867-0508-1355.jpg,,Wall painting - death of Ikaros - Pompeii - London BM GR 1867-0508-1355
pompeii-wall-painting-rape-of-the-palladion-pompeii-i-2-26-napoli-man-109751-01,Wall painting - rape of the palladion - Pompeii (I 2 26) - Napoli MAN 109751 - 01,Roman,General / Decorative,Late Augustean / Early Julio-Claudian,,,Pompeii,Campania,Naples National Archaeological Museum,40.74982,14.48656,approximate,https://commons.wikimedia.org/wiki/Special:FilePath/Wall_painting_-_rape_of_the_palladion_-_Pompeii_%28I_2_26%29_-_Napoli_MAN_109751_-_01.jpg?width=400,ArchaiOptix,CC BY-SA 4.0,https://creativecommons.org/licenses/by-sa/4.0,https://commons.wikimedia.org/wiki/File:Wall_painting_-_rape_of_the_palladion_-_Pompeii_%28I_2_26%29_-_Napoli_MAN_109751_-_01.jpg,,Wall painting - rape of the palladion - Pompeii (I 2 26) - Napoli MAN 109751 - 01
pompeii-wall-painting-rape-of-the-palladion-pompeii-i-2-26-napoli-man-109751-02,Wall painting - rape of the palladion - Pompeii (I 2 26) - Napoli MAN 109751 - 02,Roman,General / Decorative,Late Augustean / Early Julio-Claudian,,,Pompeii,Campania,Naples National Archaeological Museum,40.75194,14.48678,approximate,https://commons.wikimedia.org/wiki/Special:FilePath/Wall_painting_-_rape_of_the_palladion_-_Pompeii_%28I_2_26%29_-_Napoli_MAN_109751_-_02.jpg?width=400,ArchaiOptix,CC BY-SA 4.0,https://creativecommons.org/licenses/by-sa/4.0,https://commons.wikimedia.org/wiki/File:Wall_painting_-_rape_of_the_palladion_-_Pompeii_%28I_2_26%29_-_Napoli_MAN_109751_-_02.jpg,,Wall painting - rape of the palladion - Pompeii (I 2 26) - Napoli MAN 109751 - 02
pompeii-wall-painting-maenad-and-pushy-satyr-pompeii-v-1-26-napoli-man-110590-01,Wall painting - maenad and pushy satyr - Pompeii (V 1 26) - Napoli MAN 110590 - 01,Roman,General / Decorative,Late Augustean / Early Julio-Claudian,,,Pompeii,Campania,Naples National Archaeological Museum,40.75172,14.48668,approximate,https://commons.wikimedia.org/wiki/Special:FilePath/Wall_painting_-_maenad_and_pushy_satyr_-_Pompeii_%28V_1_26%29_-_Napoli_MAN_110590_-_01.jpg?width=400,ArchaiOptix,CC BY-SA 4.0,https://creativecommons.org/licenses/by-sa/4.0,https://commons.wikimedia.org/wiki/File:Wall_painting_-_maenad_and_pushy_satyr_-_Pompeii_%28V_1_26%29_-_Napoli_MAN_110590_-_01.jpg,,Wall painting - maenad and pushy satyr - Pompeii (V 1 26) - Napoli MAN 110590 - 01
pompeii-wall-painting-maenad-and-pushy-satyr-pompeii-v-1-26-napoli-man-110590-02,Wall painting - maenad and pushy satyr - Pompeii (V 1 26) - Napoli MAN 110590 - 02,Roman,General / Decorative,Late Augustean / Early Julio-Claudian,,,Pompeii,Campania,Naples National Archaeological Museum,40.74952,14.48699,approximate,https://commons.wikimedia.org/wiki/Special:FilePath/Wall_painting_-_maenad_and_pushy_satyr_-_Pompeii_%28V_1_26%29_-_Napoli_MAN_110590_-_02.jpg?width=400,ArchaiOptix,CC BY-SA 4.0,https://creativecommons.org/licenses/by-sa/4.0,https://commons.wikimedia.org/wiki/File:Wall_painting_-_maenad_and_pushy_satyr_-_Pompeii_%28V_1_26%29_-_Napoli_MAN_110590_-_02.jpg,,Wall painting - maenad and pushy satyr - Pompeii (V 1 26) - Napoli MAN 110590 - 02
pompeii-wall-painting-iphigenia-in-tauris-pompeii-v-1-26-napoli-man-111439,Wall painting - Iphigenia in Tauris - Pompeii (V 1 26) - Napoli MAN 111439,Roman,General / Decorative,Late Augustean / Early Julio-Claudian,,,Pompeii,Campania,Naples National Archaeological Museum,40.74945,14.48677,approximate,https://commons.wikimedia.org/wiki/Special:FilePath/Wall_painting_-_Iphigenia_in_Tauris_-_Pompeii_%28V_1_26%29_-_Napoli_MAN_111439.jpg?width=400,ArchaiOptix,CC BY-SA 4.0,https://creativecommons.org/licenses/by-sa/4.0,https://commons.wikimedia.org/wiki/File:Wall_painting_-_Iphigenia_in_Tauris_-_Pompeii_%28V_1_26%29_-_Napoli_MAN_111439.jpg,,Wall painting - Iphigenia in Tauris - Pompeii (V 1 26) - Napoli MAN 111439
pompeii-wall-painting-maenad-carrying-the-infant-dionysos-pompeii-v-1-26-napoli-man-110591,Wall painting - maenad carrying the infant Dionysos - Pompeii (V 1 26) - Napoli MAN 110591,Roman,General / Decorative,Late Augustean / Early Julio-Claudian,,,Pompeii,Campania,Naples National Archaeological Museum,40.75062,14.48639,approximate,https://commons.wikimedia.org/wiki/Special:FilePath/Wall_painting_-_maenad_carrying_the_infant_Dionysos_-_Pompeii_%28V_1_26%29_-_Napoli_MAN_110591.jpg?width=400,ArchaiOptix,CC BY-SA 4.0,https://creativecommons.org/licenses/by-sa/4.0,https://commons.wikimedia.org/wiki/File:Wall_painting_-_maenad_carrying_the_infant_Dionysos_-_Pompeii_%28V_1_26%29_-_Napoli_MAN_110591.jpg,,Wall painting - maenad carrying the infant Dionysos - Pompeii (V 1 26) - Napoli MAN 110591
pompeii-wall-painting-banquet-scene-pompeii-v-2-4-napoli-man-120029-01,Wall painting - banquet scene - Pompeii (V 2 4) - Napoli MAN 120029 - 01,Roman,Human & Daily Life,Late Augustean / Early Julio-Claudian,,,Pompeii,Campania,Naples National Archaeological Museum,40.75083,14.48728,approximate,https://commons.wikimedia.org/wiki/Special:FilePath/Wall_painting_-_banquet_scene_-_Pompeii_%28V_2_4%29_-_Napoli_MAN_120029_-_01.jpg?width=400,ArchaiOptix,CC BY-SA 4.0,https://creativecommons.org/licenses/by-sa/4.0,https://commons.wikimedia.org/wiki/File:Wall_painting_-_banquet_scene_-_Pompeii_%28V_2_4%29_-_Napoli_MAN_120029_-_01.jpg,,Wall painting - banquet scene - Pompeii (V 2 4) - Napoli MAN 120029 - 01
pompeii-wall-painting-banquet-scene-pompeii-v-2-4-napoli-man-120029-02,Wall painting - banquet scene - Pompeii (V 2 4) - Napoli MAN 120029 - 02,Roman,Human & Daily Life,Late Augustean / Early Julio-Claudian,,,Pompeii,Campania,Naples National Archaeological Museum,40.74976,14.48783,approximate,https://commons.wikimedia.org/wiki/Special:FilePath/Wall_painting_-_banquet_scene_-_Pompeii_%28V_2_4%29_-_Napoli_MAN_120029_-_02.jpg?width=400,ArchaiOptix,CC BY-SA 4.0,https://creativecommons.org/licenses/by-sa/4.0,https://commons.wikimedia.org/wiki/File:Wall_painting_-_banquet_scene_-_Pompeii_%28V_2_4%29_-_Napoli_MAN_120029_-_02.jpg,,Wall painting - banquet scene - Pompeii (V 2 4) - Napoli MAN 120029 - 02
pompeii-wall-painting-banquet-scene-pompeii-v-2-4-napoli-man-120029-03,Wall painting - banquet scene - Pompeii (V 2 4) - Napoli MAN 120029 - 03,Roman,Human & Daily Life,Late Augustean / Early Julio-Claudian,,,Pompeii,Campania,Naples National Archaeological Museum,40.75069,14.48765,approximate,https://commons.wikimedia.org/wiki/Special:FilePath/Wall_painting_-_banquet_scene_-_Pompeii_%28V_2_4%29_-_Napoli_MAN_120029_-_03.jpg?width=400,ArchaiOptix,CC BY-SA 4.0,https://creativecommons.org/licenses/by-sa/4.0,https://commons.wikimedia.org/wiki/File:Wall_painting_-_banquet_scene_-_Pompeii_%28V_2_4%29_-_Napoli_MAN_120029_-_03.jpg,,Wall painting - banquet scene - Pompeii (V 2 4) - Napoli MAN 120029 - 03
pompeii-wall-painting-banquet-scene-pompeii-v-2-4-napoli-man-120029-04,Wall painting - banquet scene - Pompeii (V 2 4) - Napoli MAN 120029 - 04,Roman,Human & Daily Life,Late Augustean / Early Julio-Claudian,,,Pompeii,Campania,Naples National Archaeological Museum,40.75097,14.48516,approximate,https://commons.wikimedia.org/wiki/Special:FilePath/Wall_painting_-_banquet_scene_-_Pompeii_%28V_2_4%29_-_Napoli_MAN_120029_-_04.jpg?width=400,ArchaiOptix,CC BY-SA 4.0,https://creativecommons.org/licenses/by-sa/4.0,https://commons.wikimedia.org/wiki/File:Wall_painting_-_banquet_scene_-_Pompeii_%28V_2_4%29_-_Napoli_MAN_120029_-_04.jpg,,Wall painting - banquet scene - Pompeii (V 2 4) - Napoli MAN 120029 - 04
pompeii-wall-painting-banquet-scene-pompeii-v-2-4-napoli-man-120030,Wall painting - banquet scene - Pompeii (V 2 4) - Napoli MAN 120030,Roman,Human & Daily Life,Late Augustean / Early Julio-Claudian,,,Pompeii,Campania,Naples National Archaeological Museum,40.75074,14.48808,approximate,https://commons.wikimedia.org/wiki/Special:FilePath/Wall_painting_-_banquet_scene_-_Pompeii_%28V_2_4%29_-_Napoli_MAN_120030.jpg?width=400,ArchaiOptix,CC BY-SA 4.0,https://creativecommons.org/licenses/by-sa/4.0,https://commons.wikimedia.org/wiki/File:Wall_painting_-_banquet_scene_-_Pompeii_%28V_2_4%29_-_Napoli_MAN_120030.jpg,,Wall painting - banquet scene - Pompeii (V 2 4) - Napoli MAN 120030
pompeii-wall-painting-founding-myth-of-rome-pompeii-v-4-13-napoli-man,Wall painting - founding myth of Rome - Pompeii (V 4 13) - Napoli MAN,Roman,General / Decorative,Late Augustean / Early Julio-Claudian,,,Pompeii,Campania,Naples National Archaeological Museum,40.7522,14.48687,approximate,https://commons.wikimedia.org/wiki/Special:FilePath/Wall_painting_-_founding_myth_of_Rome_-_Pompeii_%28V_4_13%29_-_Napoli_MAN.jpg?width=400,ArchaiOptix,CC BY-SA 4.0,https://creativecommons.org/licenses/by-sa/4.0,https://commons.wikimedia.org/wiki/File:Wall_painting_-_founding_myth_of_Rome_-_Pompeii_%28V_4_13%29_-_Napoli_MAN.jpg,,Wall painting - founding myth of Rome - Pompeii (V 4 13) - Napoli MAN
pompeii-wall-painting-herakles-and-nessos-pompeii-vi-9-3-napoli-man-9001,Wall painting - Herakles and Nessos - Pompeii (VI 9 3) - Napoli MAN 9001,Roman,General / Decorative,Late Augustean / Early Julio-Claudian,,,Pompeii,Campania,Naples National Archaeological Museum,40.75087,14.4853,approximate,https://commons.wikimedia.org/wiki/Special:FilePath/Wall_painting_-_Herakles_and_Nessos_-_Pompeii_%28VI_9_3%29_-_Napoli_MAN_9001.jpg?width=400,ArchaiOptix,CC BY-SA 4.0,https://creativecommons.org/licenses/by-sa/4.0,https://commons.wikimedia.org/wiki/File:Wall_painting_-_Herakles_and_Nessos_-_Pompeii_%28VI_9_3%29_-_Napoli_MAN_9001.jpg,,Wall painting - Herakles and Nessos - Pompeii (VI 9 3) - Napoli MAN 9001
pompeii-wall-painting-meleagros-and-atalanta-pompeii-vi-9-3-napoli-man-8980,Wall painting - Meleagros and Atalanta - Pompeii (VI 9 3) - Napoli MAN 8980,Roman,General / Decorative,Late Augustean / Early Julio-Claudian,,,Pompeii,Campania,Naples National Archaeological Museum,40.75059,14.48582,approximate,https://commons.wikimedia.org/wiki/Special:FilePath/Wall_painting_-_Meleagros_and_Atalanta_-_Pompeii_%28VI_9_3%29_-_Napoli_MAN_8980.jpg?width=400,ArchaiOptix,CC BY-SA 4.0,https://creativecommons.org/licenses/by-sa/4.0,https://commons.wikimedia.org/wiki/File:Wall_painting_-_Meleagros_and_Atalanta_-_Pompeii_%28VI_9_3%29_-_Napoli_MAN_8980.jpg,,Wall painting - Meleagros and Atalanta - Pompeii (VI 9 3) - Napoli MAN 8980
pompeii-wall-painting-oracles-of-kassandra-pompeii-vi-10-2-napoli-man-8999,Wall painting - oracles of Kassandra - Pompeii (VI 10 2) - Napoli MAN 8999,Roman,General / Decorative,Late Augustean / Early Julio-Claudian,,,Pompeii,Campania,Naples National Archaeological Museum,40.75165,14.48745,approximate,https://commons.wikimedia.org/wiki/Special:FilePath/Wall_painting_-_oracles_of_Kassandra_-_Pompeii_%28VI_10_2%29_-_Napoli_MAN_8999.jpg?width=400,ArchaiOptix,CC BY-SA 4.0,https://creativecommons.org/licenses/by-sa/4.0,https://commons.wikimedia.org/wiki/File:Wall_painting_-_oracles_of_Kassandra_-_Pompeii_%28VI_10_2%29_-_Napoli_MAN_8999.jpg,,Wall painting - oracles of Kassandra - Pompeii (VI 10 2) - Napoli MAN 8999
pompeii-wall-painting-medea-and-the-peliades-pompeii-vi-13-2-napoli-man-111477,wall painting - Medea and the Peliades - Pompeii (VI 13 2) - Napoli MAN 111477,Roman,General / Decorative,Late Augustean / Early Julio-Claudian,,,Pompeii,Campania,Naples National Archaeological Museum,40.75081,14.48592,approximate,https://commons.wikimedia.org/wiki/Special:FilePath/M_58_9395_06_13_02205_D_LR6B.jpg?width=400,ArchaiOptix,CC BY-SA 4.0,https://creativecommons.org/licenses/by-sa/4.0,https://commons.wikimedia.org/wiki/File:M_58_9395_06_13_02205_D_LR6B.jpg,,wall painting - Medea and the Peliades - Pompeii (VI 13 2) - Napoli MAN 111477
pompeii-wall-painting-laokoon-and-his-sons-killed-by-the-snakes-pompeii-vi-14-30-napoli-man-111210,Wall painting - Laokoon and his sons killed by the snakes - Pompeii (VI 14 30) - Napoli MAN 111210,Roman,General / Decorative,Late Augustean / Early Julio-Claudian,,,Pompeii,Campania,Naples National Archaeological Museum,40.75065,14.48532,approximate,https://commons.wikimedia.org/wiki/Special:FilePath/Wall_painting_-_Laokoon_and_his_sons_killed_by_the_snakes_-_Pompeii_%28VI_14_30%29_-_Napoli_MAN_111210.jpg?width=400,ArchaiOptix,CC BY-SA 4.0,https://creativecommons.org/licenses/by-sa/4.0,https://commons.wikimedia.org/wiki/File:Wall_painting_-_Laokoon_and_his_sons_killed_by_the_snakes_-_Pompeii_%28VI_14_30%29_-_Napoli_MAN_111210.jpg,,Wall painting - Laokoon and his sons killed by the snakes - Pompeii (VI 14 30) - Napoli MAN 111210
pompeii-wall-painting-war-ships-behind-arcades-pompeii-vi-17-9-11-napoli-man-8603,Wall painting - war ships behind arcades - Pompeii (VI 17 9-11) - Napoli MAN 8603,Roman,General / Decorative,Late Augustean / Early Julio-Claudian,,,Pompeii,Campania,Naples National Archaeological Museum,40.75027,14.48541,approximate,https://commons.wikimedia.org/wiki/Special:FilePath/Wall_painting_-_war_ships_behind_arcades_-_Pompeii_%28VI_17_9-11%29_-_Napoli_MAN_8603.jpg?width=400,ArchaiOptix,CC BY-SA 4.0,https://creativecommons.org/licenses/by-sa/4.0,https://commons.wikimedia.org/wiki/File:Wall_painting_-_war_ships_behind_arcades_-_Pompeii_%28VI_17_9-11%29_-_Napoli_MAN_8603.jpg,,Wall painting - war ships behind arcades - Pompeii (VI 17 9-11) - Napoli MAN 8603
pompeii-wall-painting-tendril-winding-itself-up-a-reed-pompeii-vi-17-ins-occ-42-pompeii-paant-87281,Wall painting - tendril winding itself up a reed - Pompeii (VI 17 ins occ 42) - Pompeii PAAnt 87281,Roman,General / Decorative,Late Augustean / Early Julio-Claudian,,,Pompeii,Campania,Naples National Archaeological Museum,40.74984,14.48602,approximate,https://commons.wikimedia.org/wiki/Special:FilePath/Wall_painting_-_tendril_winding_itself_up_a_reed_-_Pompeii_%28VI_17_ins_occ_42%29_-_Pompeii_PAAnt_87281.jpg?width=400,ArchaiOptix,CC BY-SA 4.0,https://creativecommons.org/licenses/by-sa/4.0,https://commons.wikimedia.org/wiki/File:Wall_painting_-_tendril_winding_itself_up_a_reed_-_Pompeii_%28VI_17_ins_occ_42%29_-_Pompeii_PAAnt_87281.jpg,,Wall painting - tendril winding itself up a reed - Pompeii (VI 17 ins occ 42) - Pompeii PAAnt 87281
pompeii-wall-painting-sphinxes-in-garden-pompeii-vi-17-ins-occ-42-pompeii-paant-87228,Wall painting - sphinxes in garden - Pompeii (VI 17 ins occ 42) - Pompeii PAAnt 87228,Roman,Floral & Landscape,Late Augustean / Early Julio-Claudian,,,Pompeii,Campania,Naples National Archaeological Museum,40.75132,14.48644,approximate,https://commons.wikimedia.org/wiki/Special:FilePath/Wall_painting_-_sphinxes_in_garden_-_Pompeii_%28VI_17_ins_occ_42%29_-_Pompeii_PAAnt_87228.jpg?width=400,ArchaiOptix,CC BY-SA 4.0,https://creativecommons.org/licenses/by-sa/4.0,https://commons.wikimedia.org/wiki/File:Wall_painting_-_sphinxes_in_garden_-_Pompeii_%28VI_17_ins_occ_42%29_-_Pompeii_PAAnt_87228.jpg,,Wall painting - sphinxes in garden - Pompeii (VI 17 ins occ 42) - Pompeii PAAnt 87228
pompeii-wall-painting-seascape-on-black-ground-pompeii-vii-1-7-napoli-man-9482,Wall painting - seascape on black ground - Pompeii (VII 1 7) - Napoli MAN 9482,Roman,General / Decorative,Late Augustean / Early Julio-Claudian,,,Pompeii,Campania,Naples National Archaeological Museum,40.75038,14.48518,approximate,https://commons.wikimedia.org/wiki/Special:FilePath/Wall_painting_-_seascape_on_black_ground_-_Pompeii_%28VII_1_7%29_-_Napoli_MAN_9482.jpg?width=400,ArchaiOptix,CC BY-SA 4.0,https://creativecommons.org/licenses/by-sa/4.0,https://commons.wikimedia.org/wiki/File:Wall_painting_-_seascape_on_black_ground_-_Pompeii_%28VII_1_7%29_-_Napoli_MAN_9482.jpg,,Wall painting - seascape on black ground - Pompeii (VII 1 7) - Napoli MAN 9482
pompeii-wall-painting-punishment-of-eros-pompeii-vii-2-23-napoli-man-9257-01,Wall painting - punishment of Eros - Pompeii (VII 2 23) - Napoli MAN 9257 - 01,Roman,General / Decorative,Late Augustean / Early Julio-Claudian,,,Pompeii,Campania,Naples National Archaeological Museum,40.75172,14.48741,approximate,https://commons.wikimedia.org/wiki/Special:FilePath/Wall_painting_-_punishment_of_Eros_-_Pompeii_%28VII_2_23%29_-_Napoli_MAN_9257_-_01.jpg?width=400,ArchaiOptix,CC BY-SA 4.0,https://creativecommons.org/licenses/by-sa/4.0,https://commons.wikimedia.org/wiki/File:Wall_painting_-_punishment_of_Eros_-_Pompeii_%28VII_2_23%29_-_Napoli_MAN_9257_-_01.jpg,,Wall painting - punishment of Eros - Pompeii (VII 2 23) - Napoli MAN 9257 - 01
pompeii-wall-painting-punishment-of-eros-pompeii-vii-2-23-napoli-man-9257-02,Wall painting - punishment of Eros - Pompeii (VII 2 23) - Napoli MAN 9257 - 02,Roman,General / Decorative,Late Augustean / Early Julio-Claudian,,,Pompeii,Campania,Naples National Archaeological Museum,40.75118,14.48549,approximate,https://commons.wikimedia.org/wiki/Special:FilePath/Wall_painting_-_punishment_of_Eros_-_Pompeii_%28VII_2_23%29_-_Napoli_MAN_9257_-_02.jpg?width=400,ArchaiOptix,CC BY-SA 4.0,https://creativecommons.org/licenses/by-sa/4.0,https://commons.wikimedia.org/wiki/File:Wall_painting_-_punishment_of_Eros_-_Pompeii_%28VII_2_23%29_-_Napoli_MAN_9257_-_02.jpg,,Wall painting - punishment of Eros - Pompeii (VII 2 23) - Napoli MAN 9257 - 02
pompeii-wall-painting-ares-and-aphrodite-pompeii-vii-2-23-napoli-man-9249-01,Wall painting - Ares and Aphrodite - Pompeii (VII 2 23) - Napoli MAN 9249 - 01,Roman,General / Decorative,Late Augustean / Early Julio-Claudian,,,Pompeii,Campania,Naples National Archaeological Museum,40.75085,14.48584,approximate,https://commons.wikimedia.org/wiki/Special:FilePath/Wall_painting_-_Ares_and_Aphrodite_-_Pompeii_%28VII_2_23%29_-_Napoli_MAN_9249_-_01.jpg?width=400,ArchaiOptix,CC BY-SA 4.0,https://creativecommons.org/licenses/by-sa/4.0,https://commons.wikimedia.org/wiki/File:Wall_painting_-_Ares_and_Aphrodite_-_Pompeii_%28VII_2_23%29_-_Napoli_MAN_9249_-_01.jpg,,Wall painting - Ares and Aphrodite - Pompeii (VII 2 23) - Napoli MAN 9249 - 01
pompeii-wall-painting-ares-and-aphrodite-pompeii-vii-2-23-napoli-man-9249-02,Wall painting - Ares and Aphrodite - Pompeii (VII 2 23) - Napoli MAN 9249 - 02,Roman,General / Decorative,Late Augustean / Early Julio-Claudian,,,Pompeii,Campania,Naples National Archaeological Museum,40.75011,14.48616,approximate,https://commons.wikimedia.org/wiki/Special:FilePath/Wall_painting_-_Ares_and_Aphrodite_-_Pompeii_%28VII_2_23%29_-_Napoli_MAN_9249_-_02.jpg?width=400,ArchaiOptix,CC BY-SA 4.0,https://creativecommons.org/licenses/by-sa/4.0,https://commons.wikimedia.org/wiki/File:Wall_painting_-_Ares_and_Aphrodite_-_Pompeii_%28VII_2_23%29_-_Napoli_MAN_9249_-_02.jpg,,Wall painting - Ares and Aphrodite - Pompeii (VII 2 23) - Napoli MAN 9249 - 02
pompeii-wall-painting-ares-and-aphrodite-pompeii-vii-2-23-napoli-man-9249-03,Wall painting - Ares and Aphrodite - Pompeii (VII 2 23) - Napoli MAN 9249 - 03,Roman,General / Decorative,Late Augustean / Early Julio-Claudian,,,Pompeii,Campania,Naples National Archaeological Museum,40.74958,14.48639,approximate,https://commons.wikimedia.org/wiki/Special:FilePath/Wall_painting_-_Ares_and_Aphrodite_-_Pompeii_%28VII_2_23%29_-_Napoli_MAN_9249_-_03.jpg?width=400,ArchaiOptix,CC BY-SA 4.0,https://creativecommons.org/licenses/by-sa/4.0,https://commons.wikimedia.org/wiki/File:Wall_painting_-_Ares_and_Aphrodite_-_Pompeii_%28VII_2_23%29_-_Napoli_MAN_9249_-_03.jpg,,Wall painting - Ares and Aphrodite - Pompeii (VII 2 23) - Napoli MAN 9249 - 03
pompeii-wall-painting-punishment-of-dirke-pompeii-vii-4-56-napoli-man-9042-01,Wall painting - punishment of Dirke - Pompeii (VII 4 56) - Napoli MAN 9042 - 01,Roman,General / Decorative,Late Augustean / Early Julio-Claudian,,,Pompeii,Campania,Naples National Archaeological Museum,40.75029,14.48611,approximate,https://commons.wikimedia.org/wiki/Special:FilePath/Wall_painting_-_punishment_of_Dirke_-_Pompeii_%28VII_4_56%29_-_Napoli_MAN_9042_-_01.jpg?width=400,ArchaiOptix,CC BY-SA 4.0,https://creativecommons.org/licenses/by-sa/4.0,https://commons.wikimedia.org/wiki/File:Wall_painting_-_punishment_of_Dirke_-_Pompeii_%28VII_4_56%29_-_Napoli_MAN_9042_-_01.jpg,,Wall painting - punishment of Dirke - Pompeii (VII 4 56) - Napoli MAN 9042 - 01
pompeii-wall-painting-punishment-of-dirke-pompeii-vii-4-56-napoli-man-9042-02,Wall painting - punishment of Dirke - Pompeii (VII 4 56) - Napoli MAN 9042 - 02,Roman,General / Decorative,Late Augustean / Early Julio-Claudian,,,Pompeii,Campania,Naples National Archaeological Museum,40.75006,14.48766,approximate,https://commons.wikimedia.org/wiki/Special:FilePath/Wall_painting_-_punishment_of_Dirke_-_Pompeii_%28VII_4_56%29_-_Napoli_MAN_9042_-_02.jpg?width=400,ArchaiOptix,CC BY-SA 4.0,https://creativecommons.org/licenses/by-sa/4.0,https://commons.wikimedia.org/wiki/File:Wall_painting_-_punishment_of_Dirke_-_Pompeii_%28VII_4_56%29_-_Napoli_MAN_9042_-_02.jpg,,Wall painting - punishment of Dirke - Pompeii (VII 4 56) - Napoli MAN 9042 - 02
pompeii-wall-painting-kybele-in-her-sanctuary-pompeii-vii-6-28-napoli-man-8845,Wall painting - Kybele in her sanctuary - Pompeii (VII 6 28) - Napoli MAN 8845,Roman,General / Decorative,Late Augustean / Early Julio-Claudian,,,Pompeii,Campania,Naples National Archaeological Museum,40.74999,14.48715,approximate,https://commons.wikimedia.org/wiki/Special:FilePath/Wall_painting_-_Kybele_in_her_sanctuary_-_Pompeii_%28VII_6_28%29_-_Napoli_MAN_8845.jpg?width=400,ArchaiOptix,CC BY-SA 4.0,https://creativecommons.org/licenses/by-sa/4.0,https://commons.wikimedia.org/wiki/File:Wall_painting_-_Kybele_in_her_sanctuary_-_Pompeii_%28VII_6_28%29_-_Napoli_MAN_8845.jpg,,Wall painting - Kybele in her sanctuary - Pompeii (VII 6 28) - Napoli MAN 8845
pompeii-wall-painting-seated-hero-or-god-pompeii-vii-6-28-napoli-man-8895,Wall painting - seated hero or god - Pompeii (VII 6 28) - Napoli MAN 8895,Roman,General / Decorative,Late Augustean / Early Julio-Claudian,,,Pompeii,Campania,Naples National Archaeological Museum,40.74993,14.48732,approximate,https://commons.wikimedia.org/wiki/Special:FilePath/Wall_painting_-_seated_hero_or_god_-_Pompeii_%28VII_6_28%29_-_Napoli_MAN_8895.jpg?width=400,ArchaiOptix,CC BY-SA 4.0,https://creativecommons.org/licenses/by-sa/4.0,https://commons.wikimedia.org/wiki/File:Wall_painting_-_seated_hero_or_god_-_Pompeii_%28VII_6_28%29_-_Napoli_MAN_8895.jpg,,Wall painting - seated hero or god - Pompeii (VII 6 28) - Napoli MAN 8895
pompeii-wall-painting-death-of-the-niobids-pompeii-vii-15-2-napoli-man-111479,Wall painting - death of the Niobids - Pompeii (VII 15 2) - Napoli MAN 111479,Roman,General / Decorative,Late Augustean / Early Julio-Claudian,,,Pompeii,Campania,Naples National Archaeological Museum,40.7513,14.48797,approximate,https://commons.wikimedia.org/wiki/Special:FilePath/Wall_painting_-_death_of_the_Niobids_-_Pompeii_%28VII_15_2%29_-_Napoli_MAN_111479.jpg?width=400,ArchaiOptix,CC BY-SA 4.0,https://creativecommons.org/licenses/by-sa/4.0,https://commons.wikimedia.org/wiki/File:Wall_painting_-_death_of_the_Niobids_-_Pompeii_%28VII_15_2%29_-_Napoli_MAN_111479.jpg,,Wall painting - death of the Niobids - Pompeii (VII 15 2) - Napoli MAN 111479
pompeii-wall-painting-perseus-saving-andromeda-pompeii-vii-ins-occ-15-napoli-man-8997,Wall painting - Perseus saving Andromeda - Pompeii (VII ins occ 15) - Napoli MAN 8997,Roman,General / Decorative,Late Augustean / Early Julio-Claudian,,,Pompeii,Campania,Naples National Archaeological Museum,40.75123,14.48686,approximate,https://commons.wikimedia.org/wiki/Special:FilePath/Wall_painting_-_Perseus_saving_Andromeda_-_Pompeii_%28VII_ins_occ_15%29_-_Napoli_MAN_8997.jpg?width=400,ArchaiOptix,CC BY-SA 4.0,https://creativecommons.org/licenses/by-sa/4.0,https://commons.wikimedia.org/wiki/File:Wall_painting_-_Perseus_saving_Andromeda_-_Pompeii_%28VII_ins_occ_15%29_-_Napoli_MAN_8997.jpg,,Wall painting - Perseus saving Andromeda - Pompeii (VII ins occ 15) - Napoli MAN 8997
pompeii-wall-painting-herakles-and-omphale-pompeii-vii-ins-occ-15-napoli-man-9000,Wall painting - Herakles and Omphale - Pompeii (VII ins occ 15) - Napoli MAN 9000,Roman,General / Decorative,Late Augustean / Early Julio-Claudian,,,Pompeii,Campania,Naples National Archaeological Museum,40.75067,14.48801,approximate,https://commons.wikimedia.org/wiki/Special:FilePath/Wall_painting_-_Herakles_and_Omphale_-_Pompeii_%28VII_ins_occ_15%29_-_Napoli_MAN_9000.jpg?width=400,ArchaiOptix,CC BY-SA 4.0,https://creativecommons.org/licenses/by-sa/4.0,https://commons.wikimedia.org/wiki/File:Wall_painting_-_Herakles_and_Omphale_-_Pompeii_%28VII_ins_occ_15%29_-_Napoli_MAN_9000.jpg,,Wall painting - Herakles and Omphale - Pompeii (VII ins occ 15) - Napoli MAN 9000
pompeii-wall-painting-lararium-pompeii-viii-2-or-3-napoli-man-8905,Wall painting - lararium - Pompeii (VIII 2 or 3) - Napoli MAN 8905,Roman,General / Decorative,Late Augustean / Early Julio-Claudian,,,Pompeii,Campania,Naples National Archaeological Museum,40.75157,14.48637,approximate,https://commons.wikimedia.org/wiki/Special:FilePath/Wall_painting_-_lararium_-_Pompeii_%28VIII_2_or_3%29_-_Napoli_MAN_8905.jpg?width=400,ArchaiOptix,CC BY-SA 4.0,https://creativecommons.org/licenses/by-sa/4.0,https://commons.wikimedia.org/wiki/File:Wall_painting_-_lararium_-_Pompeii_%28VIII_2_or_3%29_-_Napoli_MAN_8905.jpg,,Wall painting - lararium - Pompeii (VIII 2 or 3) - Napoli MAN 8905
pompeii-wall-painting-eros-with-phiale-pompeii-viii-2-39-napoli-man-9168,Wall painting - Eros with phiale - Pompeii (VIII 2 39) - Napoli MAN 9168,Roman,General / Decorative,Late Augustean / Early Julio-Claudian,,,Pompeii,Campania,Naples National Archaeological Museum,40.75006,14.488,approximate,https://commons.wikimedia.org/wiki/Special:FilePath/Wall_painting_-_Eros_with_phiale_-_Pompeii_%28VIII_2_39%29_-_Napoli_MAN_9168.jpg?width=400,ArchaiOptix,CC BY-SA 4.0,https://creativecommons.org/licenses/by-sa/4.0,https://commons.wikimedia.org/wiki/File:Wall_painting_-_Eros_with_phiale_-_Pompeii_%28VIII_2_39%29_-_Napoli_MAN_9168.jpg,,Wall painting - Eros with phiale - Pompeii (VIII 2 39) - Napoli MAN 9168
pompeii-wall-painting-transferring-the-wooden-horse-into-troy-pompeii-ix-1-3-napoli-man-120176-01,Wall painting - transferring the wooden horse into Troy - Pompeii (IX 1 3) - Napoli MAN 120176 - 01,Roman,General / Decorative,Late Augustean / Early Julio-Claudian,,,Pompeii,Campania,Naples National Archaeological Museum,40.74947,14.48516,approximate,https://commons.wikimedia.org/wiki/Special:FilePath/Wall_painting_-_transferring_the_wooden_horse_into_Troy_-_Pompeii_%28IX_1_3%29_-_Napoli_MAN_120176_-_01.jpg?width=400,ArchaiOptix,CC BY-SA 4.0,https://creativecommons.org/licenses/by-sa/4.0,https://commons.wikimedia.org/wiki/File:Wall_painting_-_transferring_the_wooden_horse_into_Troy_-_Pompeii_%28IX_1_3%29_-_Napoli_MAN_120176_-_01.jpg,,Wall painting - transferring the wooden horse into Troy - Pompeii (IX 1 3) - Napoli MAN 120176 - 01
pompeii-wall-painting-transferring-the-wooden-horse-into-troy-pompeii-ix-1-3-napoli-man-120176-02,Wall painting - transferring the wooden horse into Troy - Pompeii (IX 1 3) - Napoli MAN 120176 - 02,Roman,General / Decorative,Late Augustean / Early Julio-Claudian,,,Pompeii,Campania,Naples National Archaeological Museum,40.75193,14.48676,approximate,https://commons.wikimedia.org/wiki/Special:FilePath/Wall_painting_-_transferring_the_wooden_horse_into_Troy_-_Pompeii_%28IX_1_3%29_-_Napoli_MAN_120176_-_02.jpg?width=400,ArchaiOptix,CC BY-SA 4.0,https://creativecommons.org/licenses/by-sa/4.0,https://commons.wikimedia.org/wiki/File:Wall_painting_-_transferring_the_wooden_horse_into_Troy_-_Pompeii_%28IX_1_3%29_-_Napoli_MAN_120176_-_02.jpg,,Wall painting - transferring the wooden horse into Troy - Pompeii (IX 1 3) - Napoli MAN 120176 - 02
phaistos-wall-painting-hephaistos-producing-the-new-arms-for-achilles-pompeii-ix-1-7-napoli-man-9529,Wall painting - Hephaistos producing the new arms for Achilles - Pompeii (IX 1 7) - Napoli MAN 9529,Minoan,General / Decorative,Late Augustean / Early Julio-Claudian,,,Phaistos,Crete,Heraklion Archaeological Museum,35.05105,24.81452,approximate,https://commons.wikimedia.org/wiki/Special:FilePath/Wall_painting_-_Hephaistos_producing_the_new_arms_for_Achilles_-_Pompeii_%28IX_1_7%29_-_Napoli_MAN_9529.jpg?width=400,ArchaiOptix,CC BY-SA 4.0,https://creativecommons.org/licenses/by-sa/4.0,https://commons.wikimedia.org/wiki/File:Wall_painting_-_Hephaistos_producing_the_new_arms_for_Achilles_-_Pompeii_%28IX_1_7%29_-_Napoli_MAN_9529.jpg,,Wall painting - Hephaistos producing the new arms for Achilles - Pompeii (IX 1 7) - Napoli MAN 9529
pompeii-wall-painting-the-three-graces-pompeii-ix-2-16-napoli-man-9236,Wall painting - the three Graces - Pompeii (IX 2 16) - Napoli MAN 9236,Roman,General / Decorative,Late Augustean / Early Julio-Claudian,,,Pompeii,Campania,Naples National Archaeological Museum,40.7513,14.48716,approximate,https://commons.wikimedia.org/wiki/Special:FilePath/Wall_painting_-_the_three_Graces_-_Pompeii_%28IX_2_16%29_-_Napoli_MAN_9236.jpg?width=400,ArchaiOptix,CC BY-SA 4.0,https://creativecommons.org/licenses/by-sa/4.0,https://commons.wikimedia.org/wiki/File:Wall_painting_-_the_three_Graces_-_Pompeii_%28IX_2_16%29_-_Napoli_MAN_9236.jpg,,Wall painting - the three Graces - Pompeii (IX 2 16) - Napoli MAN 9236
pompeii-wall-painting-medea-plotting-revenge-pompeii-ix-5-18-21-napoli-man-114321,Wall painting - Medea plotting revenge - Pompeii (IX 5 18-21) - Napoli MAN 114321,Roman,General / Decorative,Late Augustean / Early Julio-Claudian,,,Pompeii,Campania,Naples National Archaeological Museum,40.75154,14.48678,approximate,https://commons.wikimedia.org/wiki/Special:FilePath/Wall_painting_-_Medea_plotting_revenge_-_Pompeii_%28IX_5_18-21%29_-_Napoli_MAN_114321.jpg?width=400,ArchaiOptix,CC BY-SA 4.0,https://creativecommons.org/licenses/by-sa/4.0,https://commons.wikimedia.org/wiki/File:Wall_painting_-_Medea_plotting_revenge_-_Pompeii_%28IX_5_18-21%29_-_Napoli_MAN_114321.jpg,,Wall painting - Medea plotting revenge - Pompeii (IX 5 18-21) - Napoli MAN 114321
pompeii-wall-painting-paris-and-helena-at-sparta-pompeii-ix-5-18-21-napoli-man-114320,Wall painting - Paris and Helena at Sparta - Pompeii (IX 5 18-21) - Napoli MAN 114320,Roman,General / Decorative,Late Augustean / Early Julio-Claudian,,,Pompeii,Campania,Naples National Archaeological Museum,40.75,14.48644,approximate,https://commons.wikimedia.org/wiki/Special:FilePath/Wall_painting_-_Paris_and_Helena_at_Sparta_-_Pompeii_%28IX_5_18-21%29_-_Napoli_MAN_114320.jpg?width=400,ArchaiOptix,CC BY-SA 4.0,https://creativecommons.org/licenses/by-sa/4.0,https://commons.wikimedia.org/wiki/File:Wall_painting_-_Paris_and_Helena_at_Sparta_-_Pompeii_%28IX_5_18-21%29_-_Napoli_MAN_114320.jpg,,Wall painting - Paris and Helena at Sparta - Pompeii (IX 5 18-21) - Napoli MAN 114320
pompeii-wall-painting-phaidra-conversing-with-the-nurse-pompeii-ix-5-18-21-napoli-man-114322,Wall painting - Phaidra conversing with the nurse - Pompeii (IX 5 18-21) - Napoli MAN 114322,Roman,General / Decorative,Late Augustean / Early Julio-Claudian,,,Pompeii,Campania,Naples National Archaeological Museum,40.75208,14.48785,approximate,https://commons.wikimedia.org/wiki/Special:FilePath/Wall_painting_-_Phaidra_conversing_with_the_nurse_-_Pompeii_%28IX_5_18-21%29_-_Napoli_MAN_114322.jpg?width=400,ArchaiOptix,CC BY-SA 4.0,https://creativecommons.org/licenses/by-sa/4.0,https://commons.wikimedia.org/wiki/File:Wall_painting_-_Phaidra_conversing_with_the_nurse_-_Pompeii_%28IX_5_18-21%29_-_Napoli_MAN_114322.jpg,,Wall painting - Phaidra conversing with the nurse - Pompeii (IX 5 18-21) - Napoli MAN 114322
pompeii-wall-painting-odysseus-and-phoinix-on-skyros-pompeii-ix-5-18-21-napoli-man-111471,Wall painting - Odysseus and Phoinix on Skyros - Pompeii (IX 5 18-21) - Napoli MAN 111471,Roman,General / Decorative,Late Augustean / Early Julio-Claudian,,,Pompeii,Campania,Naples National Archaeological Museum,40.75001,14.48766,approximate,https://commons.wikimedia.org/wiki/Special:FilePath/Wall_painting_-_Odysseus_and_Phoinix_on_Skyros_-_Pompeii_%28IX_5_18-21%29_-_Napoli_MAN_111471.jpg?width=400,ArchaiOptix,CC BY-SA 4.0,https://creativecommons.org/licenses/by-sa/4.0,https://commons.wikimedia.org/wiki/File:Wall_painting_-_Odysseus_and_Phoinix_on_Skyros_-_Pompeii_%28IX_5_18-21%29_-_Napoli_MAN_111471.jpg,,Wall painting - Odysseus and Phoinix on Skyros - Pompeii (IX 5 18-21) - Napoli MAN 111471
pompeii-wall-painting-europa-and-the-bull-pompeii-ix-5-18-21-napoli-man-111475-01,Wall painting - Europa and the bull - Pompeii (IX 5 18-21) - Napoli MAN 111475 - 01,Roman,Animal,Late Augustean / Early Julio-Claudian,,,Pompeii,Campania,Naples National Archaeological Museum,40.75168,14.48607,approximate,https://commons.wikimedia.org/wiki/Special:FilePath/Wall_painting_-_Europa_and_the_bull_-_Pompeii_%28IX_5_18-21%29_-_Napoli_MAN_111475_-_01.jpg?width=400,ArchaiOptix,CC BY-SA 4.0,https://creativecommons.org/licenses/by-sa/4.0,https://commons.wikimedia.org/wiki/File:Wall_painting_-_Europa_and_the_bull_-_Pompeii_%28IX_5_18-21%29_-_Napoli_MAN_111475_-_01.jpg,,Wall painting - Europa and the bull - Pompeii (IX 5 18-21) - Napoli MAN 111475 - 01
pompeii-wall-painting-europa-and-the-bull-pompeii-ix-5-18-21-napoli-man-111475-02,Wall painting - Europa and the bull - Pompeii (IX 5 18-21) - Napoli MAN 111475 - 02,Roman,Animal,Late Augustean / Early Julio-Claudian,,,Pompeii,Campania,Naples National Archaeological Museum,40.7512,14.48555,approximate,https://commons.wikimedia.org/wiki/Special:FilePath/Wall_painting_-_Europa_and_the_bull_-_Pompeii_%28IX_5_18-21%29_-_Napoli_MAN_111475_-_02.jpg?width=400,ArchaiOptix,CC BY-SA 4.0,https://creativecommons.org/licenses/by-sa/4.0,https://commons.wikimedia.org/wiki/File:Wall_painting_-_Europa_and_the_bull_-_Pompeii_%28IX_5_18-21%29_-_Napoli_MAN_111475_-_02.jpg,,Wall painting - Europa and the bull - Pompeii (IX 5 18-21) - Napoli MAN 111475 - 02
pompeii-wall-painting-herakles-and-nessos-pompeii-ix-5-18-21-napoli-man-111474,Wall painting - Herakles and Nessos - Pompeii (IX 5 18-21) - Napoli MAN 111474,Roman,General / Decorative,Late Augustean / Early Julio-Claudian,,,Pompeii,Campania,Naples National Archaeological Museum,40.75139,14.48525,approximate,https://commons.wikimedia.org/wiki/Special:FilePath/Wall_painting_-_Herakles_and_Nessos_-_Pompeii_%28IX_5_18-21%29_-_Napoli_MAN_111474.jpg?width=400,ArchaiOptix,CC BY-SA 4.0,https://creativecommons.org/licenses/by-sa/4.0,https://commons.wikimedia.org/wiki/File:Wall_painting_-_Herakles_and_Nessos_-_Pompeii_%28IX_5_18-21%29_-_Napoli_MAN_111474.jpg,,Wall painting - Herakles and Nessos - Pompeii (IX 5 18-21) - Napoli MAN 111474
pompeii-wall-painting-pan-and-nymphs-making-music-pompeii-ix-5-18-21-napoli-man-111473,Wall painting - Pan and nymphs making music - Pompeii (IX 5 18-21) - Napoli MAN 111473,Roman,General / Decorative,Late Augustean / Early Julio-Claudian,,,Pompeii,Campania,Naples National Archaeological Museum,40.75118,14.48762,approximate,https://commons.wikimedia.org/wiki/Special:FilePath/Wall_painting_-_Pan_and_nymphs_making_music_-_Pompeii_%28IX_5_18-21%29_-_Napoli_MAN_111473.jpg?width=400,ArchaiOptix,CC BY-SA 4.0,https://creativecommons.org/licenses/by-sa/4.0,https://commons.wikimedia.org/wiki/File:Wall_painting_-_Pan_and_nymphs_making_music_-_Pompeii_%28IX_5_18-21%29_-_Napoli_MAN_111473.jpg,,Wall painting - Pan and nymphs making music - Pompeii (IX 5 18-21) - Napoli MAN 111473
pompeii-wall-painting-satyrs-as-tightrope-acrobats-pompeii-villa-of-cicero-napoli-man-9118,Wall painting - satyrs as tightrope acrobats - Pompeii (villa of Cicero) - Napoli MAN 9118,Roman,General / Decorative,Late Augustean / Early Julio-Claudian,,,Pompeii,Campania,Naples National Archaeological Museum,40.75226,14.48637,approximate,https://commons.wikimedia.org/wiki/Special:FilePath/Wall_painting_-_satyrs_as_tightrope_acrobats_-_Pompeii_%28villa_of_Cicero%29_-_Napoli_MAN_9118.jpg?width=400,ArchaiOptix,CC BY-SA 4.0,https://creativecommons.org/licenses/by-sa/4.0,https://commons.wikimedia.org/wiki/File:Wall_painting_-_satyrs_as_tightrope_acrobats_-_Pompeii_%28villa_of_Cicero%29_-_Napoli_MAN_9118.jpg,,Wall painting - satyrs as tightrope acrobats - Pompeii (villa of Cicero) - Napoli MAN 9118
pompeii-wall-painting-male-and-female-centaurs-with-women-and-boys-pompeii-villa-of-cicero-napoli-man-9133-01,Wall painting - male and female centaurs with women and boys - Pompeii (villa of Cicero) - Napoli MAN 9133 - 01,Roman,General / Decorative,Late Augustean / Early Julio-Claudian,,,Pompeii,Campania,Naples National Archaeological Museum,40.75001,14.48576,approximate,https://commons.wikimedia.org/wiki/Special:FilePath/Wall_painting_-_male_and_female_centaurs_with_women_and_boys_-_Pompeii_%28villa_of_Cicero%29_-_Napoli_MAN_9133_-_01.jpg?width=400,ArchaiOptix,CC BY-SA 4.0,https://creativecommons.org/licenses/by-sa/4.0,https://commons.wikimedia.org/wiki/File:Wall_painting_-_male_and_female_centaurs_with_women_and_boys_-_Pompeii_%28villa_of_Cicero%29_-_Napoli_MAN_9133_-_01.jpg,,Wall painting - male and female centaurs with women and boys - Pompeii (villa of Cicero) - Napoli MAN 9133 - 01
pompeii-wall-painting-male-and-female-centaurs-with-women-and-boys-pompeii-villa-of-cicero-napoli-man-9133-02,Wall painting - male and female centaurs with women and boys - Pompeii (villa of Cicero) - Napoli MAN 9133 - 02,Roman,General / Decorative,Late Augustean / Early Julio-Claudian,,,Pompeii,Campania,Naples National Archaeological Museum,40.75141,14.48579,approximate,https://commons.wikimedia.org/wiki/Special:FilePath/Wall_painting_-_male_and_female_centaurs_with_women_and_boys_-_Pompeii_%28villa_of_Cicero%29_-_Napoli_MAN_9133_-_02.jpg?width=400,ArchaiOptix,CC BY-SA 4.0,https://creativecommons.org/licenses/by-sa/4.0,https://commons.wikimedia.org/wiki/File:Wall_painting_-_male_and_female_centaurs_with_women_and_boys_-_Pompeii_%28villa_of_Cicero%29_-_Napoli_MAN_9133_-_02.jpg,,Wall painting - male and female centaurs with women and boys - Pompeii (villa of Cicero) - Napoli MAN 9133 - 02
pompeii-wall-painting-male-and-female-centaurs-with-women-and-boys-pompeii-villa-of-cicero-napoli-man-9133-03,Wall painting - male and female centaurs with women and boys - Pompeii (villa of Cicero) - Napoli MAN 9133 - 03,Roman,General / Decorative,Late Augustean / Early Julio-Claudian,,,Pompeii,Campania,Naples National Archaeological Museum,40.75004,14.48679,approximate,https://commons.wikimedia.org/wiki/Special:FilePath/Wall_painting_-_male_and_female_centaurs_with_women_and_boys_-_Pompeii_%28villa_of_Cicero%29_-_Napoli_MAN_9133_-_03.jpg?width=400,ArchaiOptix,CC BY-SA 4.0,https://creativecommons.org/licenses/by-sa/4.0,https://commons.wikimedia.org/wiki/File:Wall_painting_-_male_and_female_centaurs_with_women_and_boys_-_Pompeii_%28villa_of_Cicero%29_-_Napoli_MAN_9133_-_03.jpg,,Wall painting - male and female centaurs with women and boys - Pompeii (villa of Cicero) - Napoli MAN 9133 - 03
pompeii-wall-painting-dancing-maenads-pompeii-villa-of-cicero-napoli-man-9297-01,Wall painting - dancing maenads - Pompeii (villa of Cicero) - Napoli MAN 9297 - 01,Roman,General / Decorative,Late Augustean / Early Julio-Claudian,,,Pompeii,Campania,Naples National Archaeological Museum,40.75193,14.48805,approximate,https://commons.wikimedia.org/wiki/Special:FilePath/Wall_painting_-_dancing_maenads_-_Pompeii_%28villa_of_Cicero%29_-_Napoli_MAN_9297_-_01.jpg?width=400,ArchaiOptix,CC BY-SA 4.0,https://creativecommons.org/licenses/by-sa/4.0,https://commons.wikimedia.org/wiki/File:Wall_painting_-_dancing_maenads_-_Pompeii_%28villa_of_Cicero%29_-_Napoli_MAN_9297_-_01.jpg,,Wall painting - dancing maenads - Pompeii (villa of Cicero) - Napoli MAN 9297 - 01
pompeii-wall-painting-dancing-maenads-pompeii-villa-of-cicero-napoli-man-9297-02,Wall painting - dancing maenads - Pompeii (villa of Cicero) - Napoli MAN 9297 - 02,Roman,General / Decorative,Late Augustean / Early Julio-Claudian,,,Pompeii,Campania,Naples National Archaeological Museum,40.74988,14.48754,approximate,https://commons.wikimedia.org/wiki/Special:FilePath/Wall_painting_-_dancing_maenads_-_Pompeii_%28villa_of_Cicero%29_-_Napoli_MAN_9297_-_02.jpg?width=400,ArchaiOptix,CC BY-SA 4.0,https://creativecommons.org/licenses/by-sa/4.0,https://commons.wikimedia.org/wiki/File:Wall_painting_-_dancing_maenads_-_Pompeii_%28villa_of_Cicero%29_-_Napoli_MAN_9297_-_02.jpg,,Wall painting - dancing maenads - Pompeii (villa of Cicero) - Napoli MAN 9297 - 02
pompeii-wall-painting-dancing-maenads-pompeii-villa-of-cicero-napoli-man-9297-03,Wall painting - dancing maenads - Pompeii (villa of Cicero) - Napoli MAN 9297 - 03,Roman,General / Decorative,Late Augustean / Early Julio-Claudian,,,Pompeii,Campania,Naples National Archaeological Museum,40.74986,14.4859,approximate,https://commons.wikimedia.org/wiki/Special:FilePath/Wall_painting_-_dancing_maenads_-_Pompeii_%28villa_of_Cicero%29_-_Napoli_MAN_9297_-_03.jpg?width=400,ArchaiOptix,CC BY-SA 4.0,https://creativecommons.org/licenses/by-sa/4.0,https://commons.wikimedia.org/wiki/File:Wall_painting_-_dancing_maenads_-_Pompeii_%28villa_of_Cicero%29_-_Napoli_MAN_9297_-_03.jpg,,Wall painting - dancing maenads - Pompeii (villa of Cicero) - Napoli MAN 9297 - 03
pompeii-wall-painting-shepherd-in-idyllic-landscape-with-sacral-building-pompeii-villa-of-cicero-napoli-man-9418,Wall painting - shepherd in idyllic landscape with sacral building - Pompeii (villa of Cicero) - Napoli MAN 9418,Roman,Floral & Landscape,Late Augustean / Early Julio-Claudian,,,Pompeii,Campania,Naples National Archaeological Museum,40.74991,14.48784,approximate,https://commons.wikimedia.org/wiki/Special:FilePath/Wall_painting_-_shepherd_in_idyllic_landscape_with_sacral_building_-_Pompeii_%28villa_of_Cicero%29_-_Napoli_MAN_9418.jpg?width=400,ArchaiOptix,CC BY-SA 4.0,https://creativecommons.org/licenses/by-sa/4.0,https://commons.wikimedia.org/wiki/File:Wall_painting_-_shepherd_in_idyllic_landscape_with_sacral_building_-_Pompeii_%28villa_of_Cicero%29_-_Napoli_MAN_9418.jpg,,Wall painting - shepherd in idyllic landscape with sacral building - Pompeii (villa of Cicero) - Napoli MAN 9418
pompeii-wall-painting-phrixos-and-helle-escaping-on-the-ram-pompeii-villa-of-cicero-napoli-man-9478,Wall painting - Phrixos and Helle escaping on the ram - Pompeii (villa of Cicero) - Napoli MAN 9478,Roman,General / Decorative,Late Augustean / Early Julio-Claudian,,,Pompeii,Campania,Naples National Archaeological Museum,40.75175,14.48723,approximate,https://commons.wikimedia.org/wiki/Special:FilePath/Wall_painting_-_Phrixos_and_Helle_escaping_on_the_ram_-_Pompeii_-_Napoli_MAN_9478.jpg?width=400,ArchaiOptix,CC BY-SA 4.0,https://creativecommons.org/licenses/by-sa/4.0,https://commons.wikimedia.org/wiki/File:Wall_painting_-_Phrixos_and_Helle_escaping_on_the_ram_-_Pompeii_-_Napoli_MAN_9478.jpg,,Wall painting - Phrixos and Helle escaping on the ram - Pompeii (villa of Cicero) - Napoli MAN 9478
pompeii-wall-painting-dionysos-with-maenad-and-satyr-and-silenos-pompeii-villa-of-cicero-napoli-man-9274,Wall painting - Dionysos with maenad and satyr and Silenos - Pompeii (villa of Cicero) - Napoli MAN 9274,Roman,General / Decorative,Late Augustean / Early Julio-Claudian,,,Pompeii,Campania,Naples National Archaeological Museum,40.75098,14.48581,approximate,https://commons.wikimedia.org/wiki/Special:FilePath/Wall_painting_-_Dionysos_with_maenad_and_satyr_and_Silenos_-_Pompeii_-_Napoli_MAN_9274.jpg?width=400,ArchaiOptix,CC BY-SA 4.0,https://creativecommons.org/licenses/by-sa/4.0,https://commons.wikimedia.org/wiki/File:Wall_painting_-_Dionysos_with_maenad_and_satyr_and_Silenos_-_Pompeii_-_Napoli_MAN_9274.jpg,,Wall painting - Dionysos with maenad and satyr and Silenos - Pompeii (villa of Cicero) - Napoli MAN 9274
stabiae-wall-painting-flora-stabiae-villa-di-arianna-napoli-man-8834,Wall painting - Flora - Stabiae (villa di Arianna) - Napoli MAN 8834,Roman,General / Decorative,Late Augustean / Early Julio-Claudian,,,Stabiae,Campania,Naples National Archaeological Museum,40.69708,14.50028,approximate,https://commons.wikimedia.org/wiki/Special:FilePath/Wall_painting_-_Flora_-_Stabiae_%28villa_di_Arianna%29_-_Napoli_MAN_8834.jpg?width=400,ArchaiOptix,CC BY-SA 4.0,https://creativecommons.org/licenses/by-sa/4.0,https://commons.wikimedia.org/wiki/File:Wall_painting_-_Flora_-_Stabiae_%28villa_di_Arianna%29_-_Napoli_MAN_8834.jpg,,Wall painting - Flora - Stabiae (villa di Arianna) - Napoli MAN 8834
stabiae-wall-painting-leda-and-the-swan-stabiae-villa-di-arianna-napoli-man-9546,Wall painting - Leda and the swan - Stabiae (villa di Arianna) - Napoli MAN 9546,Roman,General / Decorative,Late Augustean / Early Julio-Claudian,,,Stabiae,Campania,Naples National Archaeological Museum,40.6987,14.49811,approximate,https://commons.wikimedia.org/wiki/Special:FilePath/Wall_painting_-_Leda_and_the_swan_-_Stabiae_%28villa_di_Arianna%29_-_Napoli_MAN_9546.jpg?width=400,ArchaiOptix,CC BY-SA 4.0,https://creativecommons.org/licenses/by-sa/4.0,https://commons.wikimedia.org/wiki/File:Wall_painting_-_Leda_and_the_swan_-_Stabiae_%28villa_di_Arianna%29_-_Napoli_MAN_9546.jpg,,Wall painting - Leda and the swan - Stabiae (villa di Arianna) - Napoli MAN 9546
stabiae-wall-painting-artemis-stabiae-villa-di-arianna-napoli-man-9243-01,Wall painting - Artemis - Stabiae (villa di Arianna) - Napoli MAN 9243 - 01,Roman,General / Decorative,Late Augustean / Early Julio-Claudian,,,Stabiae,Campania,Naples National Archaeological Museum,40.69929,14.49871,approximate,https://commons.wikimedia.org/wiki/Special:FilePath/Wall_painting_-_Artemis_-_Stabiae_%28villa_di_Arianna%29_-_Napoli_MAN_9243_-_01.jpg?width=400,ArchaiOptix,CC BY-SA 4.0,https://creativecommons.org/licenses/by-sa/4.0,https://commons.wikimedia.org/wiki/File:Wall_painting_-_Artemis_-_Stabiae_%28villa_di_Arianna%29_-_Napoli_MAN_9243_-_01.jpg,,Wall painting - Artemis - Stabiae (villa di Arianna) - Napoli MAN 9243 - 01
stabiae-wall-painting-artemis-stabiae-villa-di-arianna-napoli-man-9243-02,Wall painting - Artemis - Stabiae (villa di Arianna) - Napoli MAN 9243 - 02,Roman,General / Decorative,Late Augustean / Early Julio-Claudian,,,Stabiae,Campania,Naples National Archaeological Museum,40.69801,14.49897,approximate,https://commons.wikimedia.org/wiki/Special:FilePath/Wall_painting_-_Artemis_-_Stabiae_%28villa_di_Arianna%29_-_Napoli_MAN_9243.jpg?width=400,ArchaiOptix,CC BY-SA 4.0,https://creativecommons.org/licenses/by-sa/4.0,https://commons.wikimedia.org/wiki/File:Wall_painting_-_Artemis_-_Stabiae_%28villa_di_Arianna%29_-_Napoli_MAN_9243.jpg,,Wall painting - Artemis - Stabiae (villa di Arianna) - Napoli MAN 9243 - 02
stabiae-wall-painting-reclining-water-nymph-stabiae-villa-di-arianna-red-room-london-bm-gr-1867-0508-1356,Wall painting - reclining water nymph - Stabiae (Villa di Arianna - red room) - London BM GR 1867-0508-1356,Roman,General / Decorative,Late Augustean / Early Julio-Claudian,,,Stabiae,Campania,Naples National Archaeological Museum,40.69855,14.49867,approximate,https://commons.wikimedia.org/wiki/Special:FilePath/Wall_painting_-_reclining_water_nymph_-_Stabiae_%28Villa_di_Arianna_-_red_room%29_-_London_BM_GR_1867-0508-1356.jpg?width=400,ArchaiOptix,CC BY-SA 4.0,https://creativecommons.org/licenses/by-sa/4.0,https://commons.wikimedia.org/wiki/File:Wall_painting_-_reclining_water_nymph_-_Stabiae_%28Villa_di_Arianna_-_red_room%29_-_London_BM_GR_1867-0508-1356.jpg,,Wall painting - reclining water nymph - Stabiae (Villa di Arianna - red room) - London BM GR 1867-0508-1356
stabiae-wall-painting-armillary-sphere-stabiae-villa-di-san-marco-stabia-madsldo-2535-01,Wall painting - armillary sphere - Stabiae (villa di San Marco) - Stabia MAdSLdO 2535 - 01,Roman,General / Decorative,Late Augustean / Early Julio-Claudian,,,Stabiae,Campania,Naples National Archaeological Museum,40.69889,14.49997,approximate,https://commons.wikimedia.org/wiki/Special:FilePath/Wall_painting_-_armillary_sphere_-_Stabiae_%28villa_di_San_Marco%29_-_Stabia_MAdSLdO_2535_-_01.jpg?width=400,ArchaiOptix,CC BY-SA 4.0,https://creativecommons.org/licenses/by-sa/4.0,https://commons.wikimedia.org/wiki/File:Wall_painting_-_armillary_sphere_-_Stabiae_%28villa_di_San_Marco%29_-_Stabia_MAdSLdO_2535_-_01.jpg,,Wall painting - armillary sphere - Stabiae (villa di San Marco) - Stabia MAdSLdO 2535 - 01
stabiae-wall-painting-armillary-sphere-stabiae-villa-di-san-marco-stabia-madsldo-2535-02,Wall painting - armillary sphere - Stabiae (villa di San Marco) - Stabia MAdSLdO 2535 - 02,Roman,General / Decorative,Late Augustean / Early Julio-Claudian,,,Stabiae,Campania,Naples National Archaeological Museum,40.69738,14.49865,approximate,https://commons.wikimedia.org/wiki/Special:FilePath/Wall_painting_-_armillary_sphere_-_Stabiae_%28villa_di_San_Marco%29_-_Stabia_MAdSLdO_2535_-_02.jpg?width=400,ArchaiOptix,CC BY-SA 4.0,https://creativecommons.org/licenses/by-sa/4.0,https://commons.wikimedia.org/wiki/File:Wall_painting_-_armillary_sphere_-_Stabiae_%28villa_di_San_Marco%29_-_Stabia_MAdSLdO_2535_-_02.jpg,,Wall painting - armillary sphere - Stabiae (villa di San Marco) - Stabia MAdSLdO 2535 - 02
stabiae-wall-painting-dido-and-aeneas-stabiae-napoli-man-9599,Wall painting - Dido and Aeneas - Stabiae - Napoli MAN 9599,Roman,General / Decorative,Late Augustean / Early Julio-Claudian,,,Stabiae,Campania,Naples National Archaeological Museum,40.69673,14.49797,approximate,https://commons.wikimedia.org/wiki/Special:FilePath/Wall_painting_-_Dido_and_Aeneas_-_Stabiae_-_Napoli_MAN_9599.jpg?width=400,ArchaiOptix,CC BY-SA 4.0,https://creativecommons.org/licenses/by-sa/4.0,https://commons.wikimedia.org/wiki/File:Wall_painting_-_Dido_and_Aeneas_-_Stabiae_-_Napoli_MAN_9599.jpg,,Wall painting - Dido and Aeneas - Stabiae - Napoli MAN 9599
stabiae-wall-painting-caricature-of-aeneas-fleeing-with-his-father-and-his-son-stabiae-napoli-man-9089,Wall painting - caricature of Aeneas fleeing with his father and his son - Stabiae - Napoli MAN 9089,Roman,Animal,Late Augustean / Early Julio-Claudian,,,Stabiae,Campania,Naples National Archaeological Museum,40.69746,14.49809,approximate,https://commons.wikimedia.org/wiki/Special:FilePath/Wall_painting_-_caricature_of_Aeneas_fleeing_with_his_father_and_his_son_-_Stabiae_-_Napoli_MAN_9089.jpg?width=400,ArchaiOptix,CC BY-SA 4.0,https://creativecommons.org/licenses/by-sa/4.0,https://commons.wikimedia.org/wiki/File:Wall_painting_-_caricature_of_Aeneas_fleeing_with_his_father_and_his_son_-_Stabiae_-_Napoli_MAN_9089.jpg,,Wall painting - caricature of Aeneas fleeing with his father and his son - Stabiae - Napoli MAN 9089
stabiae-wall-painting-actors-from-the-new-comedy-stabiae-napoli-man-9034,Wall painting - actors from the New Comedy - Stabiae - Napoli MAN 9034,Roman,General / Decorative,Late Augustean / Early Julio-Claudian,,,Stabiae,Campania,Naples National Archaeological Museum,40.69883,14.49763,approximate,https://commons.wikimedia.org/wiki/Special:FilePath/Wall_painting_-_actors_from_the_New_Comedy_-_Stabiae_-_Napoli_MAN_9034.jpg?width=400,ArchaiOptix,CC BY-SA 4.0,https://creativecommons.org/licenses/by-sa/4.0,https://commons.wikimedia.org/wiki/File:Wall_painting_-_actors_from_the_New_Comedy_-_Stabiae_-_Napoli_MAN_9034.jpg,,Wall painting - actors from the New Comedy - Stabiae - Napoli MAN 9034
aegean-prehistoric-wall-painting-idyllic-rural-landscape-boscotrecase-villa-of-agrippa-postumus-napoli-man-147501-01,Wall painting - idyllic rural landscape - Boscotrecase (villa of Agrippa Postumus) - Napoli MAN 147501 - 01,Minoan,Floral & Landscape,Late Augustean / Early Julio-Claudian,,,Aegean Prehistoric,Crete,Heraklion Archaeological Museum,35.29647,25.16288,approximate,https://commons.wikimedia.org/wiki/Special:FilePath/Wall_painting_-_idyllic_rural_landscape_-_Boscotrecase_%28villa_of_Agrippa_Postumus%29_-_Napoli_MAN_147501_-_01.jpg?width=400,ArchaiOptix,CC BY-SA 4.0,https://creativecommons.org/licenses/by-sa/4.0,https://commons.wikimedia.org/wiki/File:Wall_painting_-_idyllic_rural_landscape_-_Boscotrecase_%28villa_of_Agrippa_Postumus%29_-_Napoli_MAN_147501_-_01.jpg,,Wall painting - idyllic rural landscape - Boscotrecase (villa of Agrippa Postumus) - Napoli MAN 147501 - 01
aegean-prehistoric-wall-painting-idyllic-rural-landscape-boscotrecase-villa-of-agrippa-postumus-napoli-man-147501-02,Wall painting - idyllic rural landscape - Boscotrecase (villa of Agrippa Postumus) - Napoli MAN 147501 - 02,Minoan,Floral & Landscape,Late Augustean / Early Julio-Claudian,,,Aegean Prehistoric,Crete,Heraklion Archaeological Museum,35.29605,25.16156,approximate,https://commons.wikimedia.org/wiki/Special:FilePath/Wall_painting_-_idyllic_rural_landscape_-_Boscotrecase_%28villa_of_Agrippa_Postumus%29_-_Napoli_MAN_147501_-_02.jpg?width=400,ArchaiOptix,CC BY-SA 4.0,https://creativecommons.org/licenses/by-sa/4.0,https://commons.wikimedia.org/wiki/File:Wall_painting_-_idyllic_rural_landscape_-_Boscotrecase_%28villa_of_Agrippa_Postumus%29_-_Napoli_MAN_147501_-_02.jpg,,Wall painting - idyllic rural landscape - Boscotrecase (villa of Agrippa Postumus) - Napoli MAN 147501 - 02
aegean-prehistoric-wall-painting-idyllic-rural-landscape-boscotrecase-villa-of-agrippa-postumus-napoli-man-147502,Wall painting - idyllic rural landscape - Boscotrecase (villa of Agrippa Postumus) - Napoli MAN 147502,Minoan,Floral & Landscape,Late Augustean / Early Julio-Claudian,,,Aegean Prehistoric,Crete,Heraklion Archaeological Museum,35.2995,25.16332,approximate,https://commons.wikimedia.org/wiki/Special:FilePath/Wall_painting_-_idyllic_rural_landscape_-_Boscotrecase_%28villa_of_Agrippa_Postumus%29_-_Napoli_MAN_147502.jpg?width=400,ArchaiOptix,CC BY-SA 4.0,https://creativecommons.org/licenses/by-sa/4.0,https://commons.wikimedia.org/wiki/File:Wall_painting_-_idyllic_rural_landscape_-_Boscotrecase_%28villa_of_Agrippa_Postumus%29_-_Napoli_MAN_147502.jpg,,Wall painting - idyllic rural landscape - Boscotrecase (villa of Agrippa Postumus) - Napoli MAN 147502
aegean-prehistoric-wall-painting-idyllic-rural-landscape-boscotrecase-villa-of-agrippa-postumus-napoli-man-147503,Wall painting - idyllic rural landscape - Boscotrecase (villa of Agrippa Postumus) - Napoli MAN 147503,Minoan,Floral & Landscape,Late Augustean / Early Julio-Claudian,,,Aegean Prehistoric,Crete,Heraklion Archaeological Museum,35.29881,25.16134,approximate,https://commons.wikimedia.org/wiki/Special:FilePath/Wall_painting_-_idyllic_rural_landscape_-_Boscotrecase_%28villa_of_Agrippa_Postumus%29_-_Napoli_MAN_147503.jpg?width=400,ArchaiOptix,CC BY-SA 4.0,https://creativecommons.org/licenses/by-sa/4.0,https://commons.wikimedia.org/wiki/File:Wall_painting_-_idyllic_rural_landscape_-_Boscotrecase_%28villa_of_Agrippa_Postumus%29_-_Napoli_MAN_147503.jpg,,Wall painting - idyllic rural landscape - Boscotrecase (villa of Agrippa Postumus) - Napoli MAN 147503
aegean-prehistoric-wall-painting-love-making-vesuvius-region-napoli-man,Wall painting - love-making - Vesuvius region - Napoli MAN,Minoan,General / Decorative,Late Augustean / Early Julio-Claudian,,,Aegean Prehistoric,Crete,Heraklion Archaeological Museum,35.29939,25.16159,approximate,https://commons.wikimedia.org/wiki/Special:FilePath/Wall_painting_-_love-making_-_Vesuvius_region_-_Napoli_MAN.jpg?width=400,ArchaiOptix,CC BY-SA 4.0,https://creativecommons.org/licenses/by-sa/4.0,https://commons.wikimedia.org/wiki/File:Wall_painting_-_love-making_-_Vesuvius_region_-_Napoli_MAN.jpg,,Wall painting - love-making - Vesuvius region - Napoli MAN
aegean-prehistoric-wall-painting-aura-sitting-on-ornament-band-vesuvius-region-karlsruhe-blm,Wall painting - Aura sitting on ornament band - Vesuvius region - Karlsruhe BLM,Minoan,General / Decorative,Late Augustean / Early Julio-Claudian,,,Aegean Prehistoric,Crete,Heraklion Archaeological Museum,35.29881,25.16424,approximate,https://commons.wikimedia.org/wiki/Special:FilePath/Wall_painting_-_Aura_sitting_on_ornament_band_-_Vesuvius_region_-_Karlsruhe_BLM.jpg?width=400,ArchaiOptix,CC BY-SA 4.0,https://creativecommons.org/licenses/by-sa/4.0,https://commons.wikimedia.org/wiki/File:Wall_painting_-_Aura_sitting_on_ornament_band_-_Vesuvius_region_-_Karlsruhe_BLM.jpg,,Wall painting - Aura sitting on ornament band - Vesuvius region - Karlsruhe BLM
aegean-prehistoric-wall-painting-floral-ornament-with-plant-vesuvius-region-karlsruhe-blm,Wall painting - floral ornament with plant - Vesuvius region - Karlsruhe BLM,Minoan,General / Decorative,Late Augustean / Early Julio-Claudian,,,Aegean Prehistoric,Crete,Heraklion Archaeological Museum,35.29743,25.16481,approximate,https://commons.wikimedia.org/wiki/Special:FilePath/Wall_painting_-_floral_ornament_with_plant_-_Vesuvius_region_-_Karlsruhe_BLM.jpg?width=400,ArchaiOptix,CC BY-SA 4.0,https://creativecommons.org/licenses/by-sa/4.0,https://commons.wikimedia.org/wiki/File:Wall_painting_-_floral_ornament_with_plant_-_Vesuvius_region_-_Karlsruhe_BLM.jpg,,Wall painting - floral ornament with plant - Vesuvius region - Karlsruhe BLM
aegean-prehistoric-wall-painting-floral-ornament-with-stylized-plant-vesuvius-region-karlsruhe-blm,Wall painting - floral ornament with stylized plant - Vesuvius region - Karlsruhe BLM,Minoan,General / Decorative,Late Augustean / Early Julio-Claudian,,,Aegean Prehistoric,Crete,Heraklion Archaeological Museum,35.29678,25.16499,approximate,https://commons.wikimedia.org/wiki/Special:FilePath/Wall_painting_-_floral_ornament_with_stylized_plant_-_Vesuvius_region_-_Karlsruhe_BLM.jpg?width=400,ArchaiOptix,CC BY-SA 4.0,https://creativecommons.org/licenses/by-sa/4.0,https://commons.wikimedia.org/wiki/File:Wall_painting_-_floral_ornament_with_stylized_plant_-_Vesuvius_region_-_Karlsruhe_BLM.jpg,,Wall painting - floral ornament with stylized plant - Vesuvius region - Karlsruhe BLM
aegean-prehistoric-wall-painting-floral-ornament-with-plant-and-aquatic-bird-vesuvius-region-karlsruhe-blm,Wall painting - floral ornament with plant and aquatic bird - Vesuvius region - Karlsruhe BLM,Minoan,Animal,Late Augustean / Early Julio-Claudian,,,Aegean Prehistoric,Crete,Heraklion Archaeological Museum,35.29858,25.1632,approximate,https://commons.wikimedia.org/wiki/Special:FilePath/Wall_painting_-_floral_ornament_with_plant_and_aquatic_bird_-_Vesuvius_region_-_Karlsruhe_BLM.jpg?width=400,ArchaiOptix,CC BY-SA 4.0,https://creativecommons.org/licenses/by-sa/4.0,https://commons.wikimedia.org/wiki/File:Wall_painting_-_floral_ornament_with_plant_and_aquatic_bird_-_Vesuvius_region_-_Karlsruhe_BLM.jpg,,Wall painting - floral ornament with plant and aquatic bird - Vesuvius region - Karlsruhe BLM
herculaneum-wall-painting-theatrical-skene-herculaneum-ins-or-ii-palaestra-napoli-man-9735,Wall painting - theatrical skene - Herculaneum (ins or II - palaestra) - Napoli MAN 9735,Roman,General / Decorative,Late Neronian / Early Flavian,,,Herculaneum,Campania,Naples National Archaeological Museum,40.80679,14.34631,approximate,https://commons.wikimedia.org/wiki/Special:FilePath/Wall_painting_-_theatrical_skene_-_Herculaneum_%28ins_or_II_-_palaestra%29_-_Napoli_MAN_9735.jpg?width=400,ArchaiOptix,CC BY-SA 4.0,https://creativecommons.org/licenses/by-sa/4.0,https://commons.wikimedia.org/wiki/File:Wall_painting_-_theatrical_skene_-_Herculaneum_%28ins_or_II_-_palaestra%29_-_Napoli_MAN_9735.jpg,,Wall painting - theatrical skene - Herculaneum (ins or II - palaestra) - Napoli MAN 9735
herculaneum-wall-painting-admetos-and-alkestis-receiving-the-oracle-herculaneum-napoli-man-9026-01,Wall painting - Admetos and Alkestis receiving the oracle - Herculaneum - Napoli MAN 9026 - 01,Roman,General / Decorative,Late Neronian / Early Flavian,,,Herculaneum,Campania,Naples National Archaeological Museum,40.80602,14.34784,approximate,https://commons.wikimedia.org/wiki/Special:FilePath/Wall_painting_-_Admetos_and_Alkestis_receiving_the_oracle_-_Herculaneum_-_Napoli_MAN_9026_-_01.jpg?width=400,ArchaiOptix,CC BY-SA 4.0,https://creativecommons.org/licenses/by-sa/4.0,https://commons.wikimedia.org/wiki/File:Wall_painting_-_Admetos_and_Alkestis_receiving_the_oracle_-_Herculaneum_-_Napoli_MAN_9026_-_01.jpg,,Wall painting - Admetos and Alkestis receiving the oracle - Herculaneum - Napoli MAN 9026 - 01
herculaneum-wall-painting-admetos-and-alkestis-receiving-the-oracle-herculaneum-napoli-man-9026-02,Wall painting - Admetos and Alkestis receiving the oracle - Herculaneum - Napoli MAN 9026 - 02,Roman,General / Decorative,Late Neronian / Early Flavian,,,Herculaneum,Campania,Naples National Archaeological Museum,40.80743,14.34782,approximate,https://commons.wikimedia.org/wiki/Special:FilePath/Wall_painting_-_Admetos_and_Alkestis_receiving_the_oracle_-_Herculaneum_-_Napoli_MAN_9026_-_02.jpg?width=400,ArchaiOptix,CC BY-SA 4.0,https://creativecommons.org/licenses/by-sa/4.0,https://commons.wikimedia.org/wiki/File:Wall_painting_-_Admetos_and_Alkestis_receiving_the_oracle_-_Herculaneum_-_Napoli_MAN_9026_-_02.jpg,,Wall painting - Admetos and Alkestis receiving the oracle - Herculaneum - Napoli MAN 9026 - 02
herculaneum-wall-painting-admetos-and-alkestis-receiving-the-oracle-herculaneum-napoli-man-9026-03,Wall painting - Admetos and Alkestis receiving the oracle - Herculaneum - Napoli MAN 9026 - 03,Roman,General / Decorative,Late Neronian / Early Flavian,,,Herculaneum,Campania,Naples National Archaeological Museum,40.80481,14.34626,approximate,https://commons.wikimedia.org/wiki/Special:FilePath/Wall_painting_-_Admetos_and_Alkestis_receiving_the_oracle_-_Herculaneum_-_Napoli_MAN_9026_-_03.jpg?width=400,ArchaiOptix,CC BY-SA 4.0,https://creativecommons.org/licenses/by-sa/4.0,https://commons.wikimedia.org/wiki/File:Wall_painting_-_Admetos_and_Alkestis_receiving_the_oracle_-_Herculaneum_-_Napoli_MAN_9026_-_03.jpg,,Wall painting - Admetos and Alkestis receiving the oracle - Herculaneum - Napoli MAN 9026 - 03
herculaneum-wall-painting-admetos-and-alkestis-receiving-the-oracle-herculaneum-napoli-man-9026-04,Wall painting - Admetos and Alkestis receiving the oracle - Herculaneum - Napoli MAN 9026 - 04,Roman,General / Decorative,Late Neronian / Early Flavian,,,Herculaneum,Campania,Naples National Archaeological Museum,40.80625,14.3462,approximate,https://commons.wikimedia.org/wiki/Special:FilePath/Wall_painting_-_Admetos_and_Alkestis_receiving_the_oracle_-_Herculaneum_-_Napoli_MAN_9026_-_04.jpg?width=400,ArchaiOptix,CC BY-SA 4.0,https://creativecommons.org/licenses/by-sa/4.0,https://commons.wikimedia.org/wiki/File:Wall_painting_-_Admetos_and_Alkestis_receiving_the_oracle_-_Herculaneum_-_Napoli_MAN_9026_-_04.jpg,,Wall painting - Admetos and Alkestis receiving the oracle - Herculaneum - Napoli MAN 9026 - 04
herculaneum-wall-painting-still-life-with-bread-and-figs-herculaneum-napoli-man-8625,Wall painting - still life with bread and figs - Herculaneum - Napoli MAN 8625,Roman,General / Decorative,Late Neronian / Early Flavian,,,Herculaneum,Campania,Naples National Archaeological Museum,40.80535,14.34829,approximate,https://commons.wikimedia.org/wiki/Special:FilePath/Wall_painting_-_still_life_with_bread_and_figs_-_Herculaneum_-_Napoli_MAN_8625.jpg?width=400,ArchaiOptix,CC BY-SA 4.0,https://creativecommons.org/licenses/by-sa/4.0,https://commons.wikimedia.org/wiki/File:Wall_painting_-_still_life_with_bread_and_figs_-_Herculaneum_-_Napoli_MAN_8625.jpg,,Wall painting - still life with bread and figs - Herculaneum - Napoli MAN 8625
herculaneum-wall-painting-still-life-with-food-herculaneum-iv-21-napoli-man-8644,Wall painting - still life with food - Herculaneum (IV 21) - Napoli MAN 8644,Roman,General / Decorative,Late Neronian / Early Flavian,,,Herculaneum,Campania,Naples National Archaeological Museum,40.80522,14.34757,approximate,https://commons.wikimedia.org/wiki/Special:FilePath/Wall_painting_-_still_life_with_food_-_Herculaneum_%28IV_21%29_-_Napoli_MAN_8644.jpg?width=400,ArchaiOptix,CC BY-SA 4.0,https://creativecommons.org/licenses/by-sa/4.0,https://commons.wikimedia.org/wiki/File:Wall_painting_-_still_life_with_food_-_Herculaneum_%28IV_21%29_-_Napoli_MAN_8644.jpg,,Wall painting - still life with food - Herculaneum (IV 21) - Napoli MAN 8644
herculaneum-wall-painting-still-life-with-food-herculaneum-iv-21-napoli-man-8647-01,Wall painting - still life with food - Herculaneum (IV 21) - Napoli MAN 8647 - 01,Roman,General / Decorative,Late Neronian / Early Flavian,,,Herculaneum,Campania,Naples National Archaeological Museum,40.80735,14.34671,approximate,https://commons.wikimedia.org/wiki/Special:FilePath/Wall_painting_-_still_life_with_food_-_Herculaneum_%28IV_21%29_-_Napoli_MAN_8647_-_01.jpg?width=400,ArchaiOptix,CC BY-SA 4.0,https://creativecommons.org/licenses/by-sa/4.0,https://commons.wikimedia.org/wiki/File:Wall_painting_-_still_life_with_food_-_Herculaneum_%28IV_21%29_-_Napoli_MAN_8647_-_01.jpg,,Wall painting - still life with food - Herculaneum (IV 21) - Napoli MAN 8647 - 01
herculaneum-wall-painting-still-life-with-food-herculaneum-iv-21-napoli-man-8647-02,Wall painting - still life with food - Herculaneum (IV 21) - Napoli MAN 8647 - 02,Roman,General / Decorative,Late Neronian / Early Flavian,,,Herculaneum,Campania,Naples National Archaeological Museum,40.80644,14.3481,approximate,https://commons.wikimedia.org/wiki/Special:FilePath/Wall_painting_-_still_life_with_food_-_Herculaneum_%28IV_21%29_-_Napoli_MAN_8647_-_02.jpg?width=400,ArchaiOptix,CC BY-SA 4.0,https://creativecommons.org/licenses/by-sa/4.0,https://commons.wikimedia.org/wiki/File:Wall_painting_-_still_life_with_food_-_Herculaneum_%28IV_21%29_-_Napoli_MAN_8647_-_02.jpg,,Wall painting - still life with food - Herculaneum (IV 21) - Napoli MAN 8647 - 02
herculaneum-wall-painting-zeus-and-eros-herculaneum-ins-or-ii-basilica-augusteum-napoli-man-9553,Wall painting - Zeus and Eros - Herculaneum (ins or II basilica-augusteum) - Napoli MAN 9553,Roman,General / Decorative,Late Neronian / Early Flavian,,,Herculaneum,Campania,Naples National Archaeological Museum,40.80683,14.3479,approximate,https://commons.wikimedia.org/wiki/Special:FilePath/Wall_painting_-_Zeus_and_Eros_-_Herculaneum_%28ins_or_II_basilica-augusteum%29_-_Napoli_MAN_9553.jpg?width=400,ArchaiOptix,CC BY-SA 4.0,https://creativecommons.org/licenses/by-sa/4.0,https://commons.wikimedia.org/wiki/File:Wall_painting_-_Zeus_and_Eros_-_Herculaneum_%28ins_or_II_basilica-augusteum%29_-_Napoli_MAN_9553.jpg,,Wall painting - Zeus and Eros - Herculaneum (ins or II basilica-augusteum) - Napoli MAN 9553
herculaneum-wall-painting-architecture-herculaneum-ins-or-ii-basilica-augusteum-napoli-man-8534,Wall painting - architecture - Herculaneum (ins or II basilica-augusteum) - Napoli MAN 8534,Roman,General / Decorative,Late Neronian / Early Flavian,,,Herculaneum,Campania,Naples National Archaeological Museum,40.80526,14.34607,approximate,https://commons.wikimedia.org/wiki/Special:FilePath/Wall_painting_-_architecture_-_Herculaneum_%28ins_or_II_basilica-augusteum%29_-_Napoli_MAN_8534.jpg?width=400,ArchaiOptix,CC BY-SA 4.0,https://creativecommons.org/licenses/by-sa/4.0,https://commons.wikimedia.org/wiki/File:Wall_painting_-_architecture_-_Herculaneum_%28ins_or_II_basilica-augusteum%29_-_Napoli_MAN_8534.jpg,,Wall painting - architecture - Herculaneum (ins or II basilica-augusteum) - Napoli MAN 8534
pompeii-wall-painting-death-of-ikaros-pompeii-napoli-man-9506,Wall painting - death of Ikaros - Pompeii - Napoli MAN 9506,Roman,General / Decorative,Late Neronian / Early Flavian,,,Pompeii,Campania,Naples National Archaeological Museum,40.752,14.48772,approximate,https://commons.wikimedia.org/wiki/Special:FilePath/Wall_painting_-_death_of_Ikaros_-_Pompeii_-_Napoli_MAN_9506.jpg?width=400,ArchaiOptix,CC BY-SA 4.0,https://creativecommons.org/licenses/by-sa/4.0,https://commons.wikimedia.org/wiki/File:Wall_painting_-_death_of_Ikaros_-_Pompeii_-_Napoli_MAN_9506.jpg,,Wall painting - death of Ikaros - Pompeii - Napoli MAN 9506
pompeii-wall-painting-three-still-lifes-with-fruit-and-glassware-pompeii-napoli-man-8645,Wall painting - three still lifes with fruit and glassware - Pompeii - Napoli MAN 8645,Roman,General / Decorative,Late Neronian / Early Flavian,,,Pompeii,Campania,Naples National Archaeological Museum,40.75007,14.48661,approximate,https://commons.wikimedia.org/wiki/Special:FilePath/Wall_painting_-_three_still_lifes_with_fruit_and_glassware_-_Pompeii_-_Napoli_MAN_8645.jpg?width=400,ArchaiOptix,CC BY-SA 4.0,https://creativecommons.org/licenses/by-sa/4.0,https://commons.wikimedia.org/wiki/File:Wall_painting_-_three_still_lifes_with_fruit_and_glassware_-_Pompeii_-_Napoli_MAN_8645.jpg,,Wall painting - three still lifes with fruit and glassware - Pompeii - Napoli MAN 8645
pompeii-wall-painting-still-life-with-hare-and-four-figs-pompeii-napoli-man-8630,Wall painting - still life with hare and four figs - Pompeii - Napoli MAN 8630,Roman,General / Decorative,Late Neronian / Early Flavian,,,Pompeii,Campania,Naples National Archaeological Museum,40.75178,14.48566,approximate,https://commons.wikimedia.org/wiki/Special:FilePath/Wall_painting_-_still_life_with_hare_and_four_figs_-_Pompeii_-_Napoli_MAN_8630.jpg?width=400,ArchaiOptix,CC BY-SA 4.0,https://creativecommons.org/licenses/by-sa/4.0,https://commons.wikimedia.org/wiki/File:Wall_painting_-_still_life_with_hare_and_four_figs_-_Pompeii_-_Napoli_MAN_8630.jpg,,Wall painting - still life with hare and four figs - Pompeii - Napoli MAN 8630
pompeii-wall-painting-satyr-and-maenad-flying-in-the-sky-pompeii-napoli-man-9135,Wall painting - satyr and maenad flying in the sky - Pompeii - Napoli MAN 9135,Roman,General / Decorative,Late Neronian / Early Flavian,,,Pompeii,Campania,Naples National Archaeological Museum,40.7517,14.4876,approximate,https://commons.wikimedia.org/wiki/Special:FilePath/Wall_painting_-_satyr_and_maenad_flying_in_the_sky_-_Pompeii_-_Napoli_MAN_9135.jpg?width=400,ArchaiOptix,CC BY-SA 4.0,https://creativecommons.org/licenses/by-sa/4.0,https://commons.wikimedia.org/wiki/File:Wall_painting_-_satyr_and_maenad_flying_in_the_sky_-_Pompeii_-_Napoli_MAN_9135.jpg,,Wall painting - satyr and maenad flying in the sky - Pompeii - Napoli MAN 9135
pompeii-wall-painting-satyr-surprising-maenad-pompeii-napoli-man-27693,Wall painting - satyr surprising maenad - Pompeii - Napoli MAN 27693,Roman,General / Decorative,Late Neronian / Early Flavian,,,Pompeii,Campania,Naples National Archaeological Museum,40.7494,14.48581,approximate,https://commons.wikimedia.org/wiki/Special:FilePath/Wall_painting_-_satyr_surprising_maenad_-_Pompeii_-_Napoli_MAN_27693.jpg?width=400,ArchaiOptix,CC BY-SA 4.0,https://creativecommons.org/licenses/by-sa/4.0,https://commons.wikimedia.org/wiki/File:Wall_painting_-_satyr_surprising_maenad_-_Pompeii_-_Napoli_MAN_27693.jpg,,Wall painting - satyr surprising maenad - Pompeii - Napoli MAN 27693
pompeii-wall-painting-satyr-approaching-a-sleeping-nymph-pompeii-napoli-man-27685,Wall painting - satyr approaching a sleeping nymph - Pompeii - Napoli MAN 27685,Roman,General / Decorative,Late Neronian / Early Flavian,,,Pompeii,Campania,Naples National Archaeological Museum,40.74963,14.48551,approximate,https://commons.wikimedia.org/wiki/Special:FilePath/Wall_painting_-_satyr_approaching_a_sleeping_nymph_-_Pompeii_-_Napoli_MAN_27685.jpg?width=400,ArchaiOptix,CC BY-SA 4.0,https://creativecommons.org/licenses/by-sa/4.0,https://commons.wikimedia.org/wiki/File:Wall_painting_-_satyr_approaching_a_sleeping_nymph_-_Pompeii_-_Napoli_MAN_27685.jpg,,Wall painting - satyr approaching a sleeping nymph - Pompeii - Napoli MAN 27685
pompeii-wall-painting-hermaphrodite-defending-himself-against-satyr-pompeii-napoli-man-27701,Wall painting - Hermaphrodite defending himself against satyr - Pompeii - Napoli MAN 27701,Roman,General / Decorative,Late Neronian / Early Flavian,,,Pompeii,Campania,Naples National Archaeological Museum,40.75078,14.48575,approximate,https://commons.wikimedia.org/wiki/Special:FilePath/Wall_painting_-_Hermaphrodite_defending_himself_against_satyr_-_Pompeii_-_Napoli_MAN_27701.jpg?width=400,ArchaiOptix,CC BY-SA 4.0,https://creativecommons.org/licenses/by-sa/4.0,https://commons.wikimedia.org/wiki/File:Wall_painting_-_Hermaphrodite_defending_himself_against_satyr_-_Pompeii_-_Napoli_MAN_27701.jpg,,Wall painting - Hermaphrodite defending himself against satyr - Pompeii - Napoli MAN 27701
pompeii-wall-painting-love-making-in-the-bedroom-pompeii-napoli-man-27696,Wall painting - love-making in the bedroom - Pompeii - Napoli MAN 27696,Roman,General / Decorative,Late Neronian / Early Flavian,,,Pompeii,Campania,Naples National Archaeological Museum,40.7512,14.48557,approximate,https://commons.wikimedia.org/wiki/Special:FilePath/Wall_painting_-_love-making_in_the_bedroom_-_Pompeii_-_Napoli_MAN_27696.jpg?width=400,ArchaiOptix,CC BY-SA 4.0,https://creativecommons.org/licenses/by-sa/4.0,https://commons.wikimedia.org/wiki/File:Wall_painting_-_love-making_in_the_bedroom_-_Pompeii_-_Napoli_MAN_27696.jpg,,Wall painting - love-making in the bedroom - Pompeii - Napoli MAN 27696
pompeii-wall-painting-apotropaic-figure-of-hermes-pompeii-napoli-man,Wall painting - apotropaic figure of Hermes - Pompeii - Napoli MAN,Roman,General / Decorative,Late Neronian / Early Flavian,,,Pompeii,Campania,Naples National Archaeological Museum,40.75033,14.48669,approximate,https://commons.wikimedia.org/wiki/Special:FilePath/Wall_painting_-_apotropaic_figure_of_Hermes_-_Pompeii_-_Napoli_MAN.jpg?width=400,ArchaiOptix,CC BY-SA 4.0,https://creativecommons.org/licenses/by-sa/4.0,https://commons.wikimedia.org/wiki/File:Wall_painting_-_apotropaic_figure_of_Hermes_-_Pompeii_-_Napoli_MAN.jpg,,Wall painting - apotropaic figure of Hermes - Pompeii - Napoli MAN
pompeii-wall-painting-two-men-and-a-woman-making-love-on-a-boat-on-the-nile-pompeii-napoli-man-27698,Wall painting - two men and a woman making love on a boat on the Nile - Pompeii - Napoli MAN 27698,Roman,General / Decorative,Late Neronian / Early Flavian,,,Pompeii,Campania,Naples National Archaeological Museum,40.75144,14.48713,approximate,https://commons.wikimedia.org/wiki/Special:FilePath/Wall_painting_-_two_men_and_a_woman_making_love_on_a_boat_on_the_Nile_-_Pompeii_-_Napoli_MAN_27698.jpg?width=400,ArchaiOptix,CC BY-SA 4.0,https://creativecommons.org/licenses/by-sa/4.0,https://commons.wikimedia.org/wiki/File:Wall_painting_-_two_men_and_a_woman_making_love_on_a_boat_on_the_Nile_-_Pompeii_-_Napoli_MAN_27698.jpg,,Wall painting - two men and a woman making love on a boat on the Nile - Pompeii - Napoli MAN 27698
pompeii-wall-painting-love-making-on-the-nile-pompeii-napoli-man-27702,Wall painting - love-making on the Nile - Pompeii - Napoli MAN 27702,Roman,General / Decorative,Late Neronian / Early Flavian,,,Pompeii,Campania,Naples National Archaeological Museum,40.75018,14.48605,approximate,https://commons.wikimedia.org/wiki/Special:FilePath/Wall_painting_-_love-making_on_the_Nile_-_Pompeii_-_Napoli_MAN_27702.jpg?width=400,ArchaiOptix,CC BY-SA 4.0,https://creativecommons.org/licenses/by-sa/4.0,https://commons.wikimedia.org/wiki/File:Wall_painting_-_love-making_on_the_Nile_-_Pompeii_-_Napoli_MAN_27702.jpg,,Wall painting - love-making on the Nile - Pompeii - Napoli MAN 27702
pompeii-wall-painting-still-lifes-and-landscapes-and-satyr-with-maenad-pompeii-ii-4-2-12-napoli-man-8598,Wall painting - still lifes and landscapes and satyr with maenad - Pompeii (II 4 2-12) - Napoli MAN 8598,Roman,Floral & Landscape,Late Neronian / Early Flavian,,,Pompeii,Campania,Naples National Archaeological Museum,40.74992,14.48701,approximate,https://commons.wikimedia.org/wiki/Special:FilePath/Wall_painting_-_still_lifes_and_landscapes_and_satyr_with_maenad_-_Pompeii_%28II_4_2-12%29_-_Napoli_MAN_8598.jpg?width=400,ArchaiOptix,CC BY-SA 4.0,https://creativecommons.org/licenses/by-sa/4.0,https://commons.wikimedia.org/wiki/File:Wall_painting_-_still_lifes_and_landscapes_and_satyr_with_maenad_-_Pompeii_%28II_4_2-12%29_-_Napoli_MAN_8598.jpg,,Wall painting - still lifes and landscapes and satyr with maenad - Pompeii (II 4 2-12) - Napoli MAN 8598
pompeii-wall-painting-still-lifes-with-food-pompeii-ii-4-2-12-napoli-man-8611,Wall painting - still lifes with food - Pompeii (II 4 2-12) - Napoli MAN 8611,Roman,General / Decorative,Late Neronian / Early Flavian,,,Pompeii,Campania,Naples National Archaeological Museum,40.75048,14.48729,approximate,https://commons.wikimedia.org/wiki/Special:FilePath/Wall_painting_-_still_lifes_with_food_-_Pompeii_%28II_4_2-12%29_-_Napoli_MAN_8611.jpg?width=400,ArchaiOptix,CC BY-SA 4.0,https://creativecommons.org/licenses/by-sa/4.0,https://commons.wikimedia.org/wiki/File:Wall_painting_-_still_lifes_with_food_-_Pompeii_%28II_4_2-12%29_-_Napoli_MAN_8611.jpg,,Wall painting - still lifes with food - Pompeii (II 4 2-12) - Napoli MAN 8611
pompeii-wall-painting-still-life-with-dionysiac-symbols-lying-on-steps-pompeii-ii-4-10-napoli-man-8795,Wall painting - still life with dionysiac symbols lying on steps - Pompeii (II 4 10) - Napoli MAN 8795,Roman,General / Decorative,Late Neronian / Early Flavian,,,Pompeii,Campania,Naples National Archaeological Museum,40.75134,14.48544,approximate,https://commons.wikimedia.org/wiki/Special:FilePath/Wall_painting_-_still_life_with_dionysiac_symbols_lying_on_steps_-_Pompeii_%28II_4_10%29_-_Napoli_MAN_8795.jpg?width=400,ArchaiOptix,CC BY-SA 4.0,https://creativecommons.org/licenses/by-sa/4.0,https://commons.wikimedia.org/wiki/File:Wall_painting_-_still_life_with_dionysiac_symbols_lying_on_steps_-_Pompeii_%28II_4_10%29_-_Napoli_MAN_8795.jpg,,Wall painting - still life with dionysiac symbols lying on steps - Pompeii (II 4 10) - Napoli MAN 8795
pompeii-wall-painting-banquet-scene-in-triclinium-pompeii-v-2-4-napoli-man-120031-01,Wall painting - banquet scene in triclinium - Pompeii (V 2 4) - Napoli MAN 120031 - 01,Roman,Human & Daily Life,Late Neronian / Early Flavian,,,Pompeii,Campania,Naples National Archaeological Museum,40.75023,14.48598,approximate,https://commons.wikimedia.org/wiki/Special:FilePath/Wall_painting_-_banquet_scene_in_triclinium_-_Pompeii_%28V_2_4%29_-_Napoli_MAN_120031_-_01.jpg?width=400,ArchaiOptix,CC BY-SA 4.0,https://creativecommons.org/licenses/by-sa/4.0,https://commons.wikimedia.org/wiki/File:Wall_painting_-_banquet_scene_in_triclinium_-_Pompeii_%28V_2_4%29_-_Napoli_MAN_120031_-_01.jpg,,Wall painting - banquet scene in triclinium - Pompeii (V 2 4) - Napoli MAN 120031 - 01
pompeii-wall-painting-banquet-scene-in-triclinium-pompeii-v-2-4-napoli-man-120031-02,Wall painting - banquet scene in triclinium - Pompeii (V 2 4) - Napoli MAN 120031 - 02,Roman,Human & Daily Life,Late Neronian / Early Flavian,,,Pompeii,Campania,Naples National Archaeological Museum,40.75132,14.48677,approximate,https://commons.wikimedia.org/wiki/Special:FilePath/Wall_painting_-_banquet_scene_in_triclinium_-_Pompeii_%28V_2_4%29_-_Napoli_MAN_120031_-_02.jpg?width=400,ArchaiOptix,CC BY-SA 4.0,https://creativecommons.org/licenses/by-sa/4.0,https://commons.wikimedia.org/wiki/File:Wall_painting_-_banquet_scene_in_triclinium_-_Pompeii_%28V_2_4%29_-_Napoli_MAN_120031_-_02.jpg,,Wall painting - banquet scene in triclinium - Pompeii (V 2 4) - Napoli MAN 120031 - 02
pompeii-wall-painting-banquet-scene-in-triclinium-pompeii-v-2-4-napoli-man-120031-03,Wall painting - banquet scene in triclinium - Pompeii (V 2 4) - Napoli MAN 120031 - 03,Roman,Human & Daily Life,Late Neronian / Early Flavian,,,Pompeii,Campania,Naples National Archaeological Museum,40.75068,14.48559,approximate,https://commons.wikimedia.org/wiki/Special:FilePath/Wall_painting_-_banquet_scene_in_triclinium_-_Pompeii_%28V_2_4%29_-_Napoli_MAN_120031_-_03.jpg?width=400,ArchaiOptix,CC BY-SA 4.0,https://creativecommons.org/licenses/by-sa/4.0,https://commons.wikimedia.org/wiki/File:Wall_painting_-_banquet_scene_in_triclinium_-_Pompeii_%28V_2_4%29_-_Napoli_MAN_120031_-_03.jpg,,Wall painting - banquet scene in triclinium - Pompeii (V 2 4) - Napoli MAN 120031 - 03
pompeii-wall-painting-fantastic-architecture-with-picture-of-narkissos-pompeii-vi-1-7-napoli-man-9701,Wall painting - fantastic architecture with picture of Narkissos - Pompeii (VI 1 7) - Napoli MAN 9701,Roman,General / Decorative,Late Neronian / Early Flavian,,,Pompeii,Campania,Naples National Archaeological Museum,40.75152,14.48773,approximate,https://commons.wikimedia.org/wiki/Special:FilePath/Wall_painting_-_phantastic_architecture_with_picture_of_Narkissos_-_Pompeii_%28VI_1_7%29_-_Napoli_MAN_9701.jpg?width=400,ArchaiOptix,CC BY-SA 4.0,https://creativecommons.org/licenses/by-sa/4.0,https://commons.wikimedia.org/wiki/File:Wall_painting_-_phantastic_architecture_with_picture_of_Narkissos_-_Pompeii_%28VI_1_7%29_-_Napoli_MAN_9701.jpg,,Wall painting - fantastic architecture with picture of Narkissos - Pompeii (VI 1 7) - Napoli MAN 9701
pompeii-wall-painting-herdsman-in-idyllic-landscape-pompeii-vi-1-7-napoli-man-9488,Wall painting - herdsman in idyllic landscape - Pompeii (VI 1 7) - Napoli MAN 9488,Roman,Floral & Landscape,Late Neronian / Early Flavian,,,Pompeii,Campania,Naples National Archaeological Museum,40.75121,14.48653,approximate,https://commons.wikimedia.org/wiki/Special:FilePath/Wall_painting_-_herdsman_in_idyllic_landscape_-_Pompeii_%28VI_1_7%29_-_Napoli_MAN_9488.jpg?width=400,ArchaiOptix,CC BY-SA 4.0,https://creativecommons.org/licenses/by-sa/4.0,https://commons.wikimedia.org/wiki/File:Wall_painting_-_herdsman_in_idyllic_landscape_-_Pompeii_%28VI_1_7%29_-_Napoli_MAN_9488.jpg,,Wall painting - herdsman in idyllic landscape - Pompeii (VI 1 7) - Napoli MAN 9488
pompeii-wall-painting-female-painter-pompeii-vi-1-10-napoli-man-9018,Wall painting - female painter - Pompeii (VI 1 10) - Napoli MAN 9018,Roman,General / Decorative,Late Neronian / Early Flavian,,,Pompeii,Campania,Naples National Archaeological Museum,40.75084,14.48709,approximate,https://commons.wikimedia.org/wiki/Special:FilePath/Wall_painting_-_female_painter_-_Pompeii_%28VI_1_10%29_-_Napoli_MAN_9018.jpg?width=400,ArchaiOptix,CC BY-SA 4.0,https://creativecommons.org/licenses/by-sa/4.0,https://commons.wikimedia.org/wiki/File:Wall_painting_-_female_painter_-_Pompeii_%28VI_1_10%29_-_Napoli_MAN_9018.jpg,,Wall painting - female painter - Pompeii (VI 1 10) - Napoli MAN 9018
pompeii-wall-painting-snake-and-inscription-pompeii-vi-7-6-napoli-man-4694,Wall painting - snake and inscription - Pompeii (VI 7 6) - Napoli MAN 4694,Roman,General / Decorative,Late Neronian / Early Flavian,,,Pompeii,Campania,Naples National Archaeological Museum,40.74944,14.48558,approximate,https://commons.wikimedia.org/wiki/Special:FilePath/Wall_painting_-_snake_and_inscription_-_Pompeii_%28VI_7_6%29_-_Napoli_MAN_4694.jpg?width=400,ArchaiOptix,CC BY-SA 4.0,https://creativecommons.org/licenses/by-sa/4.0,https://commons.wikimedia.org/wiki/File:Wall_painting_-_snake_and_inscription_-_Pompeii_%28VI_7_6%29_-_Napoli_MAN_4694.jpg,,Wall painting - snake and inscription - Pompeii (VI 7 6) - Napoli MAN 4694
pompeii-wall-painting-woman-helena-or-chryseis-boarding-a-ship-pompeii-vi-8-3-5-napoli-man-9108,Wall painting - woman (Helena or Chryseis) boarding a ship - Pompeii (VI 8 3-5) - Napoli MAN 9108,Roman,General / Decorative,Late Neronian / Early Flavian,,,Pompeii,Campania,Naples National Archaeological Museum,40.7515,14.48611,approximate,https://commons.wikimedia.org/wiki/Special:FilePath/Wall_painting_-_woman_%28Helena_or_Chryseis%29_boarding_a_ship_-_Pompeii_%28VI_8_3-5%29_-_Napoli_MAN_9108.jpg?width=400,ArchaiOptix,CC BY-SA 4.0,https://creativecommons.org/licenses/by-sa/4.0,https://commons.wikimedia.org/wiki/File:Wall_painting_-_woman_%28Helena_or_Chryseis%29_boarding_a_ship_-_Pompeii_%28VI_8_3-5%29_-_Napoli_MAN_9108.jpg,,Wall painting - woman (Helena or Chryseis) boarding a ship - Pompeii (VI 8 3-5) - Napoli MAN 9108
pompeii-wall-painting-briseis-taken-away-from-achilles-pompeii-vi-8-3-5-napoli-man-9105-01,Wall painting - Briseis taken away from Achilles - Pompeii (VI 8 3-5) - Napoli MAN 9105 - 01,Roman,General / Decorative,Late Neronian / Early Flavian,,,Pompeii,Campania,Naples National Archaeological Museum,40.75184,14.48574,approximate,https://commons.wikimedia.org/wiki/Special:FilePath/Wall_painting_-_Briseis_taken_away_from_Achilles_-_Pompeii_%28VI_8_5%29_-_Napoli_MAN_9105_-_01.jpg?width=400,ArchaiOptix,CC BY-SA 4.0,https://creativecommons.org/licenses/by-sa/4.0,https://commons.wikimedia.org/wiki/File:Wall_painting_-_Briseis_taken_away_from_Achilles_-_Pompeii_%28VI_8_5%29_-_Napoli_MAN_9105_-_01.jpg,,Wall painting - Briseis taken away from Achilles - Pompeii (VI 8 3-5) - Napoli MAN 9105 - 01
pompeii-wall-painting-briseis-taken-away-from-achilles-pompeii-vi-8-3-5-napoli-man-9105-02,Wall painting - Briseis taken away from Achilles - Pompeii (VI 8 3-5) - Napoli MAN 9105 - 02,Roman,General / Decorative,Late Neronian / Early Flavian,,,Pompeii,Campania,Naples National Archaeological Museum,40.75084,14.48719,approximate,https://commons.wikimedia.org/wiki/Special:FilePath/Wall_painting_-_Briseis_taken_away_from_Achilles_-_Pompeii_%28VI_8_5%29_-_Napoli_MAN_9105_-_02.jpg?width=400,ArchaiOptix,CC BY-SA 4.0,https://creativecommons.org/licenses/by-sa/4.0,https://commons.wikimedia.org/wiki/File:Wall_painting_-_Briseis_taken_away_from_Achilles_-_Pompeii_%28VI_8_5%29_-_Napoli_MAN_9105_-_02.jpg,,Wall painting - Briseis taken away from Achilles - Pompeii (VI 8 3-5) - Napoli MAN 9105 - 02
pompeii-wall-painting-briseis-taken-away-from-achilles-pompeii-vi-8-3-5-napoli-man-9105-03,Wall painting - Briseis taken away from Achilles - Pompeii (VI 8 3-5) - Napoli MAN 9105 - 03,Roman,General / Decorative,Late Neronian / Early Flavian,,,Pompeii,Campania,Naples National Archaeological Museum,40.75021,14.4853,approximate,https://commons.wikimedia.org/wiki/Special:FilePath/Wall_painting_-_Briseis_taken_away_from_Achilles_-_Pompeii_%28VI_8_5%29_-_Napoli_MAN_9105_-_03.jpg?width=400,ArchaiOptix,CC BY-SA 4.0,https://creativecommons.org/licenses/by-sa/4.0,https://commons.wikimedia.org/wiki/File:Wall_painting_-_Briseis_taken_away_from_Achilles_-_Pompeii_%28VI_8_5%29_-_Napoli_MAN_9105_-_03.jpg,,Wall painting - Briseis taken away from Achilles - Pompeii (VI 8 3-5) - Napoli MAN 9105 - 03
pompeii-wall-painting-wedding-of-zeus-and-hera-pompeii-vi-8-3-5-napoli-man-9559-01,Wall painting - wedding of Zeus and Hera - Pompeii (VI 8 3-5) - Napoli MAN 9559 - 01,Roman,General / Decorative,Late Neronian / Early Flavian,,,Pompeii,Campania,Naples National Archaeological Museum,40.7522,14.48526,approximate,https://commons.wikimedia.org/wiki/Special:FilePath/Wall_painting_-_wedding_of_Zeus_and_Hera_-_Pompeii_%28VI_8_3%29_-_Napoli_MAN_9559_-_01.jpg?width=400,ArchaiOptix,CC BY-SA 4.0,https://creativecommons.org/licenses/by-sa/4.0,https://commons.wikimedia.org/wiki/File:Wall_painting_-_wedding_of_Zeus_and_Hera_-_Pompeii_%28VI_8_3%29_-_Napoli_MAN_9559_-_01.jpg,,Wall painting - wedding of Zeus and Hera - Pompeii (VI 8 3-5) - Napoli MAN 9559 - 01
pompeii-wall-painting-wedding-of-zeus-and-hera-pompeii-vi-8-3-5-napoli-man-9559-02,Wall painting - wedding of Zeus and Hera - Pompeii (VI 8 3-5) - Napoli MAN 9559 - 02,Roman,General / Decorative,Late Neronian / Early Flavian,,,Pompeii,Campania,Naples National Archaeological Museum,40.75013,14.48808,approximate,https://commons.wikimedia.org/wiki/Special:FilePath/Wall_painting_-_wedding_of_Zeus_and_Hera_-_Pompeii_%28VI_8_3%29_-_Napoli_MAN_9559_-_02.jpg?width=400,ArchaiOptix,CC BY-SA 4.0,https://creativecommons.org/licenses/by-sa/4.0,https://commons.wikimedia.org/wiki/File:Wall_painting_-_wedding_of_Zeus_and_Hera_-_Pompeii_%28VI_8_3%29_-_Napoli_MAN_9559_-_02.jpg,,Wall painting - wedding of Zeus and Hera - Pompeii (VI 8 3-5) - Napoli MAN 9559 - 02
pompeii-wall-painting-sacrifice-of-iphigenia-pompeii-vi-8-3-5-napoli-man-9112-01,Wall painting - sacrifice of Iphigenia - Pompeii (VI 8 3-5) - Napoli MAN 9112 - 01,Roman,General / Decorative,Late Neronian / Early Flavian,,,Pompeii,Campania,Naples National Archaeological Museum,40.75149,14.48691,approximate,https://commons.wikimedia.org/wiki/Special:FilePath/Wall_painting_-_sacrifice_of_Iphigenia_-_Pompeii_%28VI_8_5%29_-_Napoli_MAN_9112_-_01.jpg?width=400,ArchaiOptix,CC BY-SA 4.0,https://creativecommons.org/licenses/by-sa/4.0,https://commons.wikimedia.org/wiki/File:Wall_painting_-_sacrifice_of_Iphigenia_-_Pompeii_%28VI_8_5%29_-_Napoli_MAN_9112_-_01.jpg,,Wall painting - sacrifice of Iphigenia - Pompeii (VI 8 3-5) - Napoli MAN 9112 - 01
pompeii-wall-painting-sacrifice-of-iphigenia-pompeii-vi-8-3-5-napoli-man-9112-02,Wall painting - sacrifice of Iphigenia - Pompeii (VI 8 3-5) - Napoli MAN 9112 - 02,Roman,General / Decorative,Late Neronian / Early Flavian,,,Pompeii,Campania,Naples National Archaeological Museum,40.7502,14.48773,approximate,https://commons.wikimedia.org/wiki/Special:FilePath/Wall_painting_-_sacrifice_of_Iphigenia_-_Pompeii_%28VI_8_5%29_-_Napoli_MAN_9112_-_02.jpg?width=400,ArchaiOptix,CC BY-SA 4.0,https://creativecommons.org/licenses/by-sa/4.0,https://commons.wikimedia.org/wiki/File:Wall_painting_-_sacrifice_of_Iphigenia_-_Pompeii_%28VI_8_5%29_-_Napoli_MAN_9112_-_02.jpg,,Wall painting - sacrifice of Iphigenia - Pompeii (VI 8 3-5) - Napoli MAN 9112 - 02
pompeii-wall-painting-sacrifice-of-iphigenia-pompeii-vi-8-3-5-napoli-man-9112-03,Wall painting - sacrifice of Iphigenia - Pompeii (VI 8 3-5) - Napoli MAN 9112 - 03,Roman,General / Decorative,Late Neronian / Early Flavian,,,Pompeii,Campania,Naples National Archaeological Museum,40.74939,14.48562,approximate,https://commons.wikimedia.org/wiki/Special:FilePath/Wall_painting_-_sacrifice_of_Iphigenia_-_Pompeii_%28VI_8_5%29_-_Napoli_MAN_9112_-_03.jpg?width=400,ArchaiOptix,CC BY-SA 4.0,https://creativecommons.org/licenses/by-sa/4.0,https://commons.wikimedia.org/wiki/File:Wall_painting_-_sacrifice_of_Iphigenia_-_Pompeii_%28VI_8_5%29_-_Napoli_MAN_9112_-_03.jpg,,Wall painting - sacrifice of Iphigenia - Pompeii (VI 8 3-5) - Napoli MAN 9112 - 03
pompeii-wall-painting-sacrifice-of-iphigenia-pompeii-vi-8-3-5-napoli-man-9112-04,Wall painting - sacrifice of Iphigenia - Pompeii (VI 8 3-5) - Napoli MAN 9112 - 04,Roman,General / Decorative,Late Neronian / Early Flavian,,,Pompeii,Campania,Naples National Archaeological Museum,40.74949,14.48659,approximate,https://commons.wikimedia.org/wiki/Special:FilePath/Wall_painting_-_sacrifice_of_Iphigenia_-_Pompeii_%28VI_8_5%29_-_Napoli_MAN_9112_-_04.jpg?width=400,ArchaiOptix,CC BY-SA 4.0,https://creativecommons.org/licenses/by-sa/4.0,https://commons.wikimedia.org/wiki/File:Wall_painting_-_sacrifice_of_Iphigenia_-_Pompeii_%28VI_8_5%29_-_Napoli_MAN_9112_-_04.jpg,,Wall painting - sacrifice of Iphigenia - Pompeii (VI 8 3-5) - Napoli MAN 9112 - 04
pompeii-wall-painting-man-on-throne-with-maid-and-mistress-pompeii-vi-9-2-napoli-man-9543,Wall painting - man on throne with maid and mistress - Pompeii (VI 9 2) - Napoli MAN 9543,Roman,General / Decorative,Late Neronian / Early Flavian,,,Pompeii,Campania,Naples National Archaeological Museum,40.75091,14.48556,approximate,https://commons.wikimedia.org/wiki/Special:FilePath/Wall_painting_-_man_on_throne_with_maid_and_mistress_-_Pompeii_%28VI_9_2%29_-_Napoli_MAN_9543.jpg?width=400,ArchaiOptix,CC BY-SA 4.0,https://creativecommons.org/licenses/by-sa/4.0,https://commons.wikimedia.org/wiki/File:Wall_painting_-_man_on_throne_with_maid_and_mistress_-_Pompeii_%28VI_9_2%29_-_Napoli_MAN_9543.jpg,,Wall painting - man on throne with maid and mistress - Pompeii (VI 9 2) - Napoli MAN 9543
pompeii-wall-painting-ares-and-aphrodite-pompeii-vi-9-2-napoli-man-9250,Wall painting - Ares and Aphrodite - Pompeii (VI 9 2)- Napoli MAN 9250,Roman,General / Decorative,Late Neronian / Early Flavian,,,Pompeii,Campania,Naples National Archaeological Museum,40.74991,14.48805,approximate,https://commons.wikimedia.org/wiki/Special:FilePath/Wall_painting_-_Ares_and_Aphrodite_-_Pompeii_%28VI_9_2%29-_Napoli_MAN_9250.jpg?width=400,ArchaiOptix,CC BY-SA 4.0,https://creativecommons.org/licenses/by-sa/4.0,https://commons.wikimedia.org/wiki/File:Wall_painting_-_Ares_and_Aphrodite_-_Pompeii_%28VI_9_2%29-_Napoli_MAN_9250.jpg,,Wall painting - Ares and Aphrodite - Pompeii (VI 9 2)- Napoli MAN 9250
pompeii-painted-stucco-relief-woman-appearing-in-the-door-of-an-architecture-pompeii-vi-9-2-napoli-man-9595,Painted stucco relief - woman appearing in the door of an architecture - Pompeii (VI 9 2) - Napoli MAN 9595,Roman,General / Decorative,Late Neronian / Early Flavian,,,Pompeii,Campania,Naples National Archaeological Museum,40.7521,14.4853,approximate,https://commons.wikimedia.org/wiki/Special:FilePath/Painted_stucco_relief_-_woman_appearing_in_the_door_of_an_architecture_-_Pompeii_%28VI_9_2%29_-_Napoli_MAN_9595.jpg?width=400,ArchaiOptix,CC BY-SA 4.0,https://creativecommons.org/licenses/by-sa/4.0,https://commons.wikimedia.org/wiki/File:Painted_stucco_relief_-_woman_appearing_in_the_door_of_an_architecture_-_Pompeii_%28VI_9_2%29_-_Napoli_MAN_9595.jpg,,Painted stucco relief - woman appearing in the door of an architecture - Pompeii (VI 9 2) - Napoli MAN 9595
pompeii-painted-stucco-relief-architecture-with-aedicula-and-pictures-pompeii-vi-9-2-napoli-man-9596,Painted stucco relief - architecture with aedicula and pictures - Pompeii (VI 9 2) - Napoli MAN 9596,Roman,General / Decorative,Late Neronian / Early Flavian,,,Pompeii,Campania,Naples National Archaeological Museum,40.75046,14.48711,approximate,https://commons.wikimedia.org/wiki/Special:FilePath/Painted_stucco_relief_-_architecture_with_aedicula_and_pictures_-_Pompeii_%28VI_9_2%29_-_Napoli_MAN_9596.jpg?width=400,ArchaiOptix,CC BY-SA 4.0,https://creativecommons.org/licenses/by-sa/4.0,https://commons.wikimedia.org/wiki/File:Painted_stucco_relief_-_architecture_with_aedicula_and_pictures_-_Pompeii_%28VI_9_2%29_-_Napoli_MAN_9596.jpg,,Painted stucco relief - architecture with aedicula and pictures - Pompeii (VI 9 2) - Napoli MAN 9596
pompeii-painted-stucco-relief-architecture-with-aediculae-and-pictures-pompeii-vi-9-2-napoli-man-9625,Painted stucco relief - architecture with aediculae and pictures - Pompeii (VI 9 2) - Napoli MAN 9625,Roman,General / Decorative,Late Neronian / Early Flavian,,,Pompeii,Campania,Naples National Archaeological Museum,40.75098,14.48655,approximate,https://commons.wikimedia.org/wiki/Special:FilePath/Painted_stucco_relief_-_architecture_with_aediculae_and_pictures_-_Pompeii_%28VI_9_2%29_-_Napoli_MAN_9625.jpg?width=400,ArchaiOptix,CC BY-SA 4.0,https://creativecommons.org/licenses/by-sa/4.0,https://commons.wikimedia.org/wiki/File:Painted_stucco_relief_-_architecture_with_aediculae_and_pictures_-_Pompeii_%28VI_9_2%29_-_Napoli_MAN_9625.jpg,,Painted stucco relief - architecture with aediculae and pictures - Pompeii (VI 9 2) - Napoli MAN 9625
pompeii-wall-painting-pan-and-hermaphrodite-pompeii-vi-9-6-napoli-man-27700,Wall painting - Pan and Hermaphrodite - Pompeii (VI 9 6) - Napoli MAN 27700,Roman,General / Decorative,Late Neronian / Early Flavian,,,Pompeii,Campania,Naples National Archaeological Museum,40.75081,14.48706,approximate,https://commons.wikimedia.org/wiki/Special:FilePath/Wall_painting_-_Pan_and_Hermaphrodite_-_Pompeii_%28VI_9_6%29_-_Napoli_MAN_27700.jpg?width=400,ArchaiOptix,CC BY-SA 4.0,https://creativecommons.org/licenses/by-sa/4.0,https://commons.wikimedia.org/wiki/File:Wall_painting_-_Pan_and_Hermaphrodite_-_Pompeii_%28VI_9_6%29_-_Napoli_MAN_27700.jpg,,Wall painting - Pan and Hermaphrodite - Pompeii (VI 9 6) - Napoli MAN 27700
pompeii-wall-painting-zeus-crowned-by-nike-pompeii-vi-9-6-napoli-man-9551,Wall painting - Zeus crowned by Nike - Pompeii (VI 9 6) - Napoli MAN 9551,Roman,General / Decorative,Late Neronian / Early Flavian,,,Pompeii,Campania,Naples National Archaeological Museum,40.75196,14.48514,approximate,https://commons.wikimedia.org/wiki/Special:FilePath/Wall_painting_-_Zeus_crowned_by_Nike_-_Pompeii_%28VI_9_6%29_-_Napoli_MAN_9551.jpg?width=400,ArchaiOptix,CC BY-SA 4.0,https://creativecommons.org/licenses/by-sa/4.0,https://commons.wikimedia.org/wiki/File:Wall_painting_-_Zeus_crowned_by_Nike_-_Pompeii_%28VI_9_6%29_-_Napoli_MAN_9551.jpg,,Wall painting - Zeus crowned by Nike - Pompeii (VI 9 6) - Napoli MAN 9551
pompeii-wall-painting-selene-and-endymion-pompeii-vi-9-6-7-napoli-man-9240,Wall painting - Selene and Endymion - Pompeii (VI 9 6-7) - Napoli MAN 9240,Roman,General / Decorative,Late Neronian / Early Flavian,,,Pompeii,Campania,Naples National Archaeological Museum,40.74993,14.48727,approximate,https://commons.wikimedia.org/wiki/Special:FilePath/Wall_painting_-_Selene_and_Endymion_-_Pompeii_%28VI_9_6-7%29_-_Napoli_MAN_9240.jpg?width=400,ArchaiOptix,CC BY-SA 4.0,https://creativecommons.org/licenses/by-sa/4.0,https://commons.wikimedia.org/wiki/File:Wall_painting_-_Selene_and_Endymion_-_Pompeii_%28VI_9_6-7%29_-_Napoli_MAN_9240.jpg,,Wall painting - Selene and Endymion - Pompeii (VI 9 6-7) - Napoli MAN 9240
pompeii-wall-painting-odysseus-discovering-achilles-on-skyros-pompeii-vi-9-6-napoli-man-9110,Wall painting - Odysseus discovering Achilles on Skyros - Pompeii (VI 9 6) - Napoli MAN 9110,Roman,General / Decorative,Late Neronian / Early Flavian,,,Pompeii,Campania,Naples National Archaeological Museum,40.75141,14.48536,approximate,https://commons.wikimedia.org/wiki/Special:FilePath/Wall_painting_-_Odysseus_discovering_Achilles_on_Skyros_-_Pompeii_%28VI_9_6%29_-_Napoli_MAN_9110.jpg?width=400,ArchaiOptix,CC BY-SA 4.0,https://creativecommons.org/licenses/by-sa/4.0,https://commons.wikimedia.org/wiki/File:Wall_painting_-_Odysseus_discovering_Achilles_on_Skyros_-_Pompeii_%28VI_9_6%29_-_Napoli_MAN_9110.jpg,,Wall painting - Odysseus discovering Achilles on Skyros - Pompeii (VI 9 6) - Napoli MAN 9110
pompeii-wall-painting-achilles-restrained-by-athena-pompeii-vi-9-6-7-napoli-man-9104,Wall painting - Achilles restrained by Athena - Pompeii (VI 9 6-7) - Napoli MAN 9104,Roman,General / Decorative,Late Neronian / Early Flavian,,,Pompeii,Campania,Naples National Archaeological Museum,40.74978,14.48777,approximate,https://commons.wikimedia.org/wiki/Special:FilePath/Wall_painting_-_Achilles_restrained_by_Athena_-_Pompeii_%28VI_9_6-7%29_-_Napoli_MAN_9104.jpg?width=400,ArchaiOptix,CC BY-SA 4.0,https://creativecommons.org/licenses/by-sa/4.0,https://commons.wikimedia.org/wiki/File:Wall_painting_-_Achilles_restrained_by_Athena_-_Pompeii_%28VI_9_6-7%29_-_Napoli_MAN_9104.jpg,,Wall painting - Achilles restrained by Athena - Pompeii (VI 9 6-7) - Napoli MAN 9104
pompeii-wall-painting-perseus-freeing-andromeda-pompeii-vi-9-6-napoli-man-8998-01,Wall painting - Perseus freeing Andromeda - Pompeii (VI 9 6) - Napoli MAN 8998 - 01,Roman,General / Decorative,Late Neronian / Early Flavian,,,Pompeii,Campania,Naples National Archaeological Museum,40.75088,14.48649,approximate,https://commons.wikimedia.org/wiki/Special:FilePath/Wall_painting_-_Perseus_freeing_Andromeda_-_Pompeii_%28VI_9_6%29_-_Napoli_MAN_8998_-_01.jpg?width=400,ArchaiOptix,CC BY-SA 4.0,https://creativecommons.org/licenses/by-sa/4.0,https://commons.wikimedia.org/wiki/File:Wall_painting_-_Perseus_freeing_Andromeda_-_Pompeii_%28VI_9_6%29_-_Napoli_MAN_8998_-_01.jpg,,Wall painting - Perseus freeing Andromeda - Pompeii (VI 9 6) - Napoli MAN 8998 - 01
pompeii-wall-painting-perseus-freeing-andromeda-pompeii-vi-9-6-napoli-man-8998-02,Wall painting - Perseus freeing Andromeda - Pompeii (VI 9 6) - Napoli MAN 8998 - 02,Roman,General / Decorative,Late Neronian / Early Flavian,,,Pompeii,Campania,Naples National Archaeological Museum,40.74951,14.48666,approximate,https://commons.wikimedia.org/wiki/Special:FilePath/Wall_painting_-_Perseus_freeing_Andromeda_-_Pompeii_%28VI_9_6%29_-_Napoli_MAN_8998_-_02.jpg?width=400,ArchaiOptix,CC BY-SA 4.0,https://creativecommons.org/licenses/by-sa/4.0,https://commons.wikimedia.org/wiki/File:Wall_painting_-_Perseus_freeing_Andromeda_-_Pompeii_%28VI_9_6%29_-_Napoli_MAN_8998_-_02.jpg,,Wall painting - Perseus freeing Andromeda - Pompeii (VI 9 6) - Napoli MAN 8998 - 02
pompeii-wall-painting-perseus-freeing-andromeda-pompeii-vi-9-6-napoli-man-8998-03,Wall painting - Perseus freeing Andromeda - Pompeii (VI 9 6) - Napoli MAN 8998 - 03,Roman,General / Decorative,Late Neronian / Early Flavian,,,Pompeii,Campania,Naples National Archaeological Museum,40.75021,14.48527,approximate,https://commons.wikimedia.org/wiki/Special:FilePath/Wall_painting_-_Perseus_freeing_Andromeda_-_Pompeii_%28VI_9_6%29_-_Napoli_MAN_8998_-_03.jpg?width=400,ArchaiOptix,CC BY-SA 4.0,https://creativecommons.org/licenses/by-sa/4.0,https://commons.wikimedia.org/wiki/File:Wall_painting_-_Perseus_freeing_Andromeda_-_Pompeii_%28VI_9_6%29_-_Napoli_MAN_8998_-_03.jpg,,Wall painting - Perseus freeing Andromeda - Pompeii (VI 9 6) - Napoli MAN 8998 - 03
pompeii-wall-painting-death-of-the-niobids-around-the-delphic-tripod-pompeii-vi-9-6-napoli-man-9302,Wall painting - death of the Niobids around the delphic tripod - Pompeii (VI 9 6) - Napoli MAN 9302,Roman,General / Decorative,Late Neronian / Early Flavian,,,Pompeii,Campania,Naples National Archaeological Museum,40.74984,14.48717,approximate,https://commons.wikimedia.org/wiki/Special:FilePath/Wall_painting_-_death_of_the_Niobids_around_the_delphic_tripod_-_Pompeii_%28VI_9_6%29_-_Napoli_MAN_9302.jpg?width=400,ArchaiOptix,CC BY-SA 4.0,https://creativecommons.org/licenses/by-sa/4.0,https://commons.wikimedia.org/wiki/File:Wall_painting_-_death_of_the_Niobids_around_the_delphic_tripod_-_Pompeii_%28VI_9_6%29_-_Napoli_MAN_9302.jpg,,Wall painting - death of the Niobids around the delphic tripod - Pompeii (VI 9 6) - Napoli MAN 9302
pompeii-wall-painting-death-of-the-niobids-around-the-delphic-tripod-pompeii-vi-9-6-napoli-man-9304,Wall painting - death of the Niobids around the delphic tripod - Pompeii (VI 9 6) - Napoli MAN 9304,Roman,General / Decorative,Late Neronian / Early Flavian,,,Pompeii,Campania,Naples National Archaeological Museum,40.74986,14.48559,approximate,https://commons.wikimedia.org/wiki/Special:FilePath/Wall_painting_-_death_of_the_Niobids_around_the_delphic_tripod_-_Pompeii_%28VI_9_6%29_-_Napoli_MAN_9304.jpg?width=400,ArchaiOptix,CC BY-SA 4.0,https://creativecommons.org/licenses/by-sa/4.0,https://commons.wikimedia.org/wiki/File:Wall_painting_-_death_of_the_Niobids_around_the_delphic_tripod_-_Pompeii_%28VI_9_6%29_-_Napoli_MAN_9304.jpg,,Wall painting - death of the Niobids around the delphic tripod - Pompeii (VI 9 6) - Napoli MAN 9304
pompeii-wall-painting-scenes-around-the-pub-pompeii-vi-14-35-36-napoli-man-111482-01,Wall painting - scenes around the pub - Pompeii (VI 14 35-36) - Napoli MAN 111482 - 01,Roman,General / Decorative,Late Neronian / Early Flavian,,,Pompeii,Campania,Naples National Archaeological Museum,40.74979,14.48521,approximate,https://commons.wikimedia.org/wiki/Special:FilePath/Wall_painting_-_scenes_around_the_pub_-_Pompeii_%28VI_14_35-36%29_-_Napoli_MAN_111482_-_01.jpg?width=400,ArchaiOptix,CC BY-SA 4.0,https://creativecommons.org/licenses/by-sa/4.0,https://commons.wikimedia.org/wiki/File:Wall_painting_-_scenes_around_the_pub_-_Pompeii_%28VI_14_35-36%29_-_Napoli_MAN_111482_-_01.jpg,,Wall painting - scenes around the pub - Pompeii (VI 14 35-36) - Napoli MAN 111482 - 01
pompeii-wall-painting-scenes-around-the-pub-pompeii-vi-14-35-36-napoli-man-111482-02,Wall painting - scenes around the pub - Pompeii (VI 14 35-36) - Napoli MAN 111482 - 02,Roman,General / Decorative,Late Neronian / Early Flavian,,,Pompeii,Campania,Naples National Archaeological Museum,40.75012,14.48643,approximate,https://commons.wikimedia.org/wiki/Special:FilePath/Wall_painting_-_scenes_around_the_pub_-_Pompeii_%28VI_14_35-36%29_-_Napoli_MAN_111482_-_02.jpg?width=400,ArchaiOptix,CC BY-SA 4.0,https://creativecommons.org/licenses/by-sa/4.0,https://commons.wikimedia.org/wiki/File:Wall_painting_-_scenes_around_the_pub_-_Pompeii_%28VI_14_35-36%29_-_Napoli_MAN_111482_-_02.jpg,,Wall painting - scenes around the pub - Pompeii (VI 14 35-36) - Napoli MAN 111482 - 02
pompeii-wall-painting-scenes-around-the-pub-pompeii-vi-14-35-36-napoli-man-111482-03,Wall painting - scenes around the pub - Pompeii (VI 14 35-36) - Napoli MAN 111482 - 03,Roman,General / Decorative,Late Neronian / Early Flavian,,,Pompeii,Campania,Naples National Archaeological Museum,40.75,14.48741,approximate,https://commons.wikimedia.org/wiki/Special:FilePath/Wall_painting_-_scenes_around_the_pub_-_Pompeii_%28VI_14_35-36%29_-_Napoli_MAN_111482_-_03.jpg?width=400,ArchaiOptix,CC BY-SA 4.0,https://creativecommons.org/licenses/by-sa/4.0,https://commons.wikimedia.org/wiki/File:Wall_painting_-_scenes_around_the_pub_-_Pompeii_%28VI_14_35-36%29_-_Napoli_MAN_111482_-_03.jpg,,Wall painting - scenes around the pub - Pompeii (VI 14 35-36) - Napoli MAN 111482 - 03
pompeii-wall-painting-scenes-around-the-pub-pompeii-vi-14-35-36-napoli-man-111482-04,Wall painting - scenes around the pub - Pompeii (VI 14 35-36) - Napoli MAN 111482 - 04,Roman,General / Decorative,Late Neronian / Early Flavian,,,Pompeii,Campania,Naples National Archaeological Museum,40.75124,14.48524,approximate,https://commons.wikimedia.org/wiki/Special:FilePath/Wall_painting_-_scenes_around_the_pub_-_Pompeii_%28VI_14_35-36%29_-_Napoli_MAN_111482_-_04.jpg?width=400,ArchaiOptix,CC BY-SA 4.0,https://creativecommons.org/licenses/by-sa/4.0,https://commons.wikimedia.org/wiki/File:Wall_painting_-_scenes_around_the_pub_-_Pompeii_%28VI_14_35-36%29_-_Napoli_MAN_111482_-_04.jpg,,Wall painting - scenes around the pub - Pompeii (VI 14 35-36) - Napoli MAN 111482 - 04
pompeii-wall-painting-scenes-around-the-pub-pompeii-vi-14-35-36-napoli-man-111482-05,Wall painting - scenes around the pub - Pompeii (VI 14 35-36) - Napoli MAN 111482 - 05,Roman,General / Decorative,Late Neronian / Early Flavian,,,Pompeii,Campania,Naples National Archaeological Museum,40.75214,14.48622,approximate,https://commons.wikimedia.org/wiki/Special:FilePath/Wall_painting_-_scenes_around_the_pub_-_Pompeii_%28VI_14_35-36%29_-_Napoli_MAN_111482_-_05.jpg?width=400,ArchaiOptix,CC BY-SA 4.0,https://creativecommons.org/licenses/by-sa/4.0,https://commons.wikimedia.org/wiki/File:Wall_painting_-_scenes_around_the_pub_-_Pompeii_%28VI_14_35-36%29_-_Napoli_MAN_111482_-_05.jpg,,Wall painting - scenes around the pub - Pompeii (VI 14 35-36) - Napoli MAN 111482 - 05
pompeii-wall-painting-female-painter-pompeii-vi-14-42-napoli-man-9017,Wall painting - female painter - Pompeii (VI 14 42) - Napoli MAN 9017,Roman,General / Decorative,Late Neronian / Early Flavian,,,Pompeii,Campania,Naples National Archaeological Museum,40.7508,14.48775,approximate,https://commons.wikimedia.org/wiki/Special:FilePath/Wall_painting_-_female_painter_-_Pompeii_%28VI_14_42%29_-_Napoli_MAN_9017.jpg?width=400,ArchaiOptix,CC BY-SA 4.0,https://creativecommons.org/licenses/by-sa/4.0,https://commons.wikimedia.org/wiki/File:Wall_painting_-_female_painter_-_Pompeii_%28VI_14_42%29_-_Napoli_MAN_9017.jpg,,Wall painting - female painter - Pompeii (VI 14 42) - Napoli MAN 9017
pompeii-wall-painting-dionysos-joining-ariadne-on-naxos-pompeii-vi-17-ins-occ-42-pompeii-paant-41658-01,Wall painting - Dionysos joining Ariadne on Naxos - Pompeii (VI 17 ins occ 42) - Pompeii PAAnt 41658 - 01,Roman,General / Decorative,Late Neronian / Early Flavian,,,Pompeii,Campania,Naples National Archaeological Museum,40.75145,14.48719,approximate,https://commons.wikimedia.org/wiki/Special:FilePath/Wall_painting_-_Dionysos_joining_Ariadne_on_Naxos_-_Pompeii_%28VI_17_ins_occ_42%29_-_Pompeii_PAAnt_41658_-_01.jpg?width=400,ArchaiOptix,CC BY-SA 4.0,https://creativecommons.org/licenses/by-sa/4.0,https://commons.wikimedia.org/wiki/File:Wall_painting_-_Dionysos_joining_Ariadne_on_Naxos_-_Pompeii_%28VI_17_ins_occ_42%29_-_Pompeii_PAAnt_41658_-_01.jpg,,Wall painting - Dionysos joining Ariadne on Naxos - Pompeii (VI 17 ins occ 42) - Pompeii PAAnt 41658 - 01
pompeii-wall-painting-dionysos-joining-ariadne-on-naxos-pompeii-vi-17-ins-occ-42-pompeii-paant-41658-02,Wall painting - Dionysos joining Ariadne on Naxos - Pompeii (VI 17 ins occ 42) - Pompeii PAAnt 41658 - 02,Roman,General / Decorative,Late Neronian / Early Flavian,,,Pompeii,Campania,Naples National Archaeological Museum,40.7519,14.48673,approximate,https://commons.wikimedia.org/wiki/Special:FilePath/Wall_painting_-_Dionysos_joining_Ariadne_on_Naxos_-_Pompeii_%28VI_17_ins_occ_42%29_-_Pompeii_PAAnt_41658_-_02.jpg?width=400,ArchaiOptix,CC BY-SA 4.0,https://creativecommons.org/licenses/by-sa/4.0,https://commons.wikimedia.org/wiki/File:Wall_painting_-_Dionysos_joining_Ariadne_on_Naxos_-_Pompeii_%28VI_17_ins_occ_42%29_-_Pompeii_PAAnt_41658_-_02.jpg,,Wall painting - Dionysos joining Ariadne on Naxos - Pompeii (VI 17 ins occ 42) - Pompeii PAAnt 41658 - 02
pompeii-wall-painting-dionysos-joining-ariadne-on-naxos-pompeii-vi-17-ins-occ-42-pompeii-paant-41658-03,Wall painting - Dionysos joining Ariadne on Naxos - Pompeii (VI 17 ins occ 42) - Pompeii PAAnt 41658 - 03,Roman,General / Decorative,Late Neronian / Early Flavian,,,Pompeii,Campania,Naples National Archaeological Museum,40.74958,14.48595,approximate,https://commons.wikimedia.org/wiki/Special:FilePath/Wall_painting_-_Dionysos_joining_Ariadne_on_Naxos_-_Pompeii_%28VI_17_ins_occ_42%29_-_Pompeii_PAAnt_41658_-_03.jpg?width=400,ArchaiOptix,CC BY-SA 4.0,https://creativecommons.org/licenses/by-sa/4.0,https://commons.wikimedia.org/wiki/File:Wall_painting_-_Dionysos_joining_Ariadne_on_Naxos_-_Pompeii_%28VI_17_ins_occ_42%29_-_Pompeii_PAAnt_41658_-_03.jpg,,Wall painting - Dionysos joining Ariadne on Naxos - Pompeii (VI 17 ins occ 42) - Pompeii PAAnt 41658 - 03
pompeii-wall-painting-dionysos-joining-ariadne-on-naxos-pompeii-vi-17-ins-occ-42-pompeii-paant-41658-04,Wall painting - Dionysos joining Ariadne on Naxos - Pompeii (VI 17 ins occ 42) - Pompeii PAAnt 41658 - 04,Roman,General / Decorative,Late Neronian / Early Flavian,,,Pompeii,Campania,Naples National Archaeological Museum,40.75169,14.48732,approximate,https://commons.wikimedia.org/wiki/Special:FilePath/Wall_painting_-_Dionysos_joining_Ariadne_on_Naxos_-_Pompeii_%28VI_17_ins_occ_42%29_-_Pompeii_PAAnt_41658_-_04.jpg?width=400,ArchaiOptix,CC BY-SA 4.0,https://creativecommons.org/licenses/by-sa/4.0,https://commons.wikimedia.org/wiki/File:Wall_painting_-_Dionysos_joining_Ariadne_on_Naxos_-_Pompeii_%28VI_17_ins_occ_42%29_-_Pompeii_PAAnt_41658_-_04.jpg,,Wall painting - Dionysos joining Ariadne on Naxos - Pompeii (VI 17 ins occ 42) - Pompeii PAAnt 41658 - 04
pompeii-wall-painting-dionysos-joining-ariadne-on-naxos-pompeii-vi-17-ins-occ-42-pompeii-paant-41658-05,Wall painting - Dionysos joining Ariadne on Naxos - Pompeii (VI 17 ins occ 42) - Pompeii PAAnt 41658 - 05,Roman,General / Decorative,Late Neronian / Early Flavian,,,Pompeii,Campania,Naples National Archaeological Museum,40.74949,14.48697,approximate,https://commons.wikimedia.org/wiki/Special:FilePath/Wall_painting_-_Dionysos_joining_Ariadne_on_Naxos_-_Pompeii_%28VI_17_ins_occ_42%29_-_Pompeii_PAAnt_41658_-_05.jpg?width=400,ArchaiOptix,CC BY-SA 4.0,https://creativecommons.org/licenses/by-sa/4.0,https://commons.wikimedia.org/wiki/File:Wall_painting_-_Dionysos_joining_Ariadne_on_Naxos_-_Pompeii_%28VI_17_ins_occ_42%29_-_Pompeii_PAAnt_41658_-_05.jpg,,Wall painting - Dionysos joining Ariadne on Naxos - Pompeii (VI 17 ins occ 42) - Pompeii PAAnt 41658 - 05
pompeii-wall-painting-wedding-of-alexander-pompeii-vi-17-ins-occ-42-pompeii-paant-41657-01,Wall painting - wedding of Alexander - Pompeii (VI 17 ins occ 42) - Pompeii PAAnt 41657 - 01,Roman,General / Decorative,Late Neronian / Early Flavian,,,Pompeii,Campania,Naples National Archaeological Museum,40.75179,14.48685,approximate,https://commons.wikimedia.org/wiki/Special:FilePath/Wall_painting_-_wedding_of_Alexander_-_Pompeii_%28VI_17_ins_occ_42%29_-_Pompeii_PAAnt_41657_-_01.jpg?width=400,ArchaiOptix,CC BY-SA 4.0,https://creativecommons.org/licenses/by-sa/4.0,https://commons.wikimedia.org/wiki/File:Wall_painting_-_wedding_of_Alexander_-_Pompeii_%28VI_17_ins_occ_42%29_-_Pompeii_PAAnt_41657_-_01.jpg,,Wall painting - wedding of Alexander - Pompeii (VI 17 ins occ 42) - Pompeii PAAnt 41657 - 01
pompeii-wall-painting-wedding-of-alexander-pompeii-vi-17-ins-occ-42-pompeii-paant-41657-02,Wall painting - wedding of Alexander - Pompeii (VI 17 ins occ 42) - Pompeii PAAnt 41657 - 02,Roman,General / Decorative,Late Neronian / Early Flavian,,,Pompeii,Campania,Naples National Archaeological Museum,40.74995,14.48656,approximate,https://commons.wikimedia.org/wiki/Special:FilePath/Wall_painting_-_wedding_of_Alexander_-_Pompeii_%28VI_17_ins_occ_42%29_-_Pompeii_PAAnt_41657_-_02.jpg?width=400,ArchaiOptix,CC BY-SA 4.0,https://creativecommons.org/licenses/by-sa/4.0,https://commons.wikimedia.org/wiki/File:Wall_painting_-_wedding_of_Alexander_-_Pompeii_%28VI_17_ins_occ_42%29_-_Pompeii_PAAnt_41657_-_02.jpg,,Wall painting - wedding of Alexander - Pompeii (VI 17 ins occ 42) - Pompeii PAAnt 41657 - 02
pompeii-wall-painting-herakles-saving-hesione-pompeii-vi-17-ins-occ-napoli-man-9445,Wall painting - Herakles saving Hesione - Pompeii (VI 17 ins occ) - Napoli MAN 9445,Roman,General / Decorative,Late Neronian / Early Flavian,,,Pompeii,Campania,Naples National Archaeological Museum,40.74949,14.48673,approximate,https://commons.wikimedia.org/wiki/Special:FilePath/Wall_painting_-_Herakles_saving_Hesione_-_Pompeii_%28VI_ins_occ%29_-_Napoli_MAN_9445.jpg?width=400,ArchaiOptix,CC BY-SA 4.0,https://creativecommons.org/licenses/by-sa/4.0,https://commons.wikimedia.org/wiki/File:Wall_painting_-_Herakles_saving_Hesione_-_Pompeii_%28VI_ins_occ%29_-_Napoli_MAN_9445.jpg,,Wall painting - Herakles saving Hesione - Pompeii (VI 17 ins occ) - Napoli MAN 9445
pompeii-wall-painting-perseus-saving-andromeda-pompeii-vi-17-ins-occ-napoli-man-9477,Wall painting - Perseus saving Andromeda - Pompeii (VI 17 ins occ) - Napoli MAN 9477,Roman,General / Decorative,Late Neronian / Early Flavian,,,Pompeii,Campania,Naples National Archaeological Museum,40.75142,14.4872,approximate,https://commons.wikimedia.org/wiki/Special:FilePath/Wall_painting_-_Perseus_saving_Andromeda_-_Pompeii_%28VI_17_ins_occ%29_-_Napoli_MAN_9477.jpg?width=400,ArchaiOptix,CC BY-SA 4.0,https://creativecommons.org/licenses/by-sa/4.0,https://commons.wikimedia.org/wiki/File:Wall_painting_-_Perseus_saving_Andromeda_-_Pompeii_%28VI_17_ins_occ%29_-_Napoli_MAN_9477.jpg,,Wall painting - Perseus saving Andromeda - Pompeii (VI 17 ins occ) - Napoli MAN 9477
pompeii-wall-painting-peirithoos-receiving-the-centaurs-at-his-wedding-pompeii-vii-2-16-napoli-man-9044,Wall painting - Peirithoos receiving the centaurs at his wedding - Pompeii (VII 2 16) - Napoli MAN 9044,Roman,General / Decorative,Late Neronian / Early Flavian,,,Pompeii,Campania,Naples National Archaeological Museum,40.75135,14.48673,approximate,https://commons.wikimedia.org/wiki/Special:FilePath/Wall_painting_-_Peirithoos_receiving_the_centaurs_at_his_wedding_-_Pompeii_%28VII_2_16%29_-_Napoli_MAN_9044.jpg?width=400,ArchaiOptix,CC BY-SA 4.0,https://creativecommons.org/licenses/by-sa/4.0,https://commons.wikimedia.org/wiki/File:Wall_painting_-_Peirithoos_receiving_the_centaurs_at_his_wedding_-_Pompeii_%28VII_2_16%29_-_Napoli_MAN_9044.jpg,,Wall painting - Peirithoos receiving the centaurs at his wedding - Pompeii (VII 2 16) - Napoli MAN 9044
pompeii-wall-painting-theseus-victorious-over-the-minotaur-pompeii-vii-2-16-napoli-man-9043-01,Wall painting - Theseus victorious over the Minotaur - Pompeii (VII 2 16) - Napoli MAN 9043 - 01,Roman,General / Decorative,Late Neronian / Early Flavian,,,Pompeii,Campania,Naples National Archaeological Museum,40.75192,14.48782,approximate,https://commons.wikimedia.org/wiki/Special:FilePath/Wall_painting_-_Theseus_victorious_over_the_Minotaur_-_Pompeii_%28VII_2_16%29_-_Napoli_MAN_9043_-_01.jpg?width=400,ArchaiOptix,CC BY-SA 4.0,https://creativecommons.org/licenses/by-sa/4.0,https://commons.wikimedia.org/wiki/File:Wall_painting_-_Theseus_victorious_over_the_Minotaur_-_Pompeii_%28VII_2_16%29_-_Napoli_MAN_9043_-_01.jpg,,Wall painting - Theseus victorious over the Minotaur - Pompeii (VII 2 16) - Napoli MAN 9043 - 01
pompeii-wall-painting-theseus-victorious-over-the-minotaur-pompeii-vii-2-16-napoli-man-9043-02,Wall painting - Theseus victorious over the Minotaur - Pompeii (VII 2 16) - Napoli MAN 9043 - 02,Roman,General / Decorative,Late Neronian / Early Flavian,,,Pompeii,Campania,Naples National Archaeological Museum,40.75182,14.48719,approximate,https://commons.wikimedia.org/wiki/Special:FilePath/Wall_painting_-_Theseus_victorious_over_the_Minotaur_-_Pompeii_%28VII_2_16%29_-_Napoli_MAN_9043_-_02.jpg?width=400,ArchaiOptix,CC BY-SA 4.0,https://creativecommons.org/licenses/by-sa/4.0,https://commons.wikimedia.org/wiki/File:Wall_painting_-_Theseus_victorious_over_the_Minotaur_-_Pompeii_%28VII_2_16%29_-_Napoli_MAN_9043_-_02.jpg,,Wall painting - Theseus victorious over the Minotaur - Pompeii (VII 2 16) - Napoli MAN 9043 - 02
pompeii-wall-painting-dionysos-with-helios-and-aphrodite-pompeii-vii-2-16-napoli-man-9449-01,Wall painting - Dionysos with Helios and Aphrodite - Pompeii (VII 2 16) - Napoli MAN 9449 - 01,Roman,General / Decorative,Late Neronian / Early Flavian,,,Pompeii,Campania,Naples National Archaeological Museum,40.75129,14.48659,approximate,https://commons.wikimedia.org/wiki/Special:FilePath/Wall_painting_-_Dionysos_with_Helios_and_Aphrodite_-_Pompeii_%28VII_2_16%29_-_Napoli_MAN_9449_-_01.jpg?width=400,ArchaiOptix,CC BY-SA 4.0,https://creativecommons.org/licenses/by-sa/4.0,https://commons.wikimedia.org/wiki/File:Wall_painting_-_Dionysos_with_Helios_and_Aphrodite_-_Pompeii_%28VII_2_16%29_-_Napoli_MAN_9449_-_01.jpg,,Wall painting - Dionysos with Helios and Aphrodite - Pompeii (VII 2 16) - Napoli MAN 9449 - 01
pompeii-wall-painting-dionysos-with-helios-and-aphrodite-pompeii-vii-2-16-napoli-man-9449-02,Wall painting - Dionysos with Helios and Aphrodite - Pompeii (VII 2 16) - Napoli MAN 9449 - 02,Roman,General / Decorative,Late Neronian / Early Flavian,,,Pompeii,Campania,Naples National Archaeological Museum,40.75011,14.48625,approximate,https://commons.wikimedia.org/wiki/Special:FilePath/Wall_painting_-_Dionysos_with_Helios_and_Aphrodite_-_Pompeii_%28VII_2_16%29_-_Napoli_MAN_9449_-_02.jpg?width=400,ArchaiOptix,CC BY-SA 4.0,https://creativecommons.org/licenses/by-sa/4.0,https://commons.wikimedia.org/wiki/File:Wall_painting_-_Dionysos_with_Helios_and_Aphrodite_-_Pompeii_%28VII_2_16%29_-_Napoli_MAN_9449_-_02.jpg,,Wall painting - Dionysos with Helios and Aphrodite - Pompeii (VII 2 16) - Napoli MAN 9449 - 02
phaistos-wall-painting-cyclopes-working-in-the-workshop-of-hephaistos-pompeii-vii-2-25-napoli-man-9531,Wall painting - cyclopes working in the workshop of Hephaistos - Pompeii (VII 2 25) - Napoli MAN 9531,Minoan,General / Decorative,Late Neronian / Early Flavian,,,Phaistos,Crete,Heraklion Archaeological Museum,35.05235,24.81364,approximate,https://commons.wikimedia.org/wiki/Special:FilePath/Wall_painting_-_cyclopes_working_in_the_workshop_of_Hephaistos_-_Pompeii_%28VII_2_25%29_-_Napoli_MAN_9531.jpg?width=400,ArchaiOptix,CC BY-SA 4.0,https://creativecommons.org/licenses/by-sa/4.0,https://commons.wikimedia.org/wiki/File:Wall_painting_-_cyclopes_working_in_the_workshop_of_Hephaistos_-_Pompeii_%28VII_2_25%29_-_Napoli_MAN_9531.jpg,,Wall painting - cyclopes working in the workshop of Hephaistos - Pompeii (VII 2 25) - Napoli MAN 9531
pompeii-wall-painting-daidalos-and-pasiphae-pompeii-vii-4-48-napoli-man-8979,Wall painting - Daidalos and Pasiphae - Pompeii (VII 4 48) - Napoli MAN 8979,Roman,General / Decorative,Late Neronian / Early Flavian,,,Pompeii,Campania,Naples National Archaeological Museum,40.75221,14.48555,approximate,https://commons.wikimedia.org/wiki/Special:FilePath/Wall_painting_-_Daidalos_and_Pasiphae_-_Pompeii_%28VII_4_48%29_-_Napoli_MAN_8979.jpg?width=400,ArchaiOptix,CC BY-SA 4.0,https://creativecommons.org/licenses/by-sa/4.0,https://commons.wikimedia.org/wiki/File:Wall_painting_-_Daidalos_and_Pasiphae_-_Pompeii_%28VII_4_48%29_-_Napoli_MAN_8979.jpg,,Wall painting - Daidalos and Pasiphae - Pompeii (VII 4 48) - Napoli MAN 8979
pompeii-wall-painting-dionysos-discovering-ariadne-on-naxos-pompeii-vii-4-31-51-napoli-man-9278,Wall painting - Dionysos discovering Ariadne on Naxos - Pompeii (VII 4 31-51) - Napoli MAN 9278,Roman,General / Decorative,Late Neronian / Early Flavian,,,Pompeii,Campania,Naples National Archaeological Museum,40.74962,14.48636,approximate,https://commons.wikimedia.org/wiki/Special:FilePath/Wall_painting_-_Dionysos_discovering_Ariadne_on_Naxos_-_Pompeii_%28VII_4_31-51%29_-_Napoli_MAN_9278.jpg?width=400,ArchaiOptix,CC BY-SA 4.0,https://creativecommons.org/licenses/by-sa/4.0,https://commons.wikimedia.org/wiki/File:Wall_painting_-_Dionysos_discovering_Ariadne_on_Naxos_-_Pompeii_%28VII_4_31-51%29_-_Napoli_MAN_9278.jpg,,Wall painting - Dionysos discovering Ariadne on Naxos - Pompeii (VII 4 31-51) - Napoli MAN 9278
pompeii-wall-painting-perseus-and-andromeda-resting-pompeii-vii-4-51-napoli-man-8996,Wall painting - Perseus and Andromeda resting - Pompeii (VII 4 51) - Napoli MAN 8996,Roman,General / Decorative,Late Neronian / Early Flavian,,,Pompeii,Campania,Naples National Archaeological Museum,40.74996,14.48671,approximate,https://commons.wikimedia.org/wiki/Special:FilePath/Wall_painting_-_Perseus_and_Andromeda_resting_-_Pompeii_%28VII_4_51%29_-_Napoli_MAN_8996.jpg?width=400,ArchaiOptix,CC BY-SA 4.0,https://creativecommons.org/licenses/by-sa/4.0,https://commons.wikimedia.org/wiki/File:Wall_painting_-_Perseus_and_Andromeda_resting_-_Pompeii_%28VII_4_51%29_-_Napoli_MAN_8996.jpg,,Wall painting - Perseus and Andromeda resting - Pompeii (VII 4 51) - Napoli MAN 8996
pompeii-wall-painting-theseus-abbandonning-ariadne-on-naxos-pompeii-vii-4-31-51-napoli-man-9052,Wall painting - Theseus abbandonning Ariadne on Naxos - Pompeii (VII 4 31-51) - Napoli MAN 9052,Roman,General / Decorative,Late Neronian / Early Flavian,,,Pompeii,Campania,Naples National Archaeological Museum,40.75056,14.48747,approximate,https://commons.wikimedia.org/wiki/Special:FilePath/Wall_painting_-_Theseus_abbandonning_Ariadne_on_Naxos_-_Pompeii_%28VII_4_31-51%29_-_Napoli_MAN_9052.jpg?width=400,ArchaiOptix,CC BY-SA 4.0,https://creativecommons.org/licenses/by-sa/4.0,https://commons.wikimedia.org/wiki/File:Wall_painting_-_Theseus_abbandonning_Ariadne_on_Naxos_-_Pompeii_%28VII_4_31-51%29_-_Napoli_MAN_9052.jpg,,Wall painting - Theseus abbandonning Ariadne on Naxos - Pompeii (VII 4 31-51) - Napoli MAN 9052
pompeii-wall-painting-idyllic-landscape-pompeii-vii-4-31-51-napoli-man-9489-01,Wall painting - idyllic landscape - Pompeii (VII 4 31-51) - Napoli MAN 9489 - 01,Roman,Floral & Landscape,Late Neronian / Early Flavian,,,Pompeii,Campania,Naples National Archaeological Museum,40.75147,14.48766,approximate,https://commons.wikimedia.org/wiki/Special:FilePath/Wall_painting_-_idyllic_landscape_-_Pompeii_%28VII_4_31-51%29_-_Napoli_MAN_9489_-_01.jpg?width=400,ArchaiOptix,CC BY-SA 4.0,https://creativecommons.org/licenses/by-sa/4.0,https://commons.wikimedia.org/wiki/File:Wall_painting_-_idyllic_landscape_-_Pompeii_%28VII_4_31-51%29_-_Napoli_MAN_9489_-_01.jpg,,Wall painting - idyllic landscape - Pompeii (VII 4 31-51) - Napoli MAN 9489 - 01
pompeii-wall-painting-idyllic-landscape-pompeii-vii-4-31-51-napoli-man-9489-02,Wall painting - idyllic landscape - Pompeii (VII 4 31-51) - Napoli MAN 9489 - 02,Roman,Floral & Landscape,Late Neronian / Early Flavian,,,Pompeii,Campania,Naples National Archaeological Museum,40.75154,14.4875,approximate,https://commons.wikimedia.org/wiki/Special:FilePath/Wall_painting_-_idyllic_landscape_-_Pompeii_%28VII_4_31-51%29_-_Napoli_MAN_9489_-_02.jpg?width=400,ArchaiOptix,CC BY-SA 4.0,https://creativecommons.org/licenses/by-sa/4.0,https://commons.wikimedia.org/wiki/File:Wall_painting_-_idyllic_landscape_-_Pompeii_%28VII_4_31-51%29_-_Napoli_MAN_9489_-_02.jpg,,Wall painting - idyllic landscape - Pompeii (VII 4 31-51) - Napoli MAN 9489 - 02
pompeii-wall-painting-birth-of-venus-from-a-shell-pompeii-vii-6-7-napoli-man,Wall painting - birth of Venus from a shell - Pompeii (VII 6 7) - Napoli MAN,Roman,General / Decorative,Late Neronian / Early Flavian,,,Pompeii,Campania,Naples National Archaeological Museum,40.74986,14.48574,approximate,https://commons.wikimedia.org/wiki/Special:FilePath/Wall_painting_-_birth_of_Venus_from_a_shell_-_Pompeii_%28VII_6_7%29_-_Napoli_MAN.jpg?width=400,ArchaiOptix,CC BY-SA 4.0,https://creativecommons.org/licenses/by-sa/4.0,https://commons.wikimedia.org/wiki/File:Wall_painting_-_birth_of_Venus_from_a_shell_-_Pompeii_%28VII_6_7%29_-_Napoli_MAN.jpg,,Wall painting - birth of Venus from a shell - Pompeii (VII 6 7) - Napoli MAN
pompeii-wall-painting-landscape-with-sacral-buildings-pompeii-vii-6-7-napoli-man-9494-jpg,Wall painting - landscape with sacral buildings - Pompeii (VII 6 7)- Napoli MAN 9494,Roman,Floral & Landscape,Late Neronian / Early Flavian,,,Pompeii,Campania,Naples National Archaeological Museum,40.75185,14.4873,approximate,https://commons.wikimedia.org/wiki/Special:FilePath/Wall_painting_-_landscape_with_sacral_buildings_-_Pompeii_-_Napoli_MAN_9494.jpg?width=400,ArchaiOptix,CC BY-SA 4.0,https://creativecommons.org/licenses/by-sa/4.0,https://commons.wikimedia.org/wiki/File:Wall_painting_-_landscape_with_sacral_buildings_-_Pompeii_-_Napoli_MAN_9494.jpg,,Wall painting - landscape with sacral buildings - Pompeii (VII 6 7)- Napoli MAN 9494.jpg
pompeii-wall-painting-nike-crowning-a-donkey-which-penetrates-a-lion-pompeii-vii-6-34-35-napoli-man-27683,Wall painting - Nike crowning a donkey which penetrates a lion - Pompeii (VII 6 34-35) - Napoli MAN 27683,Roman,Animal,Late Neronian / Early Flavian,,,Pompeii,Campania,Naples National Archaeological Museum,40.75114,14.48603,approximate,https://commons.wikimedia.org/wiki/Special:FilePath/Wall_painting_-_Nike_crowning_a_donkey_which_penetrates_a_lion_-_Pompeii_%28VII_6_34-35%29_-_Napoli_MAN_27683.jpg?width=400,ArchaiOptix,CC BY-SA 4.0,https://creativecommons.org/licenses/by-sa/4.0,https://commons.wikimedia.org/wiki/File:Wall_painting_-_Nike_crowning_a_donkey_which_penetrates_a_lion_-_Pompeii_%28VII_6_34-35%29_-_Napoli_MAN_27683.jpg,,Wall painting - Nike crowning a donkey which penetrates a lion - Pompeii (VII 6 34-35) - Napoli MAN 27683
pompeii-wall-painting-love-making-pompeii-vii-9-33-napoli-man-27690,Wall painting - love-making - Pompeii (VII 9 33) - Napoli MAN 27690,Roman,General / Decorative,Late Neronian / Early Flavian,,,Pompeii,Campania,Naples National Archaeological Museum,40.75227,14.486,approximate,https://commons.wikimedia.org/wiki/Special:FilePath/Wall_painting_-_love-making_-_Pompeii_%28VII_9_33%29_-_Napoli_MAN_27690.jpg?width=400,ArchaiOptix,CC BY-SA 4.0,https://creativecommons.org/licenses/by-sa/4.0,https://commons.wikimedia.org/wiki/File:Wall_painting_-_love-making_-_Pompeii_%28VII_9_33%29_-_Napoli_MAN_27690.jpg,,Wall painting - love-making - Pompeii (VII 9 33) - Napoli MAN 27690
pompeii-wall-painting-aphrodite-and-ares-pompeii-vii-9-47-napoli-man-9248,Wall painting - Aphrodite and Ares - Pompeii (VII 9 47) - Napoli MAN 9248,Roman,General / Decorative,Late Neronian / Early Flavian,,,Pompeii,Campania,Naples National Archaeological Museum,40.74999,14.48608,approximate,https://commons.wikimedia.org/wiki/Special:FilePath/Wall_painting_-_Aphrodite_and_Ares_-_Pompeii_%28VII_9_47%29_-_Napoli_MAN_9248.jpg?width=400,ArchaiOptix,CC BY-SA 4.0,https://creativecommons.org/licenses/by-sa/4.0,https://commons.wikimedia.org/wiki/File:Wall_painting_-_Aphrodite_and_Ares_-_Pompeii_%28VII_9_47%29_-_Napoli_MAN_9248.jpg,,Wall painting - Aphrodite and Ares - Pompeii (VII 9 47) - Napoli MAN 9248
pompeii-wall-painting-young-woman-selling-a-nest-of-erotes-to-a-young-man-pompeii-vii-12-26-napoli-man-111437,Wall painting - young woman selling a nest of Erotes to a young man - Pompeii (VII 12 26) - Napoli MAN 111437,Roman,General / Decorative,Late Neronian / Early Flavian,,,Pompeii,Campania,Naples National Archaeological Museum,40.75136,14.48723,approximate,https://commons.wikimedia.org/wiki/Special:FilePath/Wall_painting_-_young_woman_selling_a_nest_of_Erotes_to_a_young_man_-_Pompeii_%28VII_12_26%29_-_Napoli_MAN_111437.jpg?width=400,ArchaiOptix,CC BY-SA 4.0,https://creativecommons.org/licenses/by-sa/4.0,https://commons.wikimedia.org/wiki/File:Wall_painting_-_young_woman_selling_a_nest_of_Erotes_to_a_young_man_-_Pompeii_%28VII_12_26%29_-_Napoli_MAN_111437.jpg,,Wall painting - young woman selling a nest of Erotes to a young man - Pompeii (VII 12 26) - Napoli MAN 111437
pompeii-wall-painting-artemis-and-kallisto-pompeii-vii-12-26-napoli-man-111441,Wall painting - Artemis and Kallisto - Pompeii (VII 12 26) - Napoli MAN 111441,Roman,General / Decorative,Late Neronian / Early Flavian,,,Pompeii,Campania,Naples National Archaeological Museum,40.75083,14.48751,approximate,https://commons.wikimedia.org/wiki/Special:FilePath/Wall_painting_-_Artemis_and_Kallisto_-_Pompeii_%28VII_12_26%29_-_Napoli_MAN_111441.jpg?width=400,ArchaiOptix,CC BY-SA 4.0,https://creativecommons.org/licenses/by-sa/4.0,https://commons.wikimedia.org/wiki/File:Wall_painting_-_Artemis_and_Kallisto_-_Pompeii_%28VII_12_26%29_-_Napoli_MAN_111441.jpg,,Wall painting - Artemis and Kallisto - Pompeii (VII 12 26) - Napoli MAN 111441
pompeii-wall-painting-architecture-pompeii-vii-16-22-napoli-man-9700,Wall painting - architecture - Pompeii (VII 16 22) - Napoli MAN 9700,Roman,General / Decorative,Late Neronian / Early Flavian,,,Pompeii,Campania,Naples National Archaeological Museum,40.7493,14.48734,approximate,https://commons.wikimedia.org/wiki/Special:FilePath/Wall_painting_-_architecture_-_Pompeii_%28VII_16_22%29_-_Napoli_MAN_9700.jpg?width=400,ArchaiOptix,CC BY-SA 4.0,https://creativecommons.org/licenses/by-sa/4.0,https://commons.wikimedia.org/wiki/File:Wall_painting_-_architecture_-_Pompeii_%28VII_16_22%29_-_Napoli_MAN_9700.jpg,,Wall painting - architecture - Pompeii (VII 16 22) - Napoli MAN 9700
pompeii-wall-painting-idyllic-landscape-pompeii-vii-16-22-napoli-man-9493,Wall painting - idyllic landscape - Pompeii (VII 16 22) - Napoli MAN 9493,Roman,Floral & Landscape,Late Neronian / Early Flavian,,,Pompeii,Campania,Naples National Archaeological Museum,40.74984,14.48703,approximate,https://commons.wikimedia.org/wiki/Special:FilePath/Wall_painting_-_idyllic_landscape_-_Pompeii_%28VII_16_22%29_-_Napoli_MAN_9493.jpg?width=400,ArchaiOptix,CC BY-SA 4.0,https://creativecommons.org/licenses/by-sa/4.0,https://commons.wikimedia.org/wiki/File:Wall_painting_-_idyllic_landscape_-_Pompeii_%28VII_16_22%29_-_Napoli_MAN_9493.jpg,,Wall painting - idyllic landscape - Pompeii (VII 16 22) - Napoli MAN 9493
pompeii-wall-painting-seascape-with-port-pompeii-viii-2-28-napoli-man-9460,Wall painting - seascape with port - Pompeii (VIII 2 28) - Napoli MAN 9460,Roman,General / Decorative,Late Neronian / Early Flavian,,,Pompeii,Campania,Naples National Archaeological Museum,40.75067,14.48719,approximate,https://commons.wikimedia.org/wiki/Special:FilePath/Wall_painting_-_seascape_with_port_-_Pompeii_%28VIII_2_28%29_-_Napoli_MAN_9460.jpg?width=400,ArchaiOptix,CC BY-SA 4.0,https://creativecommons.org/licenses/by-sa/4.0,https://commons.wikimedia.org/wiki/File:Wall_painting_-_seascape_with_port_-_Pompeii_%28VIII_2_28%29_-_Napoli_MAN_9460.jpg,,Wall painting - seascape with port - Pompeii (VIII 2 28) - Napoli MAN 9460
pompeii-wall-painting-seascape-with-port-pompeii-viii-2-28-napoli-man-9484,Wall painting - seascape with port - Pompeii (VIII 2 28) - Napoli MAN 9484,Roman,General / Decorative,Late Neronian / Early Flavian,,,Pompeii,Campania,Naples National Archaeological Museum,40.75095,14.48567,approximate,https://commons.wikimedia.org/wiki/Special:FilePath/Wall_painting_-_seascape_with_port_-_Pompeii_%28VIII_2_28%29_-_Napoli_MAN_9484.jpg?width=400,ArchaiOptix,CC BY-SA 4.0,https://creativecommons.org/licenses/by-sa/4.0,https://commons.wikimedia.org/wiki/File:Wall_painting_-_seascape_with_port_-_Pompeii_%28VIII_2_28%29_-_Napoli_MAN_9484.jpg,,Wall painting - seascape with port - Pompeii (VIII 2 28) - Napoli MAN 9484
pompeii-wall-painting-pygmies-with-crocodiles-and-hippopotami-pompeii-viii-5-24-napoli-man-113195-01,Wall painting - pygmies with crocodiles and hippopotami - Pompeii (VIII 5 24) - Napoli MAN 113195 - 01,Roman,General / Decorative,Late Neronian / Early Flavian,,,Pompeii,Campania,Naples National Archaeological Museum,40.7513,14.48669,approximate,https://commons.wikimedia.org/wiki/Special:FilePath/Wall_painting_-_pygmies_with_crocodiles_and_hippopotami_-_Pompeii_%28VIII_5_24%29_-_Napoli_MAN_113195_-_01.jpg?width=400,ArchaiOptix,CC BY-SA 4.0,https://creativecommons.org/licenses/by-sa/4.0,https://commons.wikimedia.org/wiki/File:Wall_painting_-_pygmies_with_crocodiles_and_hippopotami_-_Pompeii_%28VIII_5_24%29_-_Napoli_MAN_113195_-_01.jpg,,Wall painting - pygmies with crocodiles and hippopotami - Pompeii (VIII 5 24) - Napoli MAN 113195 - 01
pompeii-wall-painting-pygmies-with-crocodiles-and-hippopotami-pompeii-viii-5-24-napoli-man-113195-02,Wall painting - pygmies with crocodiles and hippopotami - Pompeii (VIII 5 24) - Napoli MAN 113195 - 02,Roman,General / Decorative,Late Neronian / Early Flavian,,,Pompeii,Campania,Naples National Archaeological Museum,40.75154,14.4855,approximate,https://commons.wikimedia.org/wiki/Special:FilePath/Wall_painting_-_pygmies_with_crocodiles_and_hippopotami_-_Pompeii_%28VIII_5_24%29_-_Napoli_MAN_113195_-_02.jpg?width=400,ArchaiOptix,CC BY-SA 4.0,https://creativecommons.org/licenses/by-sa/4.0,https://commons.wikimedia.org/wiki/File:Wall_painting_-_pygmies_with_crocodiles_and_hippopotami_-_Pompeii_%28VIII_5_24%29_-_Napoli_MAN_113195_-_02.jpg,,Wall painting - pygmies with crocodiles and hippopotami - Pompeii (VIII 5 24) - Napoli MAN 113195 - 02
pompeii-wall-painting-pygmies-with-crocodiles-and-hippopotami-pompeii-viii-5-24-napoli-man-113195-03,Wall painting - pygmies with crocodiles and hippopotami - Pompeii (VIII 5 24) - Napoli MAN 113195 - 03,Roman,General / Decorative,Late Neronian / Early Flavian,,,Pompeii,Campania,Naples National Archaeological Museum,40.7505,14.4869,approximate,https://commons.wikimedia.org/wiki/Special:FilePath/Wall_painting_-_pygmies_with_crocodiles_and_hippopotami_-_Pompeii_%28VIII_5_24%29_-_Napoli_MAN_113195_-_03.jpg?width=400,ArchaiOptix,CC BY-SA 4.0,https://creativecommons.org/licenses/by-sa/4.0,https://commons.wikimedia.org/wiki/File:Wall_painting_-_pygmies_with_crocodiles_and_hippopotami_-_Pompeii_%28VIII_5_24%29_-_Napoli_MAN_113195_-_03.jpg,,Wall painting - pygmies with crocodiles and hippopotami - Pompeii (VIII 5 24) - Napoli MAN 113195 - 03
pompeii-wall-painting-pygmies-with-crocodiles-and-hippopotami-pompeii-viii-5-24-napoli-man-113195-04,Wall painting - pygmies with crocodiles and hippopotami - Pompeii (VIII 5 24) - Napoli MAN 113195 - 04,Roman,General / Decorative,Late Neronian / Early Flavian,,,Pompeii,Campania,Naples National Archaeological Museum,40.75228,14.48529,approximate,https://commons.wikimedia.org/wiki/Special:FilePath/Wall_painting_-_pygmies_with_crocodiles_and_hippopotami_-_Pompeii_%28VIII_5_24%29_-_Napoli_MAN_113195_-_04.jpg?width=400,ArchaiOptix,CC BY-SA 4.0,https://creativecommons.org/licenses/by-sa/4.0,https://commons.wikimedia.org/wiki/File:Wall_painting_-_pygmies_with_crocodiles_and_hippopotami_-_Pompeii_%28VIII_5_24%29_-_Napoli_MAN_113195_-_04.jpg,,Wall painting - pygmies with crocodiles and hippopotami - Pompeii (VIII 5 24) - Napoli MAN 113195 - 04
pompeii-wall-painting-banquet-of-pygmies-in-nilotic-landscape-pompeii-viii-5-24-napoli-man-113196-01,Wall painting - banquet of pygmies in nilotic landscape - Pompeii (VIII 5 24) - Napoli MAN 113196 - 01,Roman,Floral & Landscape,Late Neronian / Early Flavian,,,Pompeii,Campania,Naples National Archaeological Museum,40.75142,14.48565,approximate,https://commons.wikimedia.org/wiki/Special:FilePath/Wall_painting_-_banquet_of_pygmies_in_nilotic_landscape_-_Pompeii_%28VIII_5_24%29_-_Napoli_MAN_113196_-_01.jpg?width=400,ArchaiOptix,CC BY-SA 4.0,https://creativecommons.org/licenses/by-sa/4.0,https://commons.wikimedia.org/wiki/File:Wall_painting_-_banquet_of_pygmies_in_nilotic_landscape_-_Pompeii_%28VIII_5_24%29_-_Napoli_MAN_113196_-_01.jpg,,Wall painting - banquet of pygmies in nilotic landscape - Pompeii (VIII 5 24) - Napoli MAN 113196 - 01
pompeii-wall-painting-banquet-of-pygmies-in-nilotic-landscape-pompeii-viii-5-24-napoli-man-113196-02,Wall painting - banquet of pygmies in nilotic landscape - Pompeii (VIII 5 24) - Napoli MAN 113196 - 02,Roman,Floral & Landscape,Late Neronian / Early Flavian,,,Pompeii,Campania,Naples National Archaeological Museum,40.75055,14.48729,approximate,https://commons.wikimedia.org/wiki/Special:FilePath/Wall_painting_-_banquet_of_pygmies_in_nilotic_landscape_-_Pompeii_%28VIII_5_24%29_-_Napoli_MAN_113196_-_02.jpg?width=400,ArchaiOptix,CC BY-SA 4.0,https://creativecommons.org/licenses/by-sa/4.0,https://commons.wikimedia.org/wiki/File:Wall_painting_-_banquet_of_pygmies_in_nilotic_landscape_-_Pompeii_%28VIII_5_24%29_-_Napoli_MAN_113196_-_02.jpg,,Wall painting - banquet of pygmies in nilotic landscape - Pompeii (VIII 5 24) - Napoli MAN 113196 - 02
pompeii-wall-painting-banquet-of-pygmies-in-nilotic-landscape-pompeii-viii-5-24-napoli-man-113196-03,Wall painting - banquet of pygmies in nilotic landscape - Pompeii (VIII 5 24) - Napoli MAN 113196 - 03,Roman,Floral & Landscape,Late Neronian / Early Flavian,,,Pompeii,Campania,Naples National Archaeological Museum,40.75058,14.4871,approximate,https://commons.wikimedia.org/wiki/Special:FilePath/Wall_painting_-_banquet_of_pygmies_in_nilotic_landscape_-_Pompeii_%28VIII_5_24%29_-_Napoli_MAN_113196_-_03.jpg?width=400,ArchaiOptix,CC BY-SA 4.0,https://creativecommons.org/licenses/by-sa/4.0,https://commons.wikimedia.org/wiki/File:Wall_painting_-_banquet_of_pygmies_in_nilotic_landscape_-_Pompeii_%28VIII_5_24%29_-_Napoli_MAN_113196_-_03.jpg,,Wall painting - banquet of pygmies in nilotic landscape - Pompeii (VIII 5 24) - Napoli MAN 113196 - 03
pompeii-wall-painting-banquet-of-pygmies-in-nilotic-landscape-pompeii-viii-5-24-napoli-man-113196-04,Wall painting - banquet of pygmies in nilotic landscape - Pompeii (VIII 5 24) - Napoli MAN 113196 - 04,Roman,Floral & Landscape,Late Neronian / Early Flavian,,,Pompeii,Campania,Naples National Archaeological Museum,40.75049,14.48684,approximate,https://commons.wikimedia.org/wiki/Special:FilePath/Wall_painting_-_banquet_of_pygmies_in_nilotic_landscape_-_Pompeii_%28VIII_5_24%29_-_Napoli_MAN_113196_-_04.jpg?width=400,ArchaiOptix,CC BY-SA 4.0,https://creativecommons.org/licenses/by-sa/4.0,https://commons.wikimedia.org/wiki/File:Wall_painting_-_banquet_of_pygmies_in_nilotic_landscape_-_Pompeii_%28VIII_5_24%29_-_Napoli_MAN_113196_-_04.jpg,,Wall painting - banquet of pygmies in nilotic landscape - Pompeii (VIII 5 24) - Napoli MAN 113196 - 04
pompeii-wall-painting-banquet-of-pygmies-in-nilotic-landscape-pompeii-viii-5-24-napoli-man-113196-05,Wall painting - banquet of pygmies in nilotic landscape - Pompeii (VIII 5 24) - Napoli MAN 113196 - 05,Roman,Floral & Landscape,Late Neronian / Early Flavian,,,Pompeii,Campania,Naples National Archaeological Museum,40.7503,14.48778,approximate,https://commons.wikimedia.org/wiki/Special:FilePath/Wall_painting_-_banquet_of_pygmies_in_nilotic_landscape_-_Pompeii_%28VIII_5_24%29_-_Napoli_MAN_113196_-_05.jpg?width=400,ArchaiOptix,CC BY-SA 4.0,https://creativecommons.org/licenses/by-sa/4.0,https://commons.wikimedia.org/wiki/File:Wall_painting_-_banquet_of_pygmies_in_nilotic_landscape_-_Pompeii_%28VIII_5_24%29_-_Napoli_MAN_113196_-_05.jpg,,Wall painting - banquet of pygmies in nilotic landscape - Pompeii (VIII 5 24) - Napoli MAN 113196 - 05
pompeii-wall-painting-banquet-of-pygmies-in-nilotic-landscape-pompeii-viii-5-24-napoli-man-113196-06,Wall painting - banquet of pygmies in nilotic landscape - Pompeii (VIII 5 24) - Napoli MAN 113196 - 06,Roman,Floral & Landscape,Late Neronian / Early Flavian,,,Pompeii,Campania,Naples National Archaeological Museum,40.75176,14.4878,approximate,https://commons.wikimedia.org/wiki/Special:FilePath/Wall_painting_-_banquet_of_pygmies_in_nilotic_landscape_-_Pompeii_%28VIII_5_24%29_-_Napoli_MAN_113196_-_06.jpg?width=400,ArchaiOptix,CC BY-SA 4.0,https://creativecommons.org/licenses/by-sa/4.0,https://commons.wikimedia.org/wiki/File:Wall_painting_-_banquet_of_pygmies_in_nilotic_landscape_-_Pompeii_%28VIII_5_24%29_-_Napoli_MAN_113196_-_06.jpg,,Wall painting - banquet of pygmies in nilotic landscape - Pompeii (VIII 5 24) - Napoli MAN 113196 - 06
pompeii-wall-painting-phantastic-architecture-with-pictures-pompeii-viii-7-28-sanctuary-of-isis-porticus-napoli-man-01,Wall painting - phantastic architecture with pictures - Pompeii (VIII 7 28 - sanctuary of Isis - porticus) - Napoli MAN - 01,Roman,General / Decorative,Late Neronian / Early Flavian,,,Pompeii,Campania,Naples National Archaeological Museum,40.7519,14.48632,approximate,https://commons.wikimedia.org/wiki/Special:FilePath/Wall_painting_-_phantastic_architecture_with_pictures_-_Pompeii_%28VIII_7_28_-_sanctuary_of_Isis_-_porticus%29_-_Napoli_MAN_-_01.jpg?width=400,ArchaiOptix,CC BY-SA 4.0,https://creativecommons.org/licenses/by-sa/4.0,https://commons.wikimedia.org/wiki/File:Wall_painting_-_phantastic_architecture_with_pictures_-_Pompeii_%28VIII_7_28_-_sanctuary_of_Isis_-_porticus%29_-_Napoli_MAN_-_01.jpg,,Wall painting - phantastic architecture with pictures - Pompeii (VIII 7 28 - sanctuary of Isis - porticus) - Napoli MAN - 01
pompeii-wall-painting-phantastic-architecture-with-pictures-pompeii-viii-7-28-sanctuary-of-isis-porticus-napoli-man-02,Wall painting - phantastic architecture with pictures - Pompeii (VIII 7 28 - sanctuary of Isis - porticus) - Napoli MAN - 02,Roman,General / Decorative,Late Neronian / Early Flavian,,,Pompeii,Campania,Naples National Archaeological Museum,40.75056,14.48525,approximate,https://commons.wikimedia.org/wiki/Special:FilePath/Wall_painting_-_phantastic_architecture_with_pictures_-_Pompeii_%28VIII_7_28_-_sanctuary_of_Isis_-_porticus%29_-_Napoli_MAN_-_02.jpg?width=400,ArchaiOptix,CC BY-SA 4.0,https://creativecommons.org/licenses/by-sa/4.0,https://commons.wikimedia.org/wiki/File:Wall_painting_-_phantastic_architecture_with_pictures_-_Pompeii_%28VIII_7_28_-_sanctuary_of_Isis_-_porticus%29_-_Napoli_MAN_-_02.jpg,,Wall painting - phantastic architecture with pictures - Pompeii (VIII 7 28 - sanctuary of Isis - porticus) - Napoli MAN - 02
pompeii-wall-painting-phantastic-architecture-with-pictures-pompeii-viii-7-28-sanctuary-of-isis-porticus-napoli-man-03,Wall painting - phantastic architecture with pictures - Pompeii (VIII 7 28 - sanctuary of Isis - porticus) - Napoli MAN - 03,Roman,General / Decorative,Late Neronian / Early Flavian,,,Pompeii,Campania,Naples National Archaeological Museum,40.75141,14.48516,approximate,https://commons.wikimedia.org/wiki/Special:FilePath/Wall_painting_-_phantastic_architecture_with_pictures_-_Pompeii_%28VIII_7_28_-_sanctuary_of_Isis_-_porticus%29_-_Napoli_MAN_-_03.jpg?width=400,ArchaiOptix,CC BY-SA 4.0,https://creativecommons.org/licenses/by-sa/4.0,https://commons.wikimedia.org/wiki/File:Wall_painting_-_phantastic_architecture_with_pictures_-_Pompeii_%28VIII_7_28_-_sanctuary_of_Isis_-_porticus%29_-_Napoli_MAN_-_03.jpg,,Wall painting - phantastic architecture with pictures - Pompeii (VIII 7 28 - sanctuary of Isis - porticus) - Napoli MAN - 03
pompeii-wall-painting-phantastic-architecture-with-pictures-pompeii-viii-7-28-sanctuary-of-isis-porticus-napoli-man-04,Wall painting - phantastic architecture with pictures - Pompeii (VIII 7 28 - sanctuary of Isis - porticus) - Napoli MAN - 04,Roman,General / Decorative,Late Neronian / Early Flavian,,,Pompeii,Campania,Naples National Archaeological Museum,40.74949,14.48712,approximate,https://commons.wikimedia.org/wiki/Special:FilePath/Wall_painting_-_phantastic_architecture_with_pictures_-_Pompeii_%28VIII_7_28_-_sanctuary_of_Isis_-_porticus%29_-_Napoli_MAN_-_04.jpg?width=400,ArchaiOptix,CC BY-SA 4.0,https://creativecommons.org/licenses/by-sa/4.0,https://commons.wikimedia.org/wiki/File:Wall_painting_-_phantastic_architecture_with_pictures_-_Pompeii_%28VIII_7_28_-_sanctuary_of_Isis_-_porticus%29_-_Napoli_MAN_-_04.jpg,,Wall painting - phantastic architecture with pictures - Pompeii (VIII 7 28 - sanctuary of Isis - porticus) - Napoli MAN - 04
pompeii-wall-painting-phantastic-architecture-with-pictures-pompeii-viii-7-28-sanctuary-of-isis-porticus-napoli-man-05,Wall painting - phantastic architecture with pictures - Pompeii (VIII 7 28 - sanctuary of Isis - porticus) - Napoli MAN - 05,Roman,General / Decorative,Late Neronian / Early Flavian,,,Pompeii,Campania,Naples National Archaeological Museum,40.74976,14.48518,approximate,https://commons.wikimedia.org/wiki/Special:FilePath/Wall_painting_-_phantastic_architecture_with_pictures_-_Pompeii_%28VIII_7_28_-_sanctuary_of_Isis_-_porticus%29_-_Napoli_MAN_-_05.jpg?width=400,ArchaiOptix,CC BY-SA 4.0,https://creativecommons.org/licenses/by-sa/4.0,https://commons.wikimedia.org/wiki/File:Wall_painting_-_phantastic_architecture_with_pictures_-_Pompeii_%28VIII_7_28_-_sanctuary_of_Isis_-_porticus%29_-_Napoli_MAN_-_05.jpg,,Wall painting - phantastic architecture with pictures - Pompeii (VIII 7 28 - sanctuary of Isis - porticus) - Napoli MAN - 05
pompeii-wall-painting-phantastic-architecture-with-pictures-pompeii-viii-7-28-sanctuary-of-isis-porticus-napoli-man-06,Wall painting - phantastic architecture with pictures - Pompeii (VIII 7 28 - sanctuary of Isis - porticus) - Napoli MAN - 06,Roman,General / Decorative,Late Neronian / Early Flavian,,,Pompeii,Campania,Naples National Archaeological Museum,40.75224,14.48553,approximate,https://commons.wikimedia.org/wiki/Special:FilePath/Wall_painting_-_phantastic_architecture_with_pictures_-_Pompeii_%28VIII_7_28_-_sanctuary_of_Isis_-_porticus%29_-_Napoli_MAN_-_06.jpg?width=400,ArchaiOptix,CC BY-SA 4.0,https://creativecommons.org/licenses/by-sa/4.0,https://commons.wikimedia.org/wiki/File:Wall_painting_-_phantastic_architecture_with_pictures_-_Pompeii_%28VIII_7_28_-_sanctuary_of_Isis_-_porticus%29_-_Napoli_MAN_-_06.jpg,,Wall painting - phantastic architecture with pictures - Pompeii (VIII 7 28 - sanctuary of Isis - porticus) - Napoli MAN - 06
pompeii-wall-painting-phantastic-architecture-with-pictures-pompeii-viii-7-28-sanctuary-of-isis-porticus-napoli-man-07,Wall painting - phantastic architecture with pictures - Pompeii (VIII 7 28 - sanctuary of Isis - porticus) - Napoli MAN - 07,Roman,General / Decorative,Late Neronian / Early Flavian,,,Pompeii,Campania,Naples National Archaeological Museum,40.75197,14.48701,approximate,https://commons.wikimedia.org/wiki/Special:FilePath/Wall_painting_-_phantastic_architecture_with_pictures_-_Pompeii_%28VIII_7_28_-_sanctuary_of_Isis_-_porticus%29_-_Napoli_MAN_-_07.jpg?width=400,ArchaiOptix,CC BY-SA 4.0,https://creativecommons.org/licenses/by-sa/4.0,https://commons.wikimedia.org/wiki/File:Wall_painting_-_phantastic_architecture_with_pictures_-_Pompeii_%28VIII_7_28_-_sanctuary_of_Isis_-_porticus%29_-_Napoli_MAN_-_07.jpg,,Wall painting - phantastic architecture with pictures - Pompeii (VIII 7 28 - sanctuary of Isis - porticus) - Napoli MAN - 07
pompeii-wall-painting-phantastic-architecture-with-pictures-pompeii-viii-7-28-sanctuary-of-isis-porticus-napoli-man-08,Wall painting - phantastic architecture with pictures - Pompeii (VIII 7 28 - sanctuary of Isis - porticus) - Napoli MAN - 08,Roman,General / Decorative,Late Neronian / Early Flavian,,,Pompeii,Campania,Naples National Archaeological Museum,40.75207,14.48745,approximate,https://commons.wikimedia.org/wiki/Special:FilePath/Wall_painting_-_phantastic_architecture_with_pictures_-_Pompeii_%28VIII_7_28_-_sanctuary_of_Isis_-_porticus%29_-_Napoli_MAN_-_08.jpg?width=400,ArchaiOptix,CC BY-SA 4.0,https://creativecommons.org/licenses/by-sa/4.0,https://commons.wikimedia.org/wiki/File:Wall_painting_-_phantastic_architecture_with_pictures_-_Pompeii_%28VIII_7_28_-_sanctuary_of_Isis_-_porticus%29_-_Napoli_MAN_-_08.jpg,,Wall painting - phantastic architecture with pictures - Pompeii (VIII 7 28 - sanctuary of Isis - porticus) - Napoli MAN - 08
pompeii-wall-painting-phantastic-architecture-with-pictures-pompeii-viii-7-28-sanctuary-of-isis-porticus-napoli-man-09,Wall painting - phantastic architecture with pictures - Pompeii (VIII 7 28 - sanctuary of Isis - porticus) - Napoli MAN - 09,Roman,General / Decorative,Late Neronian / Early Flavian,,,Pompeii,Campania,Naples National Archaeological Museum,40.74974,14.48775,approximate,https://commons.wikimedia.org/wiki/Special:FilePath/Wall_painting_-_phantastic_architecture_with_pictures_-_Pompeii_%28VIII_7_28_-_sanctuary_of_Isis_-_porticus%29_-_Napoli_MAN_-_09.jpg?width=400,ArchaiOptix,CC BY-SA 4.0,https://creativecommons.org/licenses/by-sa/4.0,https://commons.wikimedia.org/wiki/File:Wall_painting_-_phantastic_architecture_with_pictures_-_Pompeii_%28VIII_7_28_-_sanctuary_of_Isis_-_porticus%29_-_Napoli_MAN_-_09.jpg,,Wall painting - phantastic architecture with pictures - Pompeii (VIII 7 28 - sanctuary of Isis - porticus) - Napoli MAN - 09
pompeii-wall-painting-phantastic-architecture-with-pictures-pompeii-viii-7-28-sanctuary-of-isis-porticus-napoli-man-10,Wall painting - phantastic architecture with pictures - Pompeii (VIII 7 28 - sanctuary of Isis - porticus) - Napoli MAN - 10,Roman,General / Decorative,Late Neronian / Early Flavian,,,Pompeii,Campania,Naples National Archaeological Museum,40.75126,14.48691,approximate,https://commons.wikimedia.org/wiki/Special:FilePath/Wall_painting_-_phantastic_architecture_with_pictures_-_Pompeii_%28VIII_7_28_-_sanctuary_of_Isis_-_porticus%29_-_Napoli_MAN_-_10.jpg?width=400,ArchaiOptix,CC BY-SA 4.0,https://creativecommons.org/licenses/by-sa/4.0,https://commons.wikimedia.org/wiki/File:Wall_painting_-_phantastic_architecture_with_pictures_-_Pompeii_%28VIII_7_28_-_sanctuary_of_Isis_-_porticus%29_-_Napoli_MAN_-_10.jpg,,Wall painting - phantastic architecture with pictures - Pompeii (VIII 7 28 - sanctuary of Isis - porticus) - Napoli MAN - 10
pompeii-wall-painting-phantastic-architecture-with-pictures-pompeii-viii-7-28-sanctuary-of-isis-porticus-napoli-man-11,Wall painting - phantastic architecture with pictures - Pompeii (VIII 7 28 - sanctuary of Isis - porticus) - Napoli MAN - 11,Roman,General / Decorative,Late Neronian / Early Flavian,,,Pompeii,Campania,Naples National Archaeological Museum,40.75149,14.48527,approximate,https://commons.wikimedia.org/wiki/Special:FilePath/Wall_painting_-_phantastic_architecture_with_pictures_-_Pompeii_%28VIII_7_28_-_sanctuary_of_Isis_-_porticus%29_-_Napoli_MAN_-_11.jpg?width=400,ArchaiOptix,CC BY-SA 4.0,https://creativecommons.org/licenses/by-sa/4.0,https://commons.wikimedia.org/wiki/File:Wall_painting_-_phantastic_architecture_with_pictures_-_Pompeii_%28VIII_7_28_-_sanctuary_of_Isis_-_porticus%29_-_Napoli_MAN_-_11.jpg,,Wall painting - phantastic architecture with pictures - Pompeii (VIII 7 28 - sanctuary of Isis - porticus) - Napoli MAN - 11
pompeii-wall-painting-phantastic-architecture-with-pictures-pompeii-viii-7-28-sanctuary-of-isis-porticus-napoli-man-12,Wall painting - phantastic architecture with pictures - Pompeii (VIII 7 28 - sanctuary of Isis - porticus) - Napoli MAN - 12,Roman,General / Decorative,Late Neronian / Early Flavian,,,Pompeii,Campania,Naples National Archaeological Museum,40.75161,14.48739,approximate,https://commons.wikimedia.org/wiki/Special:FilePath/Wall_painting_-_phantastic_architecture_with_pictures_-_Pompeii_%28VIII_7_28_-_sanctuary_of_Isis_-_porticus%29_-_Napoli_MAN_-_12.jpg?width=400,ArchaiOptix,CC BY-SA 4.0,https://creativecommons.org/licenses/by-sa/4.0,https://commons.wikimedia.org/wiki/File:Wall_painting_-_phantastic_architecture_with_pictures_-_Pompeii_%28VIII_7_28_-_sanctuary_of_Isis_-_porticus%29_-_Napoli_MAN_-_12.jpg,,Wall painting - phantastic architecture with pictures - Pompeii (VIII 7 28 - sanctuary of Isis - porticus) - Napoli MAN - 12
pompeii-wall-painting-phantastic-architecture-with-pictures-pompeii-viii-7-28-sanctuary-of-isis-porticus-napoli-man-13,Wall painting - phantastic architecture with pictures - Pompeii (VIII 7 28 - sanctuary of Isis - porticus) - Napoli MAN - 13,Roman,General / Decorative,Late Neronian / Early Flavian,,,Pompeii,Campania,Naples National Archaeological Museum,40.75211,14.48754,approximate,https://commons.wikimedia.org/wiki/Special:FilePath/Wall_painting_-_phantastic_architecture_with_pictures_-_Pompeii_%28VIII_7_28_-_sanctuary_of_Isis_-_porticus%29_-_Napoli_MAN_-_13.jpg?width=400,ArchaiOptix,CC BY-SA 4.0,https://creativecommons.org/licenses/by-sa/4.0,https://commons.wikimedia.org/wiki/File:Wall_painting_-_phantastic_architecture_with_pictures_-_Pompeii_%28VIII_7_28_-_sanctuary_of_Isis_-_porticus%29_-_Napoli_MAN_-_13.jpg,,Wall painting - phantastic architecture with pictures - Pompeii (VIII 7 28 - sanctuary of Isis - porticus) - Napoli MAN - 13
pompeii-wall-painting-phantastic-architecture-with-pictures-pompeii-viii-7-28-sanctuary-of-isis-porticus-napoli-man-14,Wall painting - phantastic architecture with pictures - Pompeii (VIII 7 28 - sanctuary of Isis - porticus) - Napoli MAN - 14,Roman,General / Decorative,Late Neronian / Early Flavian,,,Pompeii,Campania,Naples National Archaeological Museum,40.75116,14.48594,approximate,https://commons.wikimedia.org/wiki/Special:FilePath/Wall_painting_-_phantastic_architecture_with_pictures_-_Pompeii_%28VIII_7_28_-_sanctuary_of_Isis_-_porticus%29_-_Napoli_MAN_-_14.jpg?width=400,ArchaiOptix,CC BY-SA 4.0,https://creativecommons.org/licenses/by-sa/4.0,https://commons.wikimedia.org/wiki/File:Wall_painting_-_phantastic_architecture_with_pictures_-_Pompeii_%28VIII_7_28_-_sanctuary_of_Isis_-_porticus%29_-_Napoli_MAN_-_14.jpg,,Wall painting - phantastic architecture with pictures - Pompeii (VIII 7 28 - sanctuary of Isis - porticus) - Napoli MAN - 14
pompeii-wall-painting-phantastic-architecture-with-pictures-pompeii-viii-7-28-sanctuary-of-isis-porticus-napoli-man-15,Wall painting - phantastic architecture with pictures - Pompeii (VIII 7 28 - sanctuary of Isis - porticus) - Napoli MAN - 15,Roman,General / Decorative,Late Neronian / Early Flavian,,,Pompeii,Campania,Naples National Archaeological Museum,40.74997,14.48658,approximate,https://commons.wikimedia.org/wiki/Special:FilePath/Wall_painting_-_phantastic_architecture_with_pictures_-_Pompeii_%28VIII_7_28_-_sanctuary_of_Isis_-_porticus%29_-_Napoli_MAN_-_15.jpg?width=400,ArchaiOptix,CC BY-SA 4.0,https://creativecommons.org/licenses/by-sa/4.0,https://commons.wikimedia.org/wiki/File:Wall_painting_-_phantastic_architecture_with_pictures_-_Pompeii_%28VIII_7_28_-_sanctuary_of_Isis_-_porticus%29_-_Napoli_MAN_-_15.jpg,,Wall painting - phantastic architecture with pictures - Pompeii (VIII 7 28 - sanctuary of Isis - porticus) - Napoli MAN - 15
pompeii-wall-painting-phantastic-architecture-with-pictures-pompeii-viii-7-28-sanctuary-of-isis-porticus-napoli-man-16,Wall painting - phantastic architecture with pictures - Pompeii (VIII 7 28 - sanctuary of Isis - porticus) - Napoli MAN - 16,Roman,General / Decorative,Late Neronian / Early Flavian,,,Pompeii,Campania,Naples National Archaeological Museum,40.75156,14.48647,approximate,https://commons.wikimedia.org/wiki/Special:FilePath/Wall_painting_-_phantastic_architecture_with_pictures_-_Pompeii_%28VIII_7_28_-_sanctuary_of_Isis_-_porticus%29_-_Napoli_MAN_-_16.jpg?width=400,ArchaiOptix,CC BY-SA 4.0,https://creativecommons.org/licenses/by-sa/4.0,https://commons.wikimedia.org/wiki/File:Wall_painting_-_phantastic_architecture_with_pictures_-_Pompeii_%28VIII_7_28_-_sanctuary_of_Isis_-_porticus%29_-_Napoli_MAN_-_16.jpg,,Wall painting - phantastic architecture with pictures - Pompeii (VIII 7 28 - sanctuary of Isis - porticus) - Napoli MAN - 16
pompeii-wall-painting-phantastic-architecture-with-pictures-pompeii-viii-7-28-sanctuary-of-isis-porticus-napoli-man-17,Wall painting - phantastic architecture with pictures - Pompeii (VIII 7 28 - sanctuary of Isis - porticus) - Napoli MAN - 17,Roman,General / Decorative,Late Neronian / Early Flavian,,,Pompeii,Campania,Naples National Archaeological Museum,40.75197,14.48747,approximate,https://commons.wikimedia.org/wiki/Special:FilePath/Wall_painting_-_phantastic_architecture_with_pictures_-_Pompeii_%28VIII_7_28_-_sanctuary_of_Isis_-_porticus%29_-_Napoli_MAN_-_17.jpg?width=400,ArchaiOptix,CC BY-SA 4.0,https://creativecommons.org/licenses/by-sa/4.0,https://commons.wikimedia.org/wiki/File:Wall_painting_-_phantastic_architecture_with_pictures_-_Pompeii_%28VIII_7_28_-_sanctuary_of_Isis_-_porticus%29_-_Napoli_MAN_-_17.jpg,,Wall painting - phantastic architecture with pictures - Pompeii (VIII 7 28 - sanctuary of Isis - porticus) - Napoli MAN - 17
pompeii-wall-painting-phantastic-architecture-with-pictures-pompeii-viii-7-28-sanctuary-of-isis-porticus-napoli-man-18,Wall painting - phantastic architecture with pictures - Pompeii (VIII 7 28 - sanctuary of Isis - porticus) - Napoli MAN - 18,Roman,General / Decorative,Late Neronian / Early Flavian,,,Pompeii,Campania,Naples National Archaeological Museum,40.75149,14.48585,approximate,https://commons.wikimedia.org/wiki/Special:FilePath/Wall_painting_-_phantastic_architecture_with_pictures_-_Pompeii_%28VIII_7_28_-_sanctuary_of_Isis_-_porticus%29_-_Napoli_MAN_-_18.jpg?width=400,ArchaiOptix,CC BY-SA 4.0,https://creativecommons.org/licenses/by-sa/4.0,https://commons.wikimedia.org/wiki/File:Wall_painting_-_phantastic_architecture_with_pictures_-_Pompeii_%28VIII_7_28_-_sanctuary_of_Isis_-_porticus%29_-_Napoli_MAN_-_18.jpg,,Wall painting - phantastic architecture with pictures - Pompeii (VIII 7 28 - sanctuary of Isis - porticus) - Napoli MAN - 18
pompeii-wall-painting-phantastic-architecture-with-pictures-pompeii-viii-7-28-sanctuary-of-isis-porticus-napoli-man-19,Wall painting - phantastic architecture with pictures - Pompeii (VIII 7 28 - sanctuary of Isis - porticus) - Napoli MAN - 19,Roman,General / Decorative,Late Neronian / Early Flavian,,,Pompeii,Campania,Naples National Archaeological Museum,40.75136,14.48579,approximate,https://commons.wikimedia.org/wiki/Special:FilePath/Wall_painting_-_phantastic_architecture_with_pictures_-_Pompeii_%28VIII_7_28_-_sanctuary_of_Isis_-_porticus%29_-_Napoli_MAN_-_19.jpg?width=400,ArchaiOptix,CC BY-SA 4.0,https://creativecommons.org/licenses/by-sa/4.0,https://commons.wikimedia.org/wiki/File:Wall_painting_-_phantastic_architecture_with_pictures_-_Pompeii_%28VIII_7_28_-_sanctuary_of_Isis_-_porticus%29_-_Napoli_MAN_-_19.jpg,,Wall painting - phantastic architecture with pictures - Pompeii (VIII 7 28 - sanctuary of Isis - porticus) - Napoli MAN - 19
pompeii-wall-painting-phantastic-architecture-with-pictures-pompeii-viii-7-28-sanctuary-of-isis-porticus-napoli-man-20,Wall painting - phantastic architecture with pictures - Pompeii (VIII 7 28 - sanctuary of Isis - porticus) - Napoli MAN - 20,Roman,General / Decorative,Late Neronian / Early Flavian,,,Pompeii,Campania,Naples National Archaeological Museum,40.75224,14.48631,approximate,https://commons.wikimedia.org/wiki/Special:FilePath/Wall_painting_-_phantastic_architecture_with_pictures_-_Pompeii_%28VIII_7_28_-_sanctuary_of_Isis_-_porticus%29_-_Napoli_MAN_-_20.jpg?width=400,ArchaiOptix,CC BY-SA 4.0,https://creativecommons.org/licenses/by-sa/4.0,https://commons.wikimedia.org/wiki/File:Wall_painting_-_phantastic_architecture_with_pictures_-_Pompeii_%28VIII_7_28_-_sanctuary_of_Isis_-_porticus%29_-_Napoli_MAN_-_20.jpg,,Wall painting - phantastic architecture with pictures - Pompeii (VIII 7 28 - sanctuary of Isis - porticus) - Napoli MAN - 20
pompeii-wall-painting-phantastic-architecture-with-pictures-pompeii-viii-7-28-sanctuary-of-isis-porticus-napoli-man-21,Wall painting - phantastic architecture with pictures - Pompeii (VIII 7 28 - sanctuary of Isis - porticus) - Napoli MAN - 21,Roman,General / Decorative,Late Neronian / Early Flavian,,,Pompeii,Campania,Naples National Archaeological Museum,40.75156,14.48741,approximate,https://commons.wikimedia.org/wiki/Special:FilePath/Wall_painting_-_phantastic_architecture_with_pictures_-_Pompeii_%28VIII_7_28_-_sanctuary_of_Isis_-_porticus%29_-_Napoli_MAN_-_21.jpg?width=400,ArchaiOptix,CC BY-SA 4.0,https://creativecommons.org/licenses/by-sa/4.0,https://commons.wikimedia.org/wiki/File:Wall_painting_-_phantastic_architecture_with_pictures_-_Pompeii_%28VIII_7_28_-_sanctuary_of_Isis_-_porticus%29_-_Napoli_MAN_-_21.jpg,,Wall painting - phantastic architecture with pictures - Pompeii (VIII 7 28 - sanctuary of Isis - porticus) - Napoli MAN - 21
pompeii-wall-painting-phantastic-architecture-with-pictures-pompeii-viii-7-28-sanctuary-of-isis-porticus-napoli-man-22,Wall painting - phantastic architecture with pictures - Pompeii (VIII 7 28 - sanctuary of Isis - porticus) - Napoli MAN - 22,Roman,General / Decorative,Late Neronian / Early Flavian,,,Pompeii,Campania,Naples National Archaeological Museum,40.7498,14.48728,approximate,https://commons.wikimedia.org/wiki/Special:FilePath/Wall_painting_-_phantastic_architecture_with_pictures_-_Pompeii_%28VIII_7_28_-_sanctuary_of_Isis_-_porticus%29_-_Napoli_MAN_-_22.jpg?width=400,ArchaiOptix,CC BY-SA 4.0,https://creativecommons.org/licenses/by-sa/4.0,https://commons.wikimedia.org/wiki/File:Wall_painting_-_phantastic_architecture_with_pictures_-_Pompeii_%28VIII_7_28_-_sanctuary_of_Isis_-_porticus%29_-_Napoli_MAN_-_22.jpg,,Wall painting - phantastic architecture with pictures - Pompeii (VIII 7 28 - sanctuary of Isis - porticus) - Napoli MAN - 22
pompeii-wall-painting-phantastic-architecture-with-pictures-pompeii-viii-7-28-sanctuary-of-isis-porticus-napoli-man-23,Wall painting - phantastic architecture with pictures - Pompeii (VIII 7 28 - sanctuary of Isis - porticus) - Napoli MAN - 23,Roman,General / Decorative,Late Neronian / Early Flavian,,,Pompeii,Campania,Naples National Archaeological Museum,40.75121,14.48672,approximate,https://commons.wikimedia.org/wiki/Special:FilePath/Wall_painting_-_phantastic_architecture_with_pictures_-_Pompeii_%28VIII_7_28_-_sanctuary_of_Isis_-_porticus%29_-_Napoli_MAN_-_23.jpg?width=400,ArchaiOptix,CC BY-SA 4.0,https://creativecommons.org/licenses/by-sa/4.0,https://commons.wikimedia.org/wiki/File:Wall_painting_-_phantastic_architecture_with_pictures_-_Pompeii_%28VIII_7_28_-_sanctuary_of_Isis_-_porticus%29_-_Napoli_MAN_-_23.jpg,,Wall painting - phantastic architecture with pictures - Pompeii (VIII 7 28 - sanctuary of Isis - porticus) - Napoli MAN - 23
pompeii-wall-painting-phantastic-architecture-with-pictures-pompeii-viii-7-28-sanctuary-of-isis-porticus-napoli-man-24,Wall painting - phantastic architecture with pictures - Pompeii (VIII 7 28 - sanctuary of Isis - porticus) - Napoli MAN - 24,Roman,General / Decorative,Late Neronian / Early Flavian,,,Pompeii,Campania,Naples National Archaeological Museum,40.75165,14.48618,approximate,https://commons.wikimedia.org/wiki/Special:FilePath/Wall_painting_-_phantastic_architecture_with_pictures_-_Pompeii_%28VIII_7_28_-_sanctuary_of_Isis_-_porticus%29_-_Napoli_MAN_-_24.jpg?width=400,ArchaiOptix,CC BY-SA 4.0,https://creativecommons.org/licenses/by-sa/4.0,https://commons.wikimedia.org/wiki/File:Wall_painting_-_phantastic_architecture_with_pictures_-_Pompeii_%28VIII_7_28_-_sanctuary_of_Isis_-_porticus%29_-_Napoli_MAN_-_24.jpg,,Wall painting - phantastic architecture with pictures - Pompeii (VIII 7 28 - sanctuary of Isis - porticus) - Napoli MAN - 24
pompeii-wall-painting-phantastic-architecture-with-pictures-pompeii-viii-7-28-sanctuary-of-isis-porticus-napoli-man-25,Wall painting - phantastic architecture with pictures - Pompeii (VIII 7 28 - sanctuary of Isis - porticus) - Napoli MAN - 25,Roman,General / Decorative,Late Neronian / Early Flavian,,,Pompeii,Campania,Naples National Archaeological Museum,40.75011,14.4852,approximate,https://commons.wikimedia.org/wiki/Special:FilePath/Wall_painting_-_phantastic_architecture_with_pictures_-_Pompeii_%28VIII_7_28_-_sanctuary_of_Isis_-_porticus%29_-_Napoli_MAN_-_25.jpg?width=400,ArchaiOptix,CC BY-SA 4.0,https://creativecommons.org/licenses/by-sa/4.0,https://commons.wikimedia.org/wiki/File:Wall_painting_-_phantastic_architecture_with_pictures_-_Pompeii_%28VIII_7_28_-_sanctuary_of_Isis_-_porticus%29_-_Napoli_MAN_-_25.jpg,,Wall painting - phantastic architecture with pictures - Pompeii (VIII 7 28 - sanctuary of Isis - porticus) - Napoli MAN - 25
pompeii-wall-painting-phantastic-architecture-with-pictures-pompeii-viii-7-28-sanctuary-of-isis-porticus-napoli-man-26,Wall painting - phantastic architecture with pictures - Pompeii (VIII 7 28 - sanctuary of Isis - porticus) - Napoli MAN - 26,Roman,General / Decorative,Late Neronian / Early Flavian,,,Pompeii,Campania,Naples National Archaeological Museum,40.75213,14.48769,approximate,https://commons.wikimedia.org/wiki/Special:FilePath/Wall_painting_-_phantastic_architecture_with_pictures_-_Pompeii_%28VIII_7_28_-_sanctuary_of_Isis_-_porticus%29_-_Napoli_MAN_-_26.jpg?width=400,ArchaiOptix,CC BY-SA 4.0,https://creativecommons.org/licenses/by-sa/4.0,https://commons.wikimedia.org/wiki/File:Wall_painting_-_phantastic_architecture_with_pictures_-_Pompeii_%28VIII_7_28_-_sanctuary_of_Isis_-_porticus%29_-_Napoli_MAN_-_26.jpg,,Wall painting - phantastic architecture with pictures - Pompeii (VIII 7 28 - sanctuary of Isis - porticus) - Napoli MAN - 26
pompeii-wall-painting-phantastic-architecture-with-pictures-pompeii-viii-7-28-sanctuary-of-isis-porticus-napoli-man-27,Wall painting - phantastic architecture with pictures - Pompeii (VIII 7 28 - sanctuary of Isis - porticus) - Napoli MAN - 27,Roman,General / Decorative,Late Neronian / Early Flavian,,,Pompeii,Campania,Naples National Archaeological Museum,40.75014,14.48633,approximate,https://commons.wikimedia.org/wiki/Special:FilePath/Wall_painting_-_phantastic_architecture_with_pictures_-_Pompeii_%28VIII_7_28_-_sanctuary_of_Isis_-_porticus%29_-_Napoli_MAN_-_27.jpg?width=400,ArchaiOptix,CC BY-SA 4.0,https://creativecommons.org/licenses/by-sa/4.0,https://commons.wikimedia.org/wiki/File:Wall_painting_-_phantastic_architecture_with_pictures_-_Pompeii_%28VIII_7_28_-_sanctuary_of_Isis_-_porticus%29_-_Napoli_MAN_-_27.jpg,,Wall painting - phantastic architecture with pictures - Pompeii (VIII 7 28 - sanctuary of Isis - porticus) - Napoli MAN - 27
pompeii-wall-painting-phantastic-architecture-with-pictures-pompeii-viii-7-28-sanctuary-of-isis-porticus-napoli-man-28,Wall painting - phantastic architecture with pictures - Pompeii (VIII 7 28 - sanctuary of Isis - porticus) - Napoli MAN - 28,Roman,General / Decorative,Late Neronian / Early Flavian,,,Pompeii,Campania,Naples National Archaeological Museum,40.75054,14.48651,approximate,https://commons.wikimedia.org/wiki/Special:FilePath/Wall_painting_-_phantastic_architecture_with_pictures_-_Pompeii_%28VIII_7_28_-_sanctuary_of_Isis_-_porticus%29_-_Napoli_MAN_-_28.jpg?width=400,ArchaiOptix,CC BY-SA 4.0,https://creativecommons.org/licenses/by-sa/4.0,https://commons.wikimedia.org/wiki/File:Wall_painting_-_phantastic_architecture_with_pictures_-_Pompeii_%28VIII_7_28_-_sanctuary_of_Isis_-_porticus%29_-_Napoli_MAN_-_28.jpg,,Wall painting - phantastic architecture with pictures - Pompeii (VIII 7 28 - sanctuary of Isis - porticus) - Napoli MAN - 28
pompeii-wall-painting-phantastic-architecture-with-pictures-pompeii-viii-7-28-sanctuary-of-isis-porticus-napoli-man-29,Wall painting - phantastic architecture with pictures - Pompeii (VIII 7 28 - sanctuary of Isis - porticus) - Napoli MAN - 29,Roman,General / Decorative,Late Neronian / Early Flavian,,,Pompeii,Campania,Naples National Archaeological Museum,40.75126,14.48637,approximate,https://commons.wikimedia.org/wiki/Special:FilePath/Wall_painting_-_phantastic_architecture_with_pictures_-_Pompeii_%28VIII_7_28_-_sanctuary_of_Isis_-_porticus%29_-_Napoli_MAN_-_29.jpg?width=400,ArchaiOptix,CC BY-SA 4.0,https://creativecommons.org/licenses/by-sa/4.0,https://commons.wikimedia.org/wiki/File:Wall_painting_-_phantastic_architecture_with_pictures_-_Pompeii_%28VIII_7_28_-_sanctuary_of_Isis_-_porticus%29_-_Napoli_MAN_-_29.jpg,,Wall painting - phantastic architecture with pictures - Pompeii (VIII 7 28 - sanctuary of Isis - porticus) - Napoli MAN - 29
pompeii-wall-painting-phantastic-architecture-with-pictures-pompeii-viii-7-28-sanctuary-of-isis-porticus-napoli-man-30,Wall painting - phantastic architecture with pictures - Pompeii (VIII 7 28 - sanctuary of Isis - porticus) - Napoli MAN - 30,Roman,General / Decorative,Late Neronian / Early Flavian,,,Pompeii,Campania,Naples National Archaeological Museum,40.75025,14.48549,approximate,https://commons.wikimedia.org/wiki/Special:FilePath/Wall_painting_-_phantastic_architecture_with_pictures_-_Pompeii_%28VIII_7_28_-_sanctuary_of_Isis_-_porticus%29_-_Napoli_MAN_-_30.jpg?width=400,ArchaiOptix,CC BY-SA 4.0,https://creativecommons.org/licenses/by-sa/4.0,https://commons.wikimedia.org/wiki/File:Wall_painting_-_phantastic_architecture_with_pictures_-_Pompeii_%28VIII_7_28_-_sanctuary_of_Isis_-_porticus%29_-_Napoli_MAN_-_30.jpg,,Wall painting - phantastic architecture with pictures - Pompeii (VIII 7 28 - sanctuary of Isis - porticus) - Napoli MAN - 30
pompeii-wall-painting-phantastic-architecture-with-pictures-pompeii-viii-7-28-sanctuary-of-isis-porticus-napoli-man-31,Wall painting - phantastic architecture with pictures - Pompeii (VIII 7 28 - sanctuary of Isis - porticus) - Napoli MAN - 31,Roman,General / Decorative,Late Neronian / Early Flavian,,,Pompeii,Campania,Naples National Archaeological Museum,40.75068,14.48701,approximate,https://commons.wikimedia.org/wiki/Special:FilePath/Wall_painting_-_phantastic_architecture_with_pictures_-_Pompeii_%28VIII_7_28_-_sanctuary_of_Isis_-_porticus%29_-_Napoli_MAN_-_31.jpg?width=400,ArchaiOptix,CC BY-SA 4.0,https://creativecommons.org/licenses/by-sa/4.0,https://commons.wikimedia.org/wiki/File:Wall_painting_-_phantastic_architecture_with_pictures_-_Pompeii_%28VIII_7_28_-_sanctuary_of_Isis_-_porticus%29_-_Napoli_MAN_-_31.jpg,,Wall painting - phantastic architecture with pictures - Pompeii (VIII 7 28 - sanctuary of Isis - porticus) - Napoli MAN - 31
pompeii-wall-painting-phantastic-architecture-with-pictures-pompeii-viii-7-28-sanctuary-of-isis-porticus-napoli-man-32,Wall painting - phantastic architecture with pictures - Pompeii (VIII 7 28 - sanctuary of Isis - porticus) - Napoli MAN - 32,Roman,General / Decorative,Late Neronian / Early Flavian,,,Pompeii,Campania,Naples National Archaeological Museum,40.75176,14.48637,approximate,https://commons.wikimedia.org/wiki/Special:FilePath/Wall_painting_-_phantastic_architecture_with_pictures_-_Pompeii_%28VIII_7_28_-_sanctuary_of_Isis_-_porticus%29_-_Napoli_MAN_-_32.jpg?width=400,ArchaiOptix,CC BY-SA 4.0,https://creativecommons.org/licenses/by-sa/4.0,https://commons.wikimedia.org/wiki/File:Wall_painting_-_phantastic_architecture_with_pictures_-_Pompeii_%28VIII_7_28_-_sanctuary_of_Isis_-_porticus%29_-_Napoli_MAN_-_32.jpg,,Wall painting - phantastic architecture with pictures - Pompeii (VIII 7 28 - sanctuary of Isis - porticus) - Napoli MAN - 32
pompeii-wall-painting-phantastic-architecture-with-pictures-pompeii-viii-7-28-sanctuary-of-isis-porticus-napoli-man-33,Wall painting - phantastic architecture with pictures - Pompeii (VIII 7 28 - sanctuary of Isis - porticus) - Napoli MAN - 33,Roman,General / Decorative,Late Neronian / Early Flavian,,,Pompeii,Campania,Naples National Archaeological Museum,40.75199,14.48715,approximate,https://commons.wikimedia.org/wiki/Special:FilePath/Wall_painting_-_phantastic_architecture_with_pictures_-_Pompeii_%28VIII_7_28_-_sanctuary_of_Isis_-_porticus%29_-_Napoli_MAN_-_33.jpg?width=400,ArchaiOptix,CC BY-SA 4.0,https://creativecommons.org/licenses/by-sa/4.0,https://commons.wikimedia.org/wiki/File:Wall_painting_-_phantastic_architecture_with_pictures_-_Pompeii_%28VIII_7_28_-_sanctuary_of_Isis_-_porticus%29_-_Napoli_MAN_-_33.jpg,,Wall painting - phantastic architecture with pictures - Pompeii (VIII 7 28 - sanctuary of Isis - porticus) - Napoli MAN - 33
pompeii-wall-painting-phantastic-architecture-with-pictures-pompeii-viii-7-28-sanctuary-of-isis-porticus-napoli-man-34,Wall painting - phantastic architecture with pictures - Pompeii (VIII 7 28 - sanctuary of Isis - porticus) - Napoli MAN - 34,Roman,General / Decorative,Late Neronian / Early Flavian,,,Pompeii,Campania,Naples National Archaeological Museum,40.75106,14.48808,approximate,https://commons.wikimedia.org/wiki/Special:FilePath/Wall_painting_-_phantastic_architecture_with_pictures_-_Pompeii_%28VIII_7_28_-_sanctuary_of_Isis_-_porticus%29_-_Napoli_MAN_-_34.jpg?width=400,ArchaiOptix,CC BY-SA 4.0,https://creativecommons.org/licenses/by-sa/4.0,https://commons.wikimedia.org/wiki/File:Wall_painting_-_phantastic_architecture_with_pictures_-_Pompeii_%28VIII_7_28_-_sanctuary_of_Isis_-_porticus%29_-_Napoli_MAN_-_34.jpg,,Wall painting - phantastic architecture with pictures - Pompeii (VIII 7 28 - sanctuary of Isis - porticus) - Napoli MAN - 34
pompeii-wall-painting-phantastic-architecture-with-pictures-pompeii-viii-7-28-sanctuary-of-isis-porticus-napoli-man-35,Wall painting - phantastic architecture with pictures - Pompeii (VIII 7 28 - sanctuary of Isis - porticus) - Napoli MAN - 35,Roman,General / Decorative,Late Neronian / Early Flavian,,,Pompeii,Campania,Naples National Archaeological Museum,40.75101,14.48771,approximate,https://commons.wikimedia.org/wiki/Special:FilePath/Wall_painting_-_phantastic_architecture_with_pictures_-_Pompeii_%28VIII_7_28_-_sanctuary_of_Isis_-_porticus%29_-_Napoli_MAN_-_35.jpg?width=400,ArchaiOptix,CC BY-SA 4.0,https://creativecommons.org/licenses/by-sa/4.0,https://commons.wikimedia.org/wiki/File:Wall_painting_-_phantastic_architecture_with_pictures_-_Pompeii_%28VIII_7_28_-_sanctuary_of_Isis_-_porticus%29_-_Napoli_MAN_-_35.jpg,,Wall painting - phantastic architecture with pictures - Pompeii (VIII 7 28 - sanctuary of Isis - porticus) - Napoli MAN - 35
pompeii-wall-painting-phantastic-architecture-with-pictures-pompeii-viii-7-28-sanctuary-of-isis-porticus-napoli-man-36,Wall painting - phantastic architecture with pictures - Pompeii (VIII 7 28 - sanctuary of Isis - porticus) - Napoli MAN - 36,Roman,General / Decorative,Late Neronian / Early Flavian,,,Pompeii,Campania,Naples National Archaeological Museum,40.74946,14.48762,approximate,https://commons.wikimedia.org/wiki/Special:FilePath/Wall_painting_-_phantastic_architecture_with_pictures_-_Pompeii_%28VIII_7_28_-_sanctuary_of_Isis_-_porticus%29_-_Napoli_MAN_-_36.jpg?width=400,ArchaiOptix,CC BY-SA 4.0,https://creativecommons.org/licenses/by-sa/4.0,https://commons.wikimedia.org/wiki/File:Wall_painting_-_phantastic_architecture_with_pictures_-_Pompeii_%28VIII_7_28_-_sanctuary_of_Isis_-_porticus%29_-_Napoli_MAN_-_36.jpg,,Wall painting - phantastic architecture with pictures - Pompeii (VIII 7 28 - sanctuary of Isis - porticus) - Napoli MAN - 36
pompeii-wall-painting-phantastic-architecture-with-pictures-pompeii-viii-7-28-sanctuary-of-isis-porticus-napoli-man-37,Wall painting - phantastic architecture with pictures - Pompeii (VIII 7 28 - sanctuary of Isis - porticus) - Napoli MAN - 37,Roman,General / Decorative,Late Neronian / Early Flavian,,,Pompeii,Campania,Naples National Archaeological Museum,40.75156,14.48736,approximate,https://commons.wikimedia.org/wiki/Special:FilePath/Wall_painting_-_phantastic_architecture_with_pictures_-_Pompeii_%28VIII_7_28_-_sanctuary_of_Isis_-_porticus%29_-_Napoli_MAN_-_37.jpg?width=400,ArchaiOptix,CC BY-SA 4.0,https://creativecommons.org/licenses/by-sa/4.0,https://commons.wikimedia.org/wiki/File:Wall_painting_-_phantastic_architecture_with_pictures_-_Pompeii_%28VIII_7_28_-_sanctuary_of_Isis_-_porticus%29_-_Napoli_MAN_-_37.jpg,,Wall painting - phantastic architecture with pictures - Pompeii (VIII 7 28 - sanctuary of Isis - porticus) - Napoli MAN - 37
pompeii-wall-painting-phantastic-architecture-with-pictures-pompeii-viii-7-28-sanctuary-of-isis-porticus-napoli-man-38,Wall painting - phantastic architecture with pictures - Pompeii (VIII 7 28 - sanctuary of Isis - porticus) - Napoli MAN - 38,Roman,General / Decorative,Late Neronian / Early Flavian,,,Pompeii,Campania,Naples National Archaeological Museum,40.74965,14.48576,approximate,https://commons.wikimedia.org/wiki/Special:FilePath/Wall_painting_-_phantastic_architecture_with_pictures_-_Pompeii_%28VIII_7_28_-_sanctuary_of_Isis_-_porticus%29_-_Napoli_MAN_-_38.jpg?width=400,ArchaiOptix,CC BY-SA 4.0,https://creativecommons.org/licenses/by-sa/4.0,https://commons.wikimedia.org/wiki/File:Wall_painting_-_phantastic_architecture_with_pictures_-_Pompeii_%28VIII_7_28_-_sanctuary_of_Isis_-_porticus%29_-_Napoli_MAN_-_38.jpg,,Wall painting - phantastic architecture with pictures - Pompeii (VIII 7 28 - sanctuary of Isis - porticus) - Napoli MAN - 38
pompeii-wall-painting-phantastic-architecture-with-pictures-pompeii-viii-7-28-sanctuary-of-isis-porticus-napoli-man-39,Wall painting - phantastic architecture with pictures - Pompeii (VIII 7 28 - sanctuary of Isis - porticus) - Napoli MAN - 39,Roman,General / Decorative,Late Neronian / Early Flavian,,,Pompeii,Campania,Naples National Archaeological Museum,40.75092,14.48688,approximate,https://commons.wikimedia.org/wiki/Special:FilePath/Wall_painting_-_phantastic_architecture_with_pictures_-_Pompeii_%28VIII_7_28_-_sanctuary_of_Isis_-_porticus%29_-_Napoli_MAN_-_39.jpg?width=400,ArchaiOptix,CC BY-SA 4.0,https://creativecommons.org/licenses/by-sa/4.0,https://commons.wikimedia.org/wiki/File:Wall_painting_-_phantastic_architecture_with_pictures_-_Pompeii_%28VIII_7_28_-_sanctuary_of_Isis_-_porticus%29_-_Napoli_MAN_-_39.jpg,,Wall painting - phantastic architecture with pictures - Pompeii (VIII 7 28 - sanctuary of Isis - porticus) - Napoli MAN - 39
pompeii-wall-painting-phantastic-architecture-with-pictures-pompeii-viii-7-28-sanctuary-of-isis-porticus-napoli-man-40,Wall painting - phantastic architecture with pictures - Pompeii (VIII 7 28 - sanctuary of Isis - porticus) - Napoli MAN - 40,Roman,General / Decorative,Late Neronian / Early Flavian,,,Pompeii,Campania,Naples National Archaeological Museum,40.75227,14.48722,approximate,https://commons.wikimedia.org/wiki/Special:FilePath/Wall_painting_-_phantastic_architecture_with_pictures_-_Pompeii_%28VIII_7_28_-_sanctuary_of_Isis_-_porticus%29_-_Napoli_MAN_-_40.jpg?width=400,ArchaiOptix,CC BY-SA 4.0,https://creativecommons.org/licenses/by-sa/4.0,https://commons.wikimedia.org/wiki/File:Wall_painting_-_phantastic_architecture_with_pictures_-_Pompeii_%28VIII_7_28_-_sanctuary_of_Isis_-_porticus%29_-_Napoli_MAN_-_40.jpg,,Wall painting - phantastic architecture with pictures - Pompeii (VIII 7 28 - sanctuary of Isis - porticus) - Napoli MAN - 40
pompeii-wall-painting-phantastic-architecture-with-pictures-pompeii-viii-7-28-sanctuary-of-isis-porticus-napoli-man-41,Wall painting - phantastic architecture with pictures - Pompeii (VIII 7 28 - sanctuary of Isis - porticus) - Napoli MAN - 41,Roman,General / Decorative,Late Neronian / Early Flavian,,,Pompeii,Campania,Naples National Archaeological Museum,40.75174,14.48607,approximate,https://commons.wikimedia.org/wiki/Special:FilePath/Wall_painting_-_phantastic_architecture_with_pictures_-_Pompeii_%28VIII_7_28_-_sanctuary_of_Isis_-_porticus%29_-_Napoli_MAN_-_41.jpg?width=400,ArchaiOptix,CC BY-SA 4.0,https://creativecommons.org/licenses/by-sa/4.0,https://commons.wikimedia.org/wiki/File:Wall_painting_-_phantastic_architecture_with_pictures_-_Pompeii_%28VIII_7_28_-_sanctuary_of_Isis_-_porticus%29_-_Napoli_MAN_-_41.jpg,,Wall painting - phantastic architecture with pictures - Pompeii (VIII 7 28 - sanctuary of Isis - porticus) - Napoli MAN - 41
pompeii-wall-painting-phantastic-architecture-with-pictures-pompeii-viii-7-28-sanctuary-of-isis-porticus-napoli-man-42,Wall painting - phantastic architecture with pictures - Pompeii (VIII 7 28 - sanctuary of Isis - porticus) - Napoli MAN - 42,Roman,General / Decorative,Late Neronian / Early Flavian,,,Pompeii,Campania,Naples National Archaeological Museum,40.74994,14.48659,approximate,https://commons.wikimedia.org/wiki/Special:FilePath/Wall_painting_-_phantastic_architecture_with_pictures_-_Pompeii_%28VIII_7_28_-_sanctuary_of_Isis_-_porticus%29_-_Napoli_MAN_-_42.jpg?width=400,ArchaiOptix,CC BY-SA 4.0,https://creativecommons.org/licenses/by-sa/4.0,https://commons.wikimedia.org/wiki/File:Wall_painting_-_phantastic_architecture_with_pictures_-_Pompeii_%28VIII_7_28_-_sanctuary_of_Isis_-_porticus%29_-_Napoli_MAN_-_42.jpg,,Wall painting - phantastic architecture with pictures - Pompeii (VIII 7 28 - sanctuary of Isis - porticus) - Napoli MAN - 42
pompeii-wall-painting-phantastic-architecture-with-pictures-pompeii-viii-7-28-sanctuary-of-isis-porticus-napoli-man-43,Wall painting - phantastic architecture with pictures - Pompeii (VIII 7 28 - sanctuary of Isis - porticus) - Napoli MAN - 43,Roman,General / Decorative,Late Neronian / Early Flavian,,,Pompeii,Campania,Naples National Archaeological Museum,40.75209,14.48579,approximate,https://commons.wikimedia.org/wiki/Special:FilePath/Wall_painting_-_phantastic_architecture_with_pictures_-_Pompeii_%28VIII_7_28_-_sanctuary_of_Isis_-_porticus%29_-_Napoli_MAN_-_43.jpg?width=400,ArchaiOptix,CC BY-SA 4.0,https://creativecommons.org/licenses/by-sa/4.0,https://commons.wikimedia.org/wiki/File:Wall_painting_-_phantastic_architecture_with_pictures_-_Pompeii_%28VIII_7_28_-_sanctuary_of_Isis_-_porticus%29_-_Napoli_MAN_-_43.jpg,,Wall painting - phantastic architecture with pictures - Pompeii (VIII 7 28 - sanctuary of Isis - porticus) - Napoli MAN - 43
pompeii-wall-painting-phantastic-architecture-with-pictures-pompeii-viii-7-28-sanctuary-of-isis-porticus-napoli-man-44,Wall painting - phantastic architecture with pictures - Pompeii (VIII 7 28 - sanctuary of Isis - porticus) - Napoli MAN - 44,Roman,General / Decorative,Late Neronian / Early Flavian,,,Pompeii,Campania,Naples National Archaeological Museum,40.75186,14.48753,approximate,https://commons.wikimedia.org/wiki/Special:FilePath/Wall_painting_-_phantastic_architecture_with_pictures_-_Pompeii_%28VIII_7_28_-_sanctuary_of_Isis_-_porticus%29_-_Napoli_MAN_-_44.jpg?width=400,ArchaiOptix,CC BY-SA 4.0,https://creativecommons.org/licenses/by-sa/4.0,https://commons.wikimedia.org/wiki/File:Wall_painting_-_phantastic_architecture_with_pictures_-_Pompeii_%28VIII_7_28_-_sanctuary_of_Isis_-_porticus%29_-_Napoli_MAN_-_44.jpg,,Wall painting - phantastic architecture with pictures - Pompeii (VIII 7 28 - sanctuary of Isis - porticus) - Napoli MAN - 44
pompeii-wall-painting-phantastic-architecture-with-pictures-pompeii-viii-7-28-sanctuary-of-isis-porticus-napoli-man-45,Wall painting - phantastic architecture with pictures - Pompeii (VIII 7 28 - sanctuary of Isis - porticus) - Napoli MAN - 45,Roman,General / Decorative,Late Neronian / Early Flavian,,,Pompeii,Campania,Naples National Archaeological Museum,40.75092,14.48558,approximate,https://commons.wikimedia.org/wiki/Special:FilePath/Wall_painting_-_phantastic_architecture_with_pictures_-_Pompeii_%28VIII_7_28_-_sanctuary_of_Isis_-_porticus%29_-_Napoli_MAN_-_45.jpg?width=400,ArchaiOptix,CC BY-SA 4.0,https://creativecommons.org/licenses/by-sa/4.0,https://commons.wikimedia.org/wiki/File:Wall_painting_-_phantastic_architecture_with_pictures_-_Pompeii_%28VIII_7_28_-_sanctuary_of_Isis_-_porticus%29_-_Napoli_MAN_-_45.jpg,,Wall painting - phantastic architecture with pictures - Pompeii (VIII 7 28 - sanctuary of Isis - porticus) - Napoli MAN - 45
pompeii-wall-painting-phantastic-architecture-with-pictures-pompeii-viii-7-28-sanctuary-of-isis-porticus-napoli-man-46,Wall painting - phantastic architecture with pictures - Pompeii (VIII 7 28 - sanctuary of Isis - porticus) - Napoli MAN - 46,Roman,General / Decorative,Late Neronian / Early Flavian,,,Pompeii,Campania,Naples National Archaeological Museum,40.7515,14.48685,approximate,https://commons.wikimedia.org/wiki/Special:FilePath/Wall_painting_-_phantastic_architecture_with_pictures_-_Pompeii_%28VIII_7_28_-_sanctuary_of_Isis_-_porticus%29_-_Napoli_MAN_-_46.jpg?width=400,ArchaiOptix,CC BY-SA 4.0,https://creativecommons.org/licenses/by-sa/4.0,https://commons.wikimedia.org/wiki/File:Wall_painting_-_phantastic_architecture_with_pictures_-_Pompeii_%28VIII_7_28_-_sanctuary_of_Isis_-_porticus%29_-_Napoli_MAN_-_46.jpg,,Wall painting - phantastic architecture with pictures - Pompeii (VIII 7 28 - sanctuary of Isis - porticus) - Napoli MAN - 46
pompeii-wall-painting-phantastic-architecture-with-pictures-pompeii-viii-7-28-sanctuary-of-isis-porticus-napoli-man-47,Wall painting - phantastic architecture with pictures - Pompeii (VIII 7 28 - sanctuary of Isis - porticus) - Napoli MAN - 47,Roman,General / Decorative,Late Neronian / Early Flavian,,,Pompeii,Campania,Naples National Archaeological Museum,40.75133,14.48544,approximate,https://commons.wikimedia.org/wiki/Special:FilePath/Wall_painting_-_phantastic_architecture_with_pictures_-_Pompeii_%28VIII_7_28_-_sanctuary_of_Isis_-_porticus%29_-_Napoli_MAN_-_47.jpg?width=400,ArchaiOptix,CC BY-SA 4.0,https://creativecommons.org/licenses/by-sa/4.0,https://commons.wikimedia.org/wiki/File:Wall_painting_-_phantastic_architecture_with_pictures_-_Pompeii_%28VIII_7_28_-_sanctuary_of_Isis_-_porticus%29_-_Napoli_MAN_-_47.jpg,,Wall painting - phantastic architecture with pictures - Pompeii (VIII 7 28 - sanctuary of Isis - porticus) - Napoli MAN - 47
pompeii-wall-painting-phantastic-architecture-with-pictures-pompeii-viii-7-28-sanctuary-of-isis-porticus-napoli-man-48,Wall painting - phantastic architecture with pictures - Pompeii (VIII 7 28 - sanctuary of Isis - porticus) - Napoli MAN - 48,Roman,General / Decorative,Late Neronian / Early Flavian,,,Pompeii,Campania,Naples National Archaeological Museum,40.74948,14.48633,approximate,https://commons.wikimedia.org/wiki/Special:FilePath/Wall_painting_-_phantastic_architecture_with_pictures_-_Pompeii_%28VIII_7_28_-_sanctuary_of_Isis_-_porticus%29_-_Napoli_MAN_-_48.jpg?width=400,ArchaiOptix,CC BY-SA 4.0,https://creativecommons.org/licenses/by-sa/4.0,https://commons.wikimedia.org/wiki/File:Wall_painting_-_phantastic_architecture_with_pictures_-_Pompeii_%28VIII_7_28_-_sanctuary_of_Isis_-_porticus%29_-_Napoli_MAN_-_48.jpg,,Wall painting - phantastic architecture with pictures - Pompeii (VIII 7 28 - sanctuary of Isis - porticus) - Napoli MAN - 48
pompeii-wall-painting-phantastic-architecture-with-pictures-pompeii-viii-7-28-sanctuary-of-isis-porticus-napoli-man-49,Wall painting - phantastic architecture with pictures - Pompeii (VIII 7 28 - sanctuary of Isis - porticus) - Napoli MAN - 49,Roman,General / Decorative,Late Neronian / Early Flavian,,,Pompeii,Campania,Naples National Archaeological Museum,40.75194,14.48529,approximate,https://commons.wikimedia.org/wiki/Special:FilePath/Wall_painting_-_phantastic_architecture_with_pictures_-_Pompeii_%28VIII_7_28_-_sanctuary_of_Isis_-_porticus%29_-_Napoli_MAN_-_49.jpg?width=400,ArchaiOptix,CC BY-SA 4.0,https://creativecommons.org/licenses/by-sa/4.0,https://commons.wikimedia.org/wiki/File:Wall_painting_-_phantastic_architecture_with_pictures_-_Pompeii_%28VIII_7_28_-_sanctuary_of_Isis_-_porticus%29_-_Napoli_MAN_-_49.jpg,,Wall painting - phantastic architecture with pictures - Pompeii (VIII 7 28 - sanctuary of Isis - porticus) - Napoli MAN - 49
pompeii-wall-painting-phantastic-architecture-with-pictures-pompeii-viii-7-28-sanctuary-of-isis-porticus-napoli-man-50,Wall painting - phantastic architecture with pictures - Pompeii (VIII 7 28 - sanctuary of Isis - porticus) - Napoli MAN - 50,Roman,General / Decorative,Late Neronian / Early Flavian,,,Pompeii,Campania,Naples National Archaeological Museum,40.74969,14.48772,approximate,https://commons.wikimedia.org/wiki/Special:FilePath/Wall_painting_-_phantastic_architecture_with_pictures_-_Pompeii_%28VIII_7_28_-_sanctuary_of_Isis_-_porticus%29_-_Napoli_MAN_-_50.jpg?width=400,ArchaiOptix,CC BY-SA 4.0,https://creativecommons.org/licenses/by-sa/4.0,https://commons.wikimedia.org/wiki/File:Wall_painting_-_phantastic_architecture_with_pictures_-_Pompeii_%28VIII_7_28_-_sanctuary_of_Isis_-_porticus%29_-_Napoli_MAN_-_50.jpg,,Wall painting - phantastic architecture with pictures - Pompeii (VIII 7 28 - sanctuary of Isis - porticus) - Napoli MAN - 50
pompeii-wall-painting-phantastic-architecture-with-pictures-pompeii-viii-7-28-sanctuary-of-isis-porticus-napoli-man-51,Wall painting - phantastic architecture with pictures - Pompeii (VIII 7 28 - sanctuary of Isis - porticus) - Napoli MAN - 51,Roman,General / Decorative,Late Neronian / Early Flavian,,,Pompeii,Campania,Naples National Archaeological Museum,40.74963,14.48614,approximate,https://commons.wikimedia.org/wiki/Special:FilePath/Wall_painting_-_phantastic_architecture_with_pictures_-_Pompeii_%28VIII_7_28_-_sanctuary_of_Isis_-_porticus%29_-_Napoli_MAN_-_51.jpg?width=400,ArchaiOptix,CC BY-SA 4.0,https://creativecommons.org/licenses/by-sa/4.0,https://commons.wikimedia.org/wiki/File:Wall_painting_-_phantastic_architecture_with_pictures_-_Pompeii_%28VIII_7_28_-_sanctuary_of_Isis_-_porticus%29_-_Napoli_MAN_-_51.jpg,,Wall painting - phantastic architecture with pictures - Pompeii (VIII 7 28 - sanctuary of Isis - porticus) - Napoli MAN - 51
pompeii-wall-painting-phantastic-architecture-with-pictures-pompeii-viii-7-28-sanctuary-of-isis-porticus-napoli-man-52,Wall painting - phantastic architecture with pictures - Pompeii (VIII 7 28 - sanctuary of Isis - porticus) - Napoli MAN - 52,Roman,General / Decorative,Late Neronian / Early Flavian,,,Pompeii,Campania,Naples National Archaeological Museum,40.75176,14.48754,approximate,https://commons.wikimedia.org/wiki/Special:FilePath/Wall_painting_-_phantastic_architecture_with_pictures_-_Pompeii_%28VIII_7_28_-_sanctuary_of_Isis_-_porticus%29_-_Napoli_MAN_-_52.jpg?width=400,ArchaiOptix,CC BY-SA 4.0,https://creativecommons.org/licenses/by-sa/4.0,https://commons.wikimedia.org/wiki/File:Wall_painting_-_phantastic_architecture_with_pictures_-_Pompeii_%28VIII_7_28_-_sanctuary_of_Isis_-_porticus%29_-_Napoli_MAN_-_52.jpg,,Wall painting - phantastic architecture with pictures - Pompeii (VIII 7 28 - sanctuary of Isis - porticus) - Napoli MAN - 52
pompeii-wall-painting-phantastic-architecture-with-pictures-pompeii-viii-7-28-sanctuary-of-isis-porticus-napoli-man-53,Wall painting - phantastic architecture with pictures - Pompeii (VIII 7 28 - sanctuary of Isis - porticus) - Napoli MAN - 53,Roman,General / Decorative,Late Neronian / Early Flavian,,,Pompeii,Campania,Naples National Archaeological Museum,40.75091,14.48798,approximate,https://commons.wikimedia.org/wiki/Special:FilePath/Wall_painting_-_phantastic_architecture_with_pictures_-_Pompeii_%28VIII_7_28_-_sanctuary_of_Isis_-_porticus%29_-_Napoli_MAN_-_53.jpg?width=400,ArchaiOptix,CC BY-SA 4.0,https://creativecommons.org/licenses/by-sa/4.0,https://commons.wikimedia.org/wiki/File:Wall_painting_-_phantastic_architecture_with_pictures_-_Pompeii_%28VIII_7_28_-_sanctuary_of_Isis_-_porticus%29_-_Napoli_MAN_-_53.jpg,,Wall painting - phantastic architecture with pictures - Pompeii (VIII 7 28 - sanctuary of Isis - porticus) - Napoli MAN - 53
pompeii-wall-painting-phantastic-architecture-with-pictures-pompeii-viii-7-28-sanctuary-of-isis-porticus-napoli-man-54,Wall painting - phantastic architecture with pictures - Pompeii (VIII 7 28 - sanctuary of Isis - porticus) - Napoli MAN - 54,Roman,General / Decorative,Late Neronian / Early Flavian,,,Pompeii,Campania,Naples National Archaeological Museum,40.75087,14.48597,approximate,https://commons.wikimedia.org/wiki/Special:FilePath/Wall_painting_-_phantastic_architecture_with_pictures_-_Pompeii_%28VIII_7_28_-_sanctuary_of_Isis_-_porticus%29_-_Napoli_MAN_-_54.jpg?width=400,ArchaiOptix,CC BY-SA 4.0,https://creativecommons.org/licenses/by-sa/4.0,https://commons.wikimedia.org/wiki/File:Wall_painting_-_phantastic_architecture_with_pictures_-_Pompeii_%28VIII_7_28_-_sanctuary_of_Isis_-_porticus%29_-_Napoli_MAN_-_54.jpg,,Wall painting - phantastic architecture with pictures - Pompeii (VIII 7 28 - sanctuary of Isis - porticus) - Napoli MAN - 54
pompeii-wall-painting-phantastic-architecture-with-pictures-pompeii-viii-7-28-sanctuary-of-isis-porticus-napoli-man-55,Wall painting - phantastic architecture with pictures - Pompeii (VIII 7 28 - sanctuary of Isis - porticus) - Napoli MAN - 55,Roman,General / Decorative,Late Neronian / Early Flavian,,,Pompeii,Campania,Naples National Archaeological Museum,40.7505,14.48558,approximate,https://commons.wikimedia.org/wiki/Special:FilePath/Wall_painting_-_phantastic_architecture_with_pictures_-_Pompeii_%28VIII_7_28_-_sanctuary_of_Isis_-_porticus%29_-_Napoli_MAN_-_55.jpg?width=400,ArchaiOptix,CC BY-SA 4.0,https://creativecommons.org/licenses/by-sa/4.0,https://commons.wikimedia.org/wiki/File:Wall_painting_-_phantastic_architecture_with_pictures_-_Pompeii_%28VIII_7_28_-_sanctuary_of_Isis_-_porticus%29_-_Napoli_MAN_-_55.jpg,,Wall painting - phantastic architecture with pictures - Pompeii (VIII 7 28 - sanctuary of Isis - porticus) - Napoli MAN - 55
pompeii-wall-painting-statue-of-priestess-of-isis-on-high-stand-pompeii-viii-7-28-sanctuary-of-isis-passage-from-porticus-to-ekklesiasterion-napoli-man-01,Wall painting - statue of priestess of Isis on high stand - Pompeii (VIII 7 28 - sanctuary of Isis - passage from porticus to ekklesiasterion) - Napoli MAN - 01,Roman,Ritual & Religion,Late Neronian / Early Flavian,,,Pompeii,Campania,Naples National Archaeological Museum,40.74968,14.48619,approximate,https://commons.wikimedia.org/wiki/Special:FilePath/Wall_painting_-_statue_of_priestess_of_Isis_on_high_stand_-_Pompeii_%28VIII_7_28_-_sanctuary_of_Isis_-_passage_from_porticus_to_ekklesiasterion%29_-_Napoli_MAN_-_01.jpg?width=400,ArchaiOptix,CC BY-SA 4.0,https://creativecommons.org/licenses/by-sa/4.0,https://commons.wikimedia.org/wiki/File:Wall_painting_-_statue_of_priestess_of_Isis_on_high_stand_-_Pompeii_%28VIII_7_28_-_sanctuary_of_Isis_-_passage_from_porticus_to_ekklesiasterion%29_-_Napoli_MAN_-_01.jpg,,Wall painting - statue of priestess of Isis on high stand - Pompeii (VIII 7 28 - sanctuary of Isis - passage from porticus to ekklesiasterion) - Napoli MAN - 01
pompeii-wall-painting-statue-of-priestess-of-isis-on-high-stand-pompeii-viii-7-28-sanctuary-of-isis-passage-from-porticus-to-ekklesiasterion-napoli-man-02,Wall painting - statue of priestess of Isis on high stand - Pompeii (VIII 7 28 - sanctuary of Isis - passage from porticus to ekklesiasterion) - Napoli MAN - 02,Roman,Ritual & Religion,Late Neronian / Early Flavian,,,Pompeii,Campania,Naples National Archaeological Museum,40.75151,14.4854,approximate,https://commons.wikimedia.org/wiki/Special:FilePath/Wall_painting_-_statue_of_priestess_of_Isis_on_high_stand_-_Pompeii_%28VIII_7_28_-_sanctuary_of_Isis_-_passage_from_porticus_to_ekklesiasterion%29_-_Napoli_MAN_-_02.jpg?width=400,ArchaiOptix,CC BY-SA 4.0,https://creativecommons.org/licenses/by-sa/4.0,https://commons.wikimedia.org/wiki/File:Wall_painting_-_statue_of_priestess_of_Isis_on_high_stand_-_Pompeii_%28VIII_7_28_-_sanctuary_of_Isis_-_passage_from_porticus_to_ekklesiasterion%29_-_Napoli_MAN_-_02.jpg,,Wall painting - statue of priestess of Isis on high stand - Pompeii (VIII 7 28 - sanctuary of Isis - passage from porticus to ekklesiasterion) - Napoli MAN - 02
pompeii-wall-painting-statue-of-priestess-of-isis-on-high-stand-pompeii-viii-7-28-sanctuary-of-isis-passage-from-porticus-to-ekklesiasterion-napoli-man-03,Wall painting - statue of priestess of Isis on high stand - Pompeii (VIII 7 28 - sanctuary of Isis - passage from porticus to ekklesiasterion) - Napoli MAN - 03,Roman,Ritual & Religion,Late Neronian / Early Flavian,,,Pompeii,Campania,Naples National Archaeological Museum,40.75207,14.48611,approximate,https://commons.wikimedia.org/wiki/Special:FilePath/Wall_painting_-_statue_of_priestess_of_Isis_on_high_stand_-_Pompeii_%28VIII_7_28_-_sanctuary_of_Isis_-_passage_from_porticus_to_ekklesiasterion%29_-_Napoli_MAN_-_03.jpg?width=400,ArchaiOptix,CC BY-SA 4.0,https://creativecommons.org/licenses/by-sa/4.0,https://commons.wikimedia.org/wiki/File:Wall_painting_-_statue_of_priestess_of_Isis_on_high_stand_-_Pompeii_%28VIII_7_28_-_sanctuary_of_Isis_-_passage_from_porticus_to_ekklesiasterion%29_-_Napoli_MAN_-_03.jpg,,Wall painting - statue of priestess of Isis on high stand - Pompeii (VIII 7 28 - sanctuary of Isis - passage from porticus to ekklesiasterion) - Napoli MAN - 03
pompeii-wall-painting-statue-of-priestess-of-isis-on-high-stand-pompeii-viii-7-28-sanctuary-of-isis-passage-from-porticus-to-ekklesiasterion-napoli-man-04,Wall painting - statue of priestess of Isis on high stand - Pompeii (VIII 7 28 - sanctuary of Isis - passage from porticus to ekklesiasterion) - Napoli MAN - 04,Roman,Ritual & Religion,Late Neronian / Early Flavian,,,Pompeii,Campania,Naples National Archaeological Museum,40.75086,14.48549,approximate,https://commons.wikimedia.org/wiki/Special:FilePath/Wall_painting_-_statue_of_priestess_of_Isis_on_high_stand_-_Pompeii_%28VIII_7_28_-_sanctuary_of_Isis_-_passage_from_porticus_to_ekklesiasterion%29_-_Napoli_MAN_-_04.jpg?width=400,ArchaiOptix,CC BY-SA 4.0,https://creativecommons.org/licenses/by-sa/4.0,https://commons.wikimedia.org/wiki/File:Wall_painting_-_statue_of_priestess_of_Isis_on_high_stand_-_Pompeii_%28VIII_7_28_-_sanctuary_of_Isis_-_passage_from_porticus_to_ekklesiasterion%29_-_Napoli_MAN_-_04.jpg,,Wall painting - statue of priestess of Isis on high stand - Pompeii (VIII 7 28 - sanctuary of Isis - passage from porticus to ekklesiasterion) - Napoli MAN - 04
pompeii-wall-painting-idyllic-landscape-with-porta-sacra-and-ibis-pompeii-viii-7-28-sanctuary-of-isis-ekklesiasterion-napoli-man-8575-01,Wall painting - idyllic landscape with porta sacra and ibis - Pompeii (VIII 7 28 - sanctuary of Isis - ekklesiasterion) - Napoli MAN 8575 - 01,Roman,Floral & Landscape,Late Neronian / Early Flavian,,,Pompeii,Campania,Naples National Archaeological Museum,40.75049,14.48751,approximate,https://commons.wikimedia.org/wiki/Special:FilePath/Wall_painting_-_idyllic_landscape_with_porta_sacra_and_ibis_-_Pompeii_%28VIII_7_28_-_sanctuary_of_Isis_-_ekklesiasterion%29_-_Napoli_MAN_8575_-_01.jpg?width=400,ArchaiOptix,CC BY-SA 4.0,https://creativecommons.org/licenses/by-sa/4.0,https://commons.wikimedia.org/wiki/File:Wall_painting_-_idyllic_landscape_with_porta_sacra_and_ibis_-_Pompeii_%28VIII_7_28_-_sanctuary_of_Isis_-_ekklesiasterion%29_-_Napoli_MAN_8575_-_01.jpg,,Wall painting - idyllic landscape with porta sacra and ibis - Pompeii (VIII 7 28 - sanctuary of Isis - ekklesiasterion) - Napoli MAN 8575 - 01
pompeii-wall-painting-idyllic-landscape-with-porta-sacra-and-ibis-pompeii-viii-7-28-sanctuary-of-isis-ekklesiasterion-napoli-man-8575-02,Wall painting - idyllic landscape with porta sacra and ibis - Pompeii (VIII 7 28 - sanctuary of Isis - ekklesiasterion) - Napoli MAN 8575 - 02,Roman,Floral & Landscape,Late Neronian / Early Flavian,,,Pompeii,Campania,Naples National Archaeological Museum,40.75173,14.48553,approximate,https://commons.wikimedia.org/wiki/Special:FilePath/Wall_painting_-_idyllic_landscape_with_porta_sacra_and_ibis_-_Pompeii_%28VIII_7_28_-_sanctuary_of_Isis_-_ekklesiasterion%29_-_Napoli_MAN_8575_-_02.jpg?width=400,ArchaiOptix,CC BY-SA 4.0,https://creativecommons.org/licenses/by-sa/4.0,https://commons.wikimedia.org/wiki/File:Wall_painting_-_idyllic_landscape_with_porta_sacra_and_ibis_-_Pompeii_%28VIII_7_28_-_sanctuary_of_Isis_-_ekklesiasterion%29_-_Napoli_MAN_8575_-_02.jpg,,Wall painting - idyllic landscape with porta sacra and ibis - Pompeii (VIII 7 28 - sanctuary of Isis - ekklesiasterion) - Napoli MAN 8575 - 02
pompeii-wall-painting-idyllic-landscape-with-porta-sacra-and-ibis-pompeii-viii-7-28-sanctuary-of-isis-ekklesiasterion-napoli-man-8575-03,Wall painting - idyllic landscape with porta sacra and ibis - Pompeii (VIII 7 28 - sanctuary of Isis - ekklesiasterion) - Napoli MAN 8575 - 03,Roman,Floral & Landscape,Late Neronian / Early Flavian,,,Pompeii,Campania,Naples National Archaeological Museum,40.75006,14.48609,approximate,https://commons.wikimedia.org/wiki/Special:FilePath/Wall_painting_-_idyllic_landscape_with_porta_sacra_and_ibis_-_Pompeii_%28VIII_7_28_-_sanctuary_of_Isis_-_ekklesiasterion%29_-_Napoli_MAN_8575_-_03.jpg?width=400,ArchaiOptix,CC BY-SA 4.0,https://creativecommons.org/licenses/by-sa/4.0,https://commons.wikimedia.org/wiki/File:Wall_painting_-_idyllic_landscape_with_porta_sacra_and_ibis_-_Pompeii_%28VIII_7_28_-_sanctuary_of_Isis_-_ekklesiasterion%29_-_Napoli_MAN_8575_-_03.jpg,,Wall painting - idyllic landscape with porta sacra and ibis - Pompeii (VIII 7 28 - sanctuary of Isis - ekklesiasterion) - Napoli MAN 8575 - 03
pompeii-wall-painting-idyllic-landscape-with-porta-sacra-and-ibis-pompeii-viii-7-28-sanctuary-of-isis-ekklesiasterion-napoli-man-8575-04,Wall painting - idyllic landscape with porta sacra and ibis - Pompeii (VIII 7 28 - sanctuary of Isis - ekklesiasterion) - Napoli MAN 8575 - 04,Roman,Floral & Landscape,Late Neronian / Early Flavian,,,Pompeii,Campania,Naples National Archaeological Museum,40.75206,14.48612,approximate,https://commons.wikimedia.org/wiki/Special:FilePath/Wall_painting_-_idyllic_landscape_with_porta_sacra_and_ibis_-_Pompeii_%28VIII_7_28_-_sanctuary_of_Isis_-_ekklesiasterion%29_-_Napoli_MAN_8575_-_04.jpg?width=400,ArchaiOptix,CC BY-SA 4.0,https://creativecommons.org/licenses/by-sa/4.0,https://commons.wikimedia.org/wiki/File:Wall_painting_-_idyllic_landscape_with_porta_sacra_and_ibis_-_Pompeii_%28VIII_7_28_-_sanctuary_of_Isis_-_ekklesiasterion%29_-_Napoli_MAN_8575_-_04.jpg,,Wall painting - idyllic landscape with porta sacra and ibis - Pompeii (VIII 7 28 - sanctuary of Isis - ekklesiasterion) - Napoli MAN 8575 - 04
pompeii-wall-painting-idyllic-landscape-with-porta-sacra-and-ibis-pompeii-viii-7-28-sanctuary-of-isis-ekklesiasterion-napoli-man-8575-05,Wall painting - idyllic landscape with porta sacra and ibis - Pompeii (VIII 7 28 - sanctuary of Isis - ekklesiasterion) - Napoli MAN 8575 - 05,Roman,Floral & Landscape,Late Neronian / Early Flavian,,,Pompeii,Campania,Naples National Archaeological Museum,40.74948,14.48573,approximate,https://commons.wikimedia.org/wiki/Special:FilePath/Wall_painting_-_idyllic_landscape_with_porta_sacra_and_ibis_-_Pompeii_%28VIII_7_28_-_sanctuary_of_Isis_-_ekklesiasterion%29_-_Napoli_MAN_8575_-_05.jpg?width=400,ArchaiOptix,CC BY-SA 4.0,https://creativecommons.org/licenses/by-sa/4.0,https://commons.wikimedia.org/wiki/File:Wall_painting_-_idyllic_landscape_with_porta_sacra_and_ibis_-_Pompeii_%28VIII_7_28_-_sanctuary_of_Isis_-_ekklesiasterion%29_-_Napoli_MAN_8575_-_05.jpg,,Wall painting - idyllic landscape with porta sacra and ibis - Pompeii (VIII 7 28 - sanctuary of Isis - ekklesiasterion) - Napoli MAN 8575 - 05
pompeii-wall-painting-idyllic-landscape-with-porta-sacra-and-ibis-pompeii-viii-7-28-sanctuary-of-isis-ekklesiasterion-napoli-man-8575-06,Wall painting - idyllic landscape with porta sacra and ibis - Pompeii (VIII 7 28 - sanctuary of Isis - ekklesiasterion) - Napoli MAN 8575 - 06,Roman,Floral & Landscape,Late Neronian / Early Flavian,,,Pompeii,Campania,Naples National Archaeological Museum,40.75077,14.48728,approximate,https://commons.wikimedia.org/wiki/Special:FilePath/Wall_painting_-_idyllic_landscape_with_porta_sacra_and_ibis_-_Pompeii_%28VIII_7_28_-_sanctuary_of_Isis_-_ekklesiasterion%29_-_Napoli_MAN_8575_-_06.jpg?width=400,ArchaiOptix,CC BY-SA 4.0,https://creativecommons.org/licenses/by-sa/4.0,https://commons.wikimedia.org/wiki/File:Wall_painting_-_idyllic_landscape_with_porta_sacra_and_ibis_-_Pompeii_%28VIII_7_28_-_sanctuary_of_Isis_-_ekklesiasterion%29_-_Napoli_MAN_8575_-_06.jpg,,Wall painting - idyllic landscape with porta sacra and ibis - Pompeii (VIII 7 28 - sanctuary of Isis - ekklesiasterion) - Napoli MAN 8575 - 06
pompeii-wall-painting-idyllic-landscape-with-porta-sacra-and-ibis-pompeii-viii-7-28-sanctuary-of-isis-ekklesiasterion-napoli-man-8575-07,Wall painting - idyllic landscape with porta sacra and ibis - Pompeii (VIII 7 28 - sanctuary of Isis - ekklesiasterion) - Napoli MAN 8575 - 07,Roman,Floral & Landscape,Late Neronian / Early Flavian,,,Pompeii,Campania,Naples National Archaeological Museum,40.7513,14.48531,approximate,https://commons.wikimedia.org/wiki/Special:FilePath/Wall_painting_-_idyllic_landscape_with_porta_sacra_and_ibis_-_Pompeii_%28VIII_7_28_-_sanctuary_of_Isis_-_ekklesiasterion%29_-_Napoli_MAN_8575_-_07.jpg?width=400,ArchaiOptix,CC BY-SA 4.0,https://creativecommons.org/licenses/by-sa/4.0,https://commons.wikimedia.org/wiki/File:Wall_painting_-_idyllic_landscape_with_porta_sacra_and_ibis_-_Pompeii_%28VIII_7_28_-_sanctuary_of_Isis_-_ekklesiasterion%29_-_Napoli_MAN_8575_-_07.jpg,,Wall painting - idyllic landscape with porta sacra and ibis - Pompeii (VIII 7 28 - sanctuary of Isis - ekklesiasterion) - Napoli MAN 8575 - 07
pompeii-wall-painting-isis-receives-io-pompeii-viii-7-28-sanctuary-of-isis-ekklesiasterion-napoli-man-9558-01,Wall painting - Isis receives Io - Pompeii (VIII 7 28 - sanctuary of Isis - ekklesiasterion) - Napoli MAN 9558 - 01,Roman,General / Decorative,Late Neronian / Early Flavian,,,Pompeii,Campania,Naples National Archaeological Museum,40.75095,14.48647,approximate,https://commons.wikimedia.org/wiki/Special:FilePath/Wall_painting_-_Isis_receives_Io_-_Pompeii_%28VIII_7_28_-_sanctuary_of_Isis_-_ekklesiasterion%29_-_Napoli_MAN_9558_-_01.jpg?width=400,ArchaiOptix,CC BY-SA 4.0,https://creativecommons.org/licenses/by-sa/4.0,https://commons.wikimedia.org/wiki/File:Wall_painting_-_Isis_receives_Io_-_Pompeii_%28VIII_7_28_-_sanctuary_of_Isis_-_ekklesiasterion%29_-_Napoli_MAN_9558_-_01.jpg,,Wall painting - Isis receives Io - Pompeii (VIII 7 28 - sanctuary of Isis - ekklesiasterion) - Napoli MAN 9558 - 01
pompeii-wall-painting-isis-receives-io-pompeii-viii-7-28-sanctuary-of-isis-ekklesiasterion-napoli-man-9558-02,Wall painting - Isis receives Io - Pompeii (VIII 7 28 - sanctuary of Isis - ekklesiasterion) - Napoli MAN 9558 - 02,Roman,General / Decorative,Late Neronian / Early Flavian,,,Pompeii,Campania,Naples National Archaeological Museum,40.75095,14.48636,approximate,https://commons.wikimedia.org/wiki/Special:FilePath/Wall_painting_-_Isis_receives_Io_-_Pompeii_%28VIII_7_28_-_sanctuary_of_Isis_-_ekklesiasterion%29_-_Napoli_MAN_9558_-_02.jpg?width=400,ArchaiOptix,CC BY-SA 4.0,https://creativecommons.org/licenses/by-sa/4.0,https://commons.wikimedia.org/wiki/File:Wall_painting_-_Isis_receives_Io_-_Pompeii_%28VIII_7_28_-_sanctuary_of_Isis_-_ekklesiasterion%29_-_Napoli_MAN_9558_-_02.jpg,,Wall painting - Isis receives Io - Pompeii (VIII 7 28 - sanctuary of Isis - ekklesiasterion) - Napoli MAN 9558 - 02
pompeii-wall-painting-isis-receives-io-pompeii-viii-7-28-sanctuary-of-isis-ekklesiasterion-napoli-man-9558-03,Wall painting - Isis receives Io - Pompeii (VIII 7 28 - sanctuary of Isis - ekklesiasterion) - Napoli MAN 9558 - 03,Roman,General / Decorative,Late Neronian / Early Flavian,,,Pompeii,Campania,Naples National Archaeological Museum,40.75167,14.48692,approximate,https://commons.wikimedia.org/wiki/Special:FilePath/Wall_painting_-_Isis_receives_Io_-_Pompeii_%28VIII_7_28_-_sanctuary_of_Isis_-_ekklesiasterion%29_-_Napoli_MAN_9558_-_03.jpg?width=400,ArchaiOptix,CC BY-SA 4.0,https://creativecommons.org/licenses/by-sa/4.0,https://commons.wikimedia.org/wiki/File:Wall_painting_-_Isis_receives_Io_-_Pompeii_%28VIII_7_28_-_sanctuary_of_Isis_-_ekklesiasterion%29_-_Napoli_MAN_9558_-_03.jpg,,Wall painting - Isis receives Io - Pompeii (VIII 7 28 - sanctuary of Isis - ekklesiasterion) - Napoli MAN 9558 - 03
pompeii-wall-painting-isis-receives-io-pompeii-viii-7-28-sanctuary-of-isis-ekklesiasterion-napoli-man-9558-04,Wall painting - Isis receives Io - Pompeii (VIII 7 28 - sanctuary of Isis - ekklesiasterion) - Napoli MAN 9558 - 04,Roman,General / Decorative,Late Neronian / Early Flavian,,,Pompeii,Campania,Naples National Archaeological Museum,40.74999,14.48773,approximate,https://commons.wikimedia.org/wiki/Special:FilePath/Wall_painting_-_Isis_receives_Io_-_Pompeii_%28VIII_7_28_-_sanctuary_of_Isis_-_ekklesiasterion%29_-_Napoli_MAN_9558_-_04.jpg?width=400,ArchaiOptix,CC BY-SA 4.0,https://creativecommons.org/licenses/by-sa/4.0,https://commons.wikimedia.org/wiki/File:Wall_painting_-_Isis_receives_Io_-_Pompeii_%28VIII_7_28_-_sanctuary_of_Isis_-_ekklesiasterion%29_-_Napoli_MAN_9558_-_04.jpg,,Wall painting - Isis receives Io - Pompeii (VIII 7 28 - sanctuary of Isis - ekklesiasterion) - Napoli MAN 9558 - 04
pompeii-wall-painting-isis-receives-io-pompeii-viii-7-28-sanctuary-of-isis-ekklesiasterion-napoli-man-9558-05,Wall painting - Isis receives Io - Pompeii (VIII 7 28 - sanctuary of Isis - ekklesiasterion) - Napoli MAN 9558 - 05,Roman,General / Decorative,Late Neronian / Early Flavian,,,Pompeii,Campania,Naples National Archaeological Museum,40.74953,14.48686,approximate,https://commons.wikimedia.org/wiki/Special:FilePath/Wall_painting_-_Isis_receives_Io_-_Pompeii_%28VIII_7_28_-_sanctuary_of_Isis_-_ekklesiasterion%29_-_Napoli_MAN_9558_-_05.jpg?width=400,ArchaiOptix,CC BY-SA 4.0,https://creativecommons.org/licenses/by-sa/4.0,https://commons.wikimedia.org/wiki/File:Wall_painting_-_Isis_receives_Io_-_Pompeii_%28VIII_7_28_-_sanctuary_of_Isis_-_ekklesiasterion%29_-_Napoli_MAN_9558_-_05.jpg,,Wall painting - Isis receives Io - Pompeii (VIII 7 28 - sanctuary of Isis - ekklesiasterion) - Napoli MAN 9558 - 05
pompeii-wall-painting-ichneumon-and-cobra-pompeii-viii-7-28-sanctuary-of-isis-ekklesiasterion-napoli-man,Wall painting - ichneumon and cobra - Pompeii (VIII 7 28 - sanctuary of Isis - ekklesiasterion) - Napoli MAN,Roman,General / Decorative,Late Neronian / Early Flavian,,,Pompeii,Campania,Naples National Archaeological Museum,40.75174,14.48774,approximate,https://commons.wikimedia.org/wiki/Special:FilePath/Wall_painting_-_ichneumon_and_cobra_-_Pompeii_%28VIII_7_28_-_sanctuary_of_Isis_-_ekklesiasterion%29_-_Napoli_MAN.jpg?width=400,ArchaiOptix,CC BY-SA 4.0,https://creativecommons.org/licenses/by-sa/4.0,https://commons.wikimedia.org/wiki/File:Wall_painting_-_ichneumon_and_cobra_-_Pompeii_%28VIII_7_28_-_sanctuary_of_Isis_-_ekklesiasterion%29_-_Napoli_MAN.jpg,,Wall painting - ichneumon and cobra - Pompeii (VIII 7 28 - sanctuary of Isis - ekklesiasterion) - Napoli MAN
pompeii-wall-painting-idyllic-landscape-with-tholos-pompeii-viii-7-28-sanctuary-of-isis-ekklesiasterion-napoli-man-sg-1265-01,Wall painting - idyllic landscape with tholos - Pompeii (VIII 7 28 - sanctuary of Isis - ekklesiasterion) - Napoli MAN SG 1265 - 01,Roman,Floral & Landscape,Late Neronian / Early Flavian,,,Pompeii,Campania,Naples National Archaeological Museum,40.74967,14.486,approximate,https://commons.wikimedia.org/wiki/Special:FilePath/Wall_painting_-_idyllic_landscape_with_tholos_-_Pompeii_%28VIII_7_28_-_sanctuary_of_Isis_-_ekklesiasterion%29_-_Napoli_MAN_SG_1265_-_01.jpg?width=400,ArchaiOptix,CC BY-SA 4.0,https://creativecommons.org/licenses/by-sa/4.0,https://commons.wikimedia.org/wiki/File:Wall_painting_-_idyllic_landscape_with_tholos_-_Pompeii_%28VIII_7_28_-_sanctuary_of_Isis_-_ekklesiasterion%29_-_Napoli_MAN_SG_1265_-_01.jpg,,Wall painting - idyllic landscape with tholos - Pompeii (VIII 7 28 - sanctuary of Isis - ekklesiasterion) - Napoli MAN SG 1265 - 01
pompeii-wall-painting-idyllic-landscape-with-tholos-pompeii-viii-7-28-sanctuary-of-isis-ekklesiasterion-napoli-man-sg-1265-02,Wall painting - idyllic landscape with tholos - Pompeii (VIII 7 28 - sanctuary of Isis - ekklesiasterion) - Napoli MAN SG 1265 - 02,Roman,Floral & Landscape,Late Neronian / Early Flavian,,,Pompeii,Campania,Naples National Archaeological Museum,40.74991,14.4858,approximate,https://commons.wikimedia.org/wiki/Special:FilePath/Wall_painting_-_idyllic_landscape_with_tholos_-_Pompeii_%28VIII_7_28_-_sanctuary_of_Isis_-_ekklesiasterion%29_-_Napoli_MAN_SG_1265_-_02.jpg?width=400,ArchaiOptix,CC BY-SA 4.0,https://creativecommons.org/licenses/by-sa/4.0,https://commons.wikimedia.org/wiki/File:Wall_painting_-_idyllic_landscape_with_tholos_-_Pompeii_%28VIII_7_28_-_sanctuary_of_Isis_-_ekklesiasterion%29_-_Napoli_MAN_SG_1265_-_02.jpg,,Wall painting - idyllic landscape with tholos - Pompeii (VIII 7 28 - sanctuary of Isis - ekklesiasterion) - Napoli MAN SG 1265 - 02
pompeii-wall-painting-idyllic-landscape-with-tholos-pompeii-viii-7-28-sanctuary-of-isis-ekklesiasterion-napoli-man-sg-1265-03,Wall painting - idyllic landscape with tholos - Pompeii (VIII 7 28 - sanctuary of Isis - ekklesiasterion) - Napoli MAN SG 1265 - 03,Roman,Floral & Landscape,Late Neronian / Early Flavian,,,Pompeii,Campania,Naples National Archaeological Museum,40.75004,14.4875,approximate,https://commons.wikimedia.org/wiki/Special:FilePath/Wall_painting_-_idyllic_landscape_with_tholos_-_Pompeii_%28VIII_7_28_-_sanctuary_of_Isis_-_ekklesiasterion%29_-_Napoli_MAN_SG_1265_-_03.jpg?width=400,ArchaiOptix,CC BY-SA 4.0,https://creativecommons.org/licenses/by-sa/4.0,https://commons.wikimedia.org/wiki/File:Wall_painting_-_idyllic_landscape_with_tholos_-_Pompeii_%28VIII_7_28_-_sanctuary_of_Isis_-_ekklesiasterion%29_-_Napoli_MAN_SG_1265_-_03.jpg,,Wall painting - idyllic landscape with tholos - Pompeii (VIII 7 28 - sanctuary of Isis - ekklesiasterion) - Napoli MAN SG 1265 - 03
pompeii-wall-painting-idyllic-landscape-with-tholos-pompeii-viii-7-28-sanctuary-of-isis-ekklesiasterion-napoli-man-sg-1265-04,Wall painting - idyllic landscape with tholos - Pompeii (VIII 7 28 - sanctuary of Isis - ekklesiasterion) - Napoli MAN SG 1265 - 04,Roman,Floral & Landscape,Late Neronian / Early Flavian,,,Pompeii,Campania,Naples National Archaeological Museum,40.74939,14.48596,approximate,https://commons.wikimedia.org/wiki/Special:FilePath/Wall_painting_-_idyllic_landscape_with_tholos_-_Pompeii_%28VIII_7_28_-_sanctuary_of_Isis_-_ekklesiasterion%29_-_Napoli_MAN_SG_1265_-_04.jpg?width=400,ArchaiOptix,CC BY-SA 4.0,https://creativecommons.org/licenses/by-sa/4.0,https://commons.wikimedia.org/wiki/File:Wall_painting_-_idyllic_landscape_with_tholos_-_Pompeii_%28VIII_7_28_-_sanctuary_of_Isis_-_ekklesiasterion%29_-_Napoli_MAN_SG_1265_-_04.jpg,,Wall painting - idyllic landscape with tholos - Pompeii (VIII 7 28 - sanctuary of Isis - ekklesiasterion) - Napoli MAN SG 1265 - 04
pompeii-wall-painting-idyllic-landscape-with-tholos-pompeii-viii-7-28-sanctuary-of-isis-ekklesiasterion-napoli-man-sg-1265-05,Wall painting - idyllic landscape with tholos - Pompeii (VIII 7 28 - sanctuary of Isis - ekklesiasterion) - Napoli MAN SG 1265 - 05,Roman,Floral & Landscape,Late Neronian / Early Flavian,,,Pompeii,Campania,Naples National Archaeological Museum,40.75009,14.48633,approximate,https://commons.wikimedia.org/wiki/Special:FilePath/Wall_painting_-_idyllic_landscape_with_tholos_-_Pompeii_%28VIII_7_28_-_sanctuary_of_Isis_-_ekklesiasterion%29_-_Napoli_MAN_SG_1265_-_05.jpg?width=400,ArchaiOptix,CC BY-SA 4.0,https://creativecommons.org/licenses/by-sa/4.0,https://commons.wikimedia.org/wiki/File:Wall_painting_-_idyllic_landscape_with_tholos_-_Pompeii_%28VIII_7_28_-_sanctuary_of_Isis_-_ekklesiasterion%29_-_Napoli_MAN_SG_1265_-_05.jpg,,Wall painting - idyllic landscape with tholos - Pompeii (VIII 7 28 - sanctuary of Isis - ekklesiasterion) - Napoli MAN SG 1265 - 05
pompeii-wall-painting-idyllic-landscape-with-tholos-pompeii-viii-7-28-sanctuary-of-isis-ekklesiasterion-napoli-man-sg-1265-06,Wall painting - idyllic landscape with tholos - Pompeii (VIII 7 28 - sanctuary of Isis - ekklesiasterion) - Napoli MAN SG 1265 - 06,Roman,Floral & Landscape,Late Neronian / Early Flavian,,,Pompeii,Campania,Naples National Archaeological Museum,40.75157,14.48736,approximate,https://commons.wikimedia.org/wiki/Special:FilePath/Wall_painting_-_idyllic_landscape_with_tholos_-_Pompeii_%28VIII_7_28_-_sanctuary_of_Isis_-_ekklesiasterion%29_-_Napoli_MAN_SG_1265_-_06.jpg?width=400,ArchaiOptix,CC BY-SA 4.0,https://creativecommons.org/licenses/by-sa/4.0,https://commons.wikimedia.org/wiki/File:Wall_painting_-_idyllic_landscape_with_tholos_-_Pompeii_%28VIII_7_28_-_sanctuary_of_Isis_-_ekklesiasterion%29_-_Napoli_MAN_SG_1265_-_06.jpg,,Wall painting - idyllic landscape with tholos - Pompeii (VIII 7 28 - sanctuary of Isis - ekklesiasterion) - Napoli MAN SG 1265 - 06
pompeii-wall-painting-idyllic-landscape-with-porta-sacra-and-tholos-pompeii-viii-7-28-sanctuary-of-isis-ekklesiasterion-napoli-man-8558-01,Wall painting - idyllic landscape with porta sacra and tholos - Pompeii (VIII 7 28 - sanctuary of Isis - ekklesiasterion) - Napoli MAN 8558 - 01,Roman,Floral & Landscape,Late Neronian / Early Flavian,,,Pompeii,Campania,Naples National Archaeological Museum,40.7518,14.48655,approximate,https://commons.wikimedia.org/wiki/Special:FilePath/Wall_painting_-_idyllic_landscape_with_porta_sacra_and_tholos_-_Pompeii_%28VIII_7_28_-_sanctuary_of_Isis_-_ekklesiasterion%29_-_Napoli_MAN_8558_-_01.jpg?width=400,ArchaiOptix,CC BY-SA 4.0,https://creativecommons.org/licenses/by-sa/4.0,https://commons.wikimedia.org/wiki/File:Wall_painting_-_idyllic_landscape_with_porta_sacra_and_tholos_-_Pompeii_%28VIII_7_28_-_sanctuary_of_Isis_-_ekklesiasterion%29_-_Napoli_MAN_8558_-_01.jpg,,Wall painting - idyllic landscape with porta sacra and tholos - Pompeii (VIII 7 28 - sanctuary of Isis - ekklesiasterion) - Napoli MAN 8558 - 01
pompeii-wall-painting-idyllic-landscape-with-porta-sacra-and-tholos-pompeii-viii-7-28-sanctuary-of-isis-ekklesiasterion-napoli-man-8558-02,Wall painting - idyllic landscape with porta sacra and tholos - Pompeii (VIII 7 28 - sanctuary of Isis - ekklesiasterion) - Napoli MAN 8558 - 02,Roman,Floral & Landscape,Late Neronian / Early Flavian,,,Pompeii,Campania,Naples National Archaeological Museum,40.74962,14.48645,approximate,https://commons.wikimedia.org/wiki/Special:FilePath/Wall_painting_-_idyllic_landscape_with_porta_sacra_and_tholos_-_Pompeii_%28VIII_7_28_-_sanctuary_of_Isis_-_ekklesiasterion%29_-_Napoli_MAN_8558_-_02.jpg?width=400,ArchaiOptix,CC BY-SA 4.0,https://creativecommons.org/licenses/by-sa/4.0,https://commons.wikimedia.org/wiki/File:Wall_painting_-_idyllic_landscape_with_porta_sacra_and_tholos_-_Pompeii_%28VIII_7_28_-_sanctuary_of_Isis_-_ekklesiasterion%29_-_Napoli_MAN_8558_-_02.jpg,,Wall painting - idyllic landscape with porta sacra and tholos - Pompeii (VIII 7 28 - sanctuary of Isis - ekklesiasterion) - Napoli MAN 8558 - 02
pompeii-wall-painting-idyllic-landscape-with-porta-sacra-and-tholos-pompeii-viii-7-28-sanctuary-of-isis-ekklesiasterion-napoli-man-8558-03,Wall painting - idyllic landscape with porta sacra and tholos - Pompeii (VIII 7 28 - sanctuary of Isis - ekklesiasterion) - Napoli MAN 8558 - 03,Roman,Floral & Landscape,Late Neronian / Early Flavian,,,Pompeii,Campania,Naples National Archaeological Museum,40.75158,14.48671,approximate,https://commons.wikimedia.org/wiki/Special:FilePath/Wall_painting_-_idyllic_landscape_with_porta_sacra_and_tholos_-_Pompeii_%28VIII_7_28_-_sanctuary_of_Isis_-_ekklesiasterion%29_-_Napoli_MAN_8558_-_03.jpg?width=400,ArchaiOptix,CC BY-SA 4.0,https://creativecommons.org/licenses/by-sa/4.0,https://commons.wikimedia.org/wiki/File:Wall_painting_-_idyllic_landscape_with_porta_sacra_and_tholos_-_Pompeii_%28VIII_7_28_-_sanctuary_of_Isis_-_ekklesiasterion%29_-_Napoli_MAN_8558_-_03.jpg,,Wall painting - idyllic landscape with porta sacra and tholos - Pompeii (VIII 7 28 - sanctuary of Isis - ekklesiasterion) - Napoli MAN 8558 - 03
pompeii-wall-painting-idyllic-landscape-with-porta-sacra-and-tholos-pompeii-viii-7-28-sanctuary-of-isis-ekklesiasterion-napoli-man-8558-04,Wall painting - idyllic landscape with porta sacra and tholos - Pompeii (VIII 7 28 - sanctuary of Isis - ekklesiasterion) - Napoli MAN 8558 - 04,Roman,Floral & Landscape,Late Neronian / Early Flavian,,,Pompeii,Campania,Naples National Archaeological Museum,40.75201,14.48626,approximate,https://commons.wikimedia.org/wiki/Special:FilePath/Wall_painting_-_idyllic_landscape_with_porta_sacra_and_tholos_-_Pompeii_%28VIII_7_28_-_sanctuary_of_Isis_-_ekklesiasterion%29_-_Napoli_MAN_8558_-_04.jpg?width=400,ArchaiOptix,CC BY-SA 4.0,https://creativecommons.org/licenses/by-sa/4.0,https://commons.wikimedia.org/wiki/File:Wall_painting_-_idyllic_landscape_with_porta_sacra_and_tholos_-_Pompeii_%28VIII_7_28_-_sanctuary_of_Isis_-_ekklesiasterion%29_-_Napoli_MAN_8558_-_04.jpg,,Wall painting - idyllic landscape with porta sacra and tholos - Pompeii (VIII 7 28 - sanctuary of Isis - ekklesiasterion) - Napoli MAN 8558 - 04
pompeii-wall-painting-idyllic-landscape-with-porta-sacra-and-tholos-pompeii-viii-7-28-sanctuary-of-isis-ekklesiasterion-napoli-man-8558-05,Wall painting - idyllic landscape with porta sacra and tholos - Pompeii (VIII 7 28 - sanctuary of Isis - ekklesiasterion) - Napoli MAN 8558 - 05,Roman,Floral & Landscape,Late Neronian / Early Flavian,,,Pompeii,Campania,Naples National Archaeological Museum,40.74941,14.48676,approximate,https://commons.wikimedia.org/wiki/Special:FilePath/Wall_painting_-_idyllic_landscape_with_porta_sacra_and_tholos_-_Pompeii_%28VIII_7_28_-_sanctuary_of_Isis_-_ekklesiasterion%29_-_Napoli_MAN_8558_-_05.jpg?width=400,ArchaiOptix,CC BY-SA 4.0,https://creativecommons.org/licenses/by-sa/4.0,https://commons.wikimedia.org/wiki/File:Wall_painting_-_idyllic_landscape_with_porta_sacra_and_tholos_-_Pompeii_%28VIII_7_28_-_sanctuary_of_Isis_-_ekklesiasterion%29_-_Napoli_MAN_8558_-_05.jpg,,Wall painting - idyllic landscape with porta sacra and tholos - Pompeii (VIII 7 28 - sanctuary of Isis - ekklesiasterion) - Napoli MAN 8558 - 05
pompeii-wall-painting-idyllic-landscape-with-sarcophagus-of-osiris-pompeii-viii-7-28-sanctuary-of-isis-ekklesiasterion-napoli-man-8570-01,Wall painting - idyllic landscape with sarcophagus of Osiris - Pompeii (VIII 7 28 - sanctuary of Isis - ekklesiasterion) - Napoli MAN 8570 - 01,Roman,Floral & Landscape,Late Neronian / Early Flavian,,,Pompeii,Campania,Naples National Archaeological Museum,40.75,14.48805,approximate,https://commons.wikimedia.org/wiki/Special:FilePath/Wall_painting_-_idyllic_landscape_with_sarcophagus_of_Osiris_-_Pompeii_%28VIII_7_28_-_sanctuary_of_Isis_-_ekklesiasterion%29_-_Napoli_MAN_8570_-_01.jpg?width=400,ArchaiOptix,CC BY-SA 4.0,https://creativecommons.org/licenses/by-sa/4.0,https://commons.wikimedia.org/wiki/File:Wall_painting_-_idyllic_landscape_with_sarcophagus_of_Osiris_-_Pompeii_%28VIII_7_28_-_sanctuary_of_Isis_-_ekklesiasterion%29_-_Napoli_MAN_8570_-_01.jpg,,Wall painting - idyllic landscape with sarcophagus of Osiris - Pompeii (VIII 7 28 - sanctuary of Isis - ekklesiasterion) - Napoli MAN 8570 - 01
pompeii-wall-painting-idyllic-landscape-with-sarcophagus-of-osiris-pompeii-viii-7-28-sanctuary-of-isis-ekklesiasterion-napoli-man-8570-02,Wall painting - idyllic landscape with sarcophagus of Osiris - Pompeii (VIII 7 28 - sanctuary of Isis - ekklesiasterion) - Napoli MAN 8570 - 02,Roman,Floral & Landscape,Late Neronian / Early Flavian,,,Pompeii,Campania,Naples National Archaeological Museum,40.7503,14.488,approximate,https://commons.wikimedia.org/wiki/Special:FilePath/Wall_painting_-_idyllic_landscape_with_sarcophagus_of_Osiris_-_Pompeii_%28VIII_7_28_-_sanctuary_of_Isis_-_ekklesiasterion%29_-_Napoli_MAN_8570_-_02.jpg?width=400,ArchaiOptix,CC BY-SA 4.0,https://creativecommons.org/licenses/by-sa/4.0,https://commons.wikimedia.org/wiki/File:Wall_painting_-_idyllic_landscape_with_sarcophagus_of_Osiris_-_Pompeii_%28VIII_7_28_-_sanctuary_of_Isis_-_ekklesiasterion%29_-_Napoli_MAN_8570_-_02.jpg,,Wall painting - idyllic landscape with sarcophagus of Osiris - Pompeii (VIII 7 28 - sanctuary of Isis - ekklesiasterion) - Napoli MAN 8570 - 02
pompeii-wall-painting-idyllic-landscape-with-sarcophagus-of-osiris-pompeii-viii-7-28-sanctuary-of-isis-ekklesiasterion-napoli-man-8570-03,Wall painting - idyllic landscape with sarcophagus of Osiris - Pompeii (VIII 7 28 - sanctuary of Isis - ekklesiasterion) - Napoli MAN 8570 - 03,Roman,Floral & Landscape,Late Neronian / Early Flavian,,,Pompeii,Campania,Naples National Archaeological Museum,40.74974,14.48558,approximate,https://commons.wikimedia.org/wiki/Special:FilePath/Wall_painting_-_idyllic_landscape_with_sarcophagus_of_Osiris_-_Pompeii_%28VIII_7_28_-_sanctuary_of_Isis_-_ekklesiasterion%29_-_Napoli_MAN_8570_-_03.jpg?width=400,ArchaiOptix,CC BY-SA 4.0,https://creativecommons.org/licenses/by-sa/4.0,https://commons.wikimedia.org/wiki/File:Wall_painting_-_idyllic_landscape_with_sarcophagus_of_Osiris_-_Pompeii_%28VIII_7_28_-_sanctuary_of_Isis_-_ekklesiasterion%29_-_Napoli_MAN_8570_-_03.jpg,,Wall painting - idyllic landscape with sarcophagus of Osiris - Pompeii (VIII 7 28 - sanctuary of Isis - ekklesiasterion) - Napoli MAN 8570 - 03
pompeii-wall-painting-idyllic-landscape-with-sarcophagus-of-osiris-pompeii-viii-7-28-sanctuary-of-isis-ekklesiasterion-napoli-man-8570-04,Wall painting - idyllic landscape with sarcophagus of Osiris - Pompeii (VIII 7 28 - sanctuary of Isis - ekklesiasterion) - Napoli MAN 8570 - 04,Roman,Floral & Landscape,Late Neronian / Early Flavian,,,Pompeii,Campania,Naples National Archaeological Museum,40.74935,14.48611,approximate,https://commons.wikimedia.org/wiki/Special:FilePath/Wall_painting_-_idyllic_landscape_with_sarcophagus_of_Osiris_-_Pompeii_%28VIII_7_28_-_sanctuary_of_Isis_-_ekklesiasterion%29_-_Napoli_MAN_8570_-_04.jpg?width=400,ArchaiOptix,CC BY-SA 4.0,https://creativecommons.org/licenses/by-sa/4.0,https://commons.wikimedia.org/wiki/File:Wall_painting_-_idyllic_landscape_with_sarcophagus_of_Osiris_-_Pompeii_%28VIII_7_28_-_sanctuary_of_Isis_-_ekklesiasterion%29_-_Napoli_MAN_8570_-_04.jpg,,Wall painting - idyllic landscape with sarcophagus of Osiris - Pompeii (VIII 7 28 - sanctuary of Isis - ekklesiasterion) - Napoli MAN 8570 - 04
pompeii-wall-painting-idyllic-landscape-with-sarcophagus-of-osiris-pompeii-viii-7-28-sanctuary-of-isis-ekklesiasterion-napoli-man-8570-05,Wall painting - idyllic landscape with sarcophagus of Osiris - Pompeii (VIII 7 28 - sanctuary of Isis - ekklesiasterion) - Napoli MAN 8570 - 05,Roman,Floral & Landscape,Late Neronian / Early Flavian,,,Pompeii,Campania,Naples National Archaeological Museum,40.75127,14.48782,approximate,https://commons.wikimedia.org/wiki/Special:FilePath/Wall_painting_-_idyllic_landscape_with_sarcophagus_of_Osiris_-_Pompeii_%28VIII_7_28_-_sanctuary_of_Isis_-_ekklesiasterion%29_-_Napoli_MAN_8570_-_05.jpg?width=400,ArchaiOptix,CC BY-SA 4.0,https://creativecommons.org/licenses/by-sa/4.0,https://commons.wikimedia.org/wiki/File:Wall_painting_-_idyllic_landscape_with_sarcophagus_of_Osiris_-_Pompeii_%28VIII_7_28_-_sanctuary_of_Isis_-_ekklesiasterion%29_-_Napoli_MAN_8570_-_05.jpg,,Wall painting - idyllic landscape with sarcophagus of Osiris - Pompeii (VIII 7 28 - sanctuary of Isis - ekklesiasterion) - Napoli MAN 8570 - 05
pompeii-wall-painting-idyllic-landscape-with-sarcophagus-of-osiris-pompeii-viii-7-28-sanctuary-of-isis-ekklesiasterion-napoli-man-8570-06,Wall painting - idyllic landscape with sarcophagus of Osiris - Pompeii (VIII 7 28 - sanctuary of Isis - ekklesiasterion) - Napoli MAN 8570 - 06,Roman,Floral & Landscape,Late Neronian / Early Flavian,,,Pompeii,Campania,Naples National Archaeological Museum,40.75113,14.48657,approximate,https://commons.wikimedia.org/wiki/Special:FilePath/Wall_painting_-_idyllic_landscape_with_sarcophagus_of_Osiris_-_Pompeii_%28VIII_7_28_-_sanctuary_of_Isis_-_ekklesiasterion%29_-_Napoli_MAN_8570_-_06.jpg?width=400,ArchaiOptix,CC BY-SA 4.0,https://creativecommons.org/licenses/by-sa/4.0,https://commons.wikimedia.org/wiki/File:Wall_painting_-_idyllic_landscape_with_sarcophagus_of_Osiris_-_Pompeii_%28VIII_7_28_-_sanctuary_of_Isis_-_ekklesiasterion%29_-_Napoli_MAN_8570_-_06.jpg,,Wall painting - idyllic landscape with sarcophagus of Osiris - Pompeii (VIII 7 28 - sanctuary of Isis - ekklesiasterion) - Napoli MAN 8570 - 06
pompeii-wall-painting-idyllic-landscape-with-porta-sacra-and-temple-pompeii-viii-7-28-sanctuary-of-isis-ekklesiasterion-napoli-man-8574-01,Wall painting - idyllic landscape with porta sacra and temple - Pompeii (VIII 7 28 - sanctuary of Isis - ekklesiasterion) - Napoli MAN 8574 - 01,Roman,Floral & Landscape,Late Neronian / Early Flavian,,,Pompeii,Campania,Naples National Archaeological Museum,40.74964,14.48621,approximate,https://commons.wikimedia.org/wiki/Special:FilePath/Wall_painting_-_idyllic_landscape_with_porta_sacra_and_temple_-_Pompeii_%28VIII_7_28_-_sanctuary_of_Isis_-_ekklesiasterion%29_-_Napoli_MAN_8574_-_01.jpg?width=400,ArchaiOptix,CC BY-SA 4.0,https://creativecommons.org/licenses/by-sa/4.0,https://commons.wikimedia.org/wiki/File:Wall_painting_-_idyllic_landscape_with_porta_sacra_and_temple_-_Pompeii_%28VIII_7_28_-_sanctuary_of_Isis_-_ekklesiasterion%29_-_Napoli_MAN_8574_-_01.jpg,,Wall painting - idyllic landscape with porta sacra and temple - Pompeii (VIII 7 28 - sanctuary of Isis - ekklesiasterion) - Napoli MAN 8574 - 01
pompeii-wall-painting-idyllic-landscape-with-porta-sacra-and-temple-pompeii-viii-7-28-sanctuary-of-isis-ekklesiasterion-napoli-man-8574-02,Wall painting - idyllic landscape with porta sacra and temple - Pompeii (VIII 7 28 - sanctuary of Isis - ekklesiasterion) - Napoli MAN 8574 - 02,Roman,Floral & Landscape,Late Neronian / Early Flavian,,,Pompeii,Campania,Naples National Archaeological Museum,40.75039,14.48531,approximate,https://commons.wikimedia.org/wiki/Special:FilePath/Wall_painting_-_idyllic_landscape_with_porta_sacra_and_temple_-_Pompeii_%28VIII_7_28_-_sanctuary_of_Isis_-_ekklesiasterion%29_-_Napoli_MAN_8574_-_02.jpg?width=400,ArchaiOptix,CC BY-SA 4.0,https://creativecommons.org/licenses/by-sa/4.0,https://commons.wikimedia.org/wiki/File:Wall_painting_-_idyllic_landscape_with_porta_sacra_and_temple_-_Pompeii_%28VIII_7_28_-_sanctuary_of_Isis_-_ekklesiasterion%29_-_Napoli_MAN_8574_-_02.jpg,,Wall painting - idyllic landscape with porta sacra and temple - Pompeii (VIII 7 28 - sanctuary of Isis - ekklesiasterion) - Napoli MAN 8574 - 02
pompeii-wall-painting-idyllic-landscape-with-porta-sacra-and-temple-pompeii-viii-7-28-sanctuary-of-isis-ekklesiasterion-napoli-man-8574-03,Wall painting - idyllic landscape with porta sacra and temple - Pompeii (VIII 7 28 - sanctuary of Isis - ekklesiasterion) - Napoli MAN 8574 - 03,Roman,Floral & Landscape,Late Neronian / Early Flavian,,,Pompeii,Campania,Naples National Archaeological Museum,40.75054,14.48694,approximate,https://commons.wikimedia.org/wiki/Special:FilePath/Wall_painting_-_idyllic_landscape_with_porta_sacra_and_temple_-_Pompeii_%28VIII_7_28_-_sanctuary_of_Isis_-_ekklesiasterion%29_-_Napoli_MAN_8574_-_03.jpg?width=400,ArchaiOptix,CC BY-SA 4.0,https://creativecommons.org/licenses/by-sa/4.0,https://commons.wikimedia.org/wiki/File:Wall_painting_-_idyllic_landscape_with_porta_sacra_and_temple_-_Pompeii_%28VIII_7_28_-_sanctuary_of_Isis_-_ekklesiasterion%29_-_Napoli_MAN_8574_-_03.jpg,,Wall painting - idyllic landscape with porta sacra and temple - Pompeii (VIII 7 28 - sanctuary of Isis - ekklesiasterion) - Napoli MAN 8574 - 03
pompeii-wall-painting-idyllic-landscape-with-porta-sacra-and-temple-pompeii-viii-7-28-sanctuary-of-isis-ekklesiasterion-napoli-man-8574-04,Wall painting - idyllic landscape with porta sacra and temple - Pompeii (VIII 7 28 - sanctuary of Isis - ekklesiasterion) - Napoli MAN 8574 - 04,Roman,Floral & Landscape,Late Neronian / Early Flavian,,,Pompeii,Campania,Naples National Archaeological Museum,40.74964,14.48633,approximate,https://commons.wikimedia.org/wiki/Special:FilePath/Wall_painting_-_idyllic_landscape_with_porta_sacra_and_temple_-_Pompeii_%28VIII_7_28_-_sanctuary_of_Isis_-_ekklesiasterion%29_-_Napoli_MAN_8574_-_04.jpg?width=400,ArchaiOptix,CC BY-SA 4.0,https://creativecommons.org/licenses/by-sa/4.0,https://commons.wikimedia.org/wiki/File:Wall_painting_-_idyllic_landscape_with_porta_sacra_and_temple_-_Pompeii_%28VIII_7_28_-_sanctuary_of_Isis_-_ekklesiasterion%29_-_Napoli_MAN_8574_-_04.jpg,,Wall painting - idyllic landscape with porta sacra and temple - Pompeii (VIII 7 28 - sanctuary of Isis - ekklesiasterion) - Napoli MAN 8574 - 04
pompeii-wall-painting-idyllic-landscape-with-porta-sacra-and-temple-pompeii-viii-7-28-sanctuary-of-isis-ekklesiasterion-napoli-man-8574-05,Wall painting - idyllic landscape with porta sacra and temple - Pompeii (VIII 7 28 - sanctuary of Isis - ekklesiasterion) - Napoli MAN 8574 - 05,Roman,Floral & Landscape,Late Neronian / Early Flavian,,,Pompeii,Campania,Naples National Archaeological Museum,40.74968,14.48774,approximate,https://commons.wikimedia.org/wiki/Special:FilePath/Wall_painting_-_idyllic_landscape_with_porta_sacra_and_temple_-_Pompeii_%28VIII_7_28_-_sanctuary_of_Isis_-_ekklesiasterion%29_-_Napoli_MAN_8574_-_05.jpg?width=400,ArchaiOptix,CC BY-SA 4.0,https://creativecommons.org/licenses/by-sa/4.0,https://commons.wikimedia.org/wiki/File:Wall_painting_-_idyllic_landscape_with_porta_sacra_and_temple_-_Pompeii_%28VIII_7_28_-_sanctuary_of_Isis_-_ekklesiasterion%29_-_Napoli_MAN_8574_-_05.jpg,,Wall painting - idyllic landscape with porta sacra and temple - Pompeii (VIII 7 28 - sanctuary of Isis - ekklesiasterion) - Napoli MAN 8574 - 05
pompeii-wall-painting-idyllic-landscape-with-porta-sacra-and-temple-pompeii-viii-7-28-sanctuary-of-isis-ekklesiasterion-napoli-man-8574-06,Wall painting - idyllic landscape with porta sacra and temple - Pompeii (VIII 7 28 - sanctuary of Isis - ekklesiasterion) - Napoli MAN 8574 - 06,Roman,Floral & Landscape,Late Neronian / Early Flavian,,,Pompeii,Campania,Naples National Archaeological Museum,40.75092,14.48566,approximate,https://commons.wikimedia.org/wiki/Special:FilePath/Wall_painting_-_idyllic_landscape_with_porta_sacra_and_temple_-_Pompeii_%28VIII_7_28_-_sanctuary_of_Isis_-_ekklesiasterion%29_-_Napoli_MAN_8574_-_06.jpg?width=400,ArchaiOptix,CC BY-SA 4.0,https://creativecommons.org/licenses/by-sa/4.0,https://commons.wikimedia.org/wiki/File:Wall_painting_-_idyllic_landscape_with_porta_sacra_and_temple_-_Pompeii_%28VIII_7_28_-_sanctuary_of_Isis_-_ekklesiasterion%29_-_Napoli_MAN_8574_-_06.jpg,,Wall painting - idyllic landscape with porta sacra and temple - Pompeii (VIII 7 28 - sanctuary of Isis - ekklesiasterion) - Napoli MAN 8574 - 06
pompeii-wall-painting-osiris-and-cobras-pompeii-viii-7-28-sanctuary-of-isis-sacrarium-napoli-man-8927,Wall painting - Osiris and cobras - Pompeii (VIII 7 28 - sanctuary of Isis - sacrarium) - Napoli MAN 8927,Roman,General / Decorative,Late Neronian / Early Flavian,,,Pompeii,Campania,Naples National Archaeological Museum,40.7502,14.48689,approximate,https://commons.wikimedia.org/wiki/Special:FilePath/Wall_painting_-_Osiris_and_cobras_-_Pompeii_%28VIII_7_28_-_sanctuary_of_Isis_-_sacrarium%29_-_Napoli_MAN_8927.jpg?width=400,ArchaiOptix,CC BY-SA 4.0,https://creativecommons.org/licenses/by-sa/4.0,https://commons.wikimedia.org/wiki/File:Wall_painting_-_Osiris_and_cobras_-_Pompeii_%28VIII_7_28_-_sanctuary_of_Isis_-_sacrarium%29_-_Napoli_MAN_8927.jpg,,Wall painting - Osiris and cobras - Pompeii (VIII 7 28 - sanctuary of Isis - sacrarium) - Napoli MAN 8927
pompeii-wall-painting-bes-pompeii-viii-7-28-sanctuary-of-isis-sacrarium-napoli-man-8916,Wall painting - Bes - Pompeii (VIII 7 28 - sanctuary of Isis - sacrarium) - Napoli MAN 8916,Roman,General / Decorative,Late Neronian / Early Flavian,,,Pompeii,Campania,Naples National Archaeological Museum,40.75182,14.48674,approximate,https://commons.wikimedia.org/wiki/Special:FilePath/Wall_painting_-_Bes_-_Pompeii_%28VIII_7_28_-_sanctuary_of_Isis_-_sacrarium%29_-_Napoli_MAN_8916.jpg?width=400,ArchaiOptix,CC BY-SA 4.0,https://creativecommons.org/licenses/by-sa/4.0,https://commons.wikimedia.org/wiki/File:Wall_painting_-_Bes_-_Pompeii_%28VIII_7_28_-_sanctuary_of_Isis_-_sacrarium%29_-_Napoli_MAN_8916.jpg,,Wall painting - Bes - Pompeii (VIII 7 28 - sanctuary of Isis - sacrarium) - Napoli MAN 8916
pompeii-wall-painting-animals-pompeii-viii-7-28-sanctuary-of-isis-sacrarium-napoli-man-8533,Wall painting - animals - Pompeii (VIII 7 28 - sanctuary of Isis - sacrarium) - Napoli MAN 8533,Roman,General / Decorative,Late Neronian / Early Flavian,,,Pompeii,Campania,Naples National Archaeological Museum,40.7497,14.48595,approximate,https://commons.wikimedia.org/wiki/Special:FilePath/Wall_painting_-_animals_-_Pompeii_%28VIII_7_28_-_sanctuary_of_Isis_-_sacrarium%29_-_Napoli_MAN_8533.jpg?width=400,ArchaiOptix,CC BY-SA 4.0,https://creativecommons.org/licenses/by-sa/4.0,https://commons.wikimedia.org/wiki/File:Wall_painting_-_animals_-_Pompeii_%28VIII_7_28_-_sanctuary_of_Isis_-_sacrarium%29_-_Napoli_MAN_8533.jpg,,Wall painting - animals - Pompeii (VIII 7 28 - sanctuary of Isis - sacrarium) - Napoli MAN 8533
pompeii-wall-painting-navigium-isidis-pompeii-viii-7-28-sanctuary-of-isis-sacrarium-napoli-man-8929,Wall painting - navigium Isidis - Pompeii (VIII 7 28 - sanctuary of Isis - sacrarium) - Napoli MAN 8929,Roman,General / Decorative,Late Neronian / Early Flavian,,,Pompeii,Campania,Naples National Archaeological Museum,40.75004,14.48586,approximate,https://commons.wikimedia.org/wiki/Special:FilePath/Wall_painting_-_navigium_Isidis_-_Pompeii_%28VIII_7_28_-_sanctuary_of_Isis_-_sacrarium%29_-_Napoli_MAN_8929.jpg?width=400,ArchaiOptix,CC BY-SA 4.0,https://creativecommons.org/licenses/by-sa/4.0,https://commons.wikimedia.org/wiki/File:Wall_painting_-_navigium_Isidis_-_Pompeii_%28VIII_7_28_-_sanctuary_of_Isis_-_sacrarium%29_-_Napoli_MAN_8929.jpg,,Wall painting - navigium Isidis - Pompeii (VIII 7 28 - sanctuary of Isis - sacrarium) - Napoli MAN 8929
pompeii-wall-painting-ibis-pompeii-viii-7-28-sanctuary-of-isis-sacrarium-napoli-man-8562,Wall painting - ibis - Pompeii (VIII 7 28 - sanctuary of Isis - sacrarium) - Napoli MAN 8562,Roman,General / Decorative,Late Neronian / Early Flavian,,,Pompeii,Campania,Naples National Archaeological Museum,40.75022,14.48686,approximate,https://commons.wikimedia.org/wiki/Special:FilePath/Wall_painting_-_ibis_-_Pompeii_%28VIII_7_28_-_sanctuary_of_Isis_-_sacrarium%29_-_Napoli_MAN_8562.jpg?width=400,ArchaiOptix,CC BY-SA 4.0,https://creativecommons.org/licenses/by-sa/4.0,https://commons.wikimedia.org/wiki/File:Wall_painting_-_ibis_-_Pompeii_%28VIII_7_28_-_sanctuary_of_Isis_-_sacrarium%29_-_Napoli_MAN_8562.jpg,,Wall painting - ibis - Pompeii (VIII 7 28 - sanctuary of Isis - sacrarium) - Napoli MAN 8562
pompeii-wall-painting-lion-pompeii-viii-7-28-sanctuary-of-isis-sacrarium-napoli-man-8564,Wall painting - lion - Pompeii (VIII 7 28 - sanctuary of Isis - sacrarium) - Napoli MAN 8564,Roman,Animal,Late Neronian / Early Flavian,,,Pompeii,Campania,Naples National Archaeological Museum,40.74997,14.48543,approximate,https://commons.wikimedia.org/wiki/Special:FilePath/Wall_painting_-_lion_-_Pompeii_%28VIII_7_28_-_sanctuary_of_Isis_-_sacrarium%29_-_Napoli_MAN_8564.jpg?width=400,ArchaiOptix,CC BY-SA 4.0,https://creativecommons.org/licenses/by-sa/4.0,https://commons.wikimedia.org/wiki/File:Wall_painting_-_lion_-_Pompeii_%28VIII_7_28_-_sanctuary_of_Isis_-_sacrarium%29_-_Napoli_MAN_8564.jpg,,Wall painting - lion - Pompeii (VIII 7 28 - sanctuary of Isis - sacrarium) - Napoli MAN 8564
pompeii-wall-painting-hermaphrodite-with-satyr-and-maenad-pompeii-ix-1-22-napoli-man-27875,Wall painting - Hermaphrodite with satyr and maenad - Pompeii (IX 1 22) - Napoli MAN 27875,Roman,General / Decorative,Late Neronian / Early Flavian,,,Pompeii,Campania,Naples National Archaeological Museum,40.74987,14.48795,approximate,https://commons.wikimedia.org/wiki/Special:FilePath/Wall_painting_-_Hermaphrodite_with_satyr_and_maenad_-_Pompeii_%28IX_1_22%29_-_Napoli_MAN_27875.jpg?width=400,ArchaiOptix,CC BY-SA 4.0,https://creativecommons.org/licenses/by-sa/4.0,https://commons.wikimedia.org/wiki/File:Wall_painting_-_Hermaphrodite_with_satyr_and_maenad_-_Pompeii_%28IX_1_22%29_-_Napoli_MAN_27875.jpg,,Wall painting - Hermaphrodite with satyr and maenad - Pompeii (IX 1 22) - Napoli MAN 27875
pompeii-wall-painting-dionysos-and-mount-vesuvius-pompeii-ix-8-6-napoli-man-112286-01,Wall painting - Dionysos and mount Vesuvius - Pompeii (IX 8 6) - Napoli MAN 112286 - 01,Roman,General / Decorative,Late Neronian / Early Flavian,,,Pompeii,Campania,Naples National Archaeological Museum,40.75103,14.48638,approximate,https://commons.wikimedia.org/wiki/Special:FilePath/Wall_painting_-_Dionysos_and_mount_Vesuvius_-_Pompeii_%28IX_8_6%29_-_Napoli_MAN_112286_-_01.jpg?width=400,ArchaiOptix,CC BY-SA 4.0,https://creativecommons.org/licenses/by-sa/4.0,https://commons.wikimedia.org/wiki/File:Wall_painting_-_Dionysos_and_mount_Vesuvius_-_Pompeii_%28IX_8_6%29_-_Napoli_MAN_112286_-_01.jpg,,Wall painting - Dionysos and mount Vesuvius - Pompeii (IX 8 6) - Napoli MAN 112286 - 01
pompeii-wall-painting-dionysos-and-mount-vesuvius-pompeii-ix-8-6-napoli-man-112286-02,Wall painting - Dionysos and mount Vesuvius - Pompeii (IX 8 6) - Napoli MAN 112286 - 02,Roman,General / Decorative,Late Neronian / Early Flavian,,,Pompeii,Campania,Naples National Archaeological Museum,40.75121,14.48717,approximate,https://commons.wikimedia.org/wiki/Special:FilePath/Wall_painting_-_Dionysos_and_mount_Vesuvius_-_Pompeii_%28IX_8_6%29_-_Napoli_MAN_112286_-_02.jpg?width=400,ArchaiOptix,CC BY-SA 4.0,https://creativecommons.org/licenses/by-sa/4.0,https://commons.wikimedia.org/wiki/File:Wall_painting_-_Dionysos_and_mount_Vesuvius_-_Pompeii_%28IX_8_6%29_-_Napoli_MAN_112286_-_02.jpg,,Wall painting - Dionysos and mount Vesuvius - Pompeii (IX 8 6) - Napoli MAN 112286 - 02
pompeii-wall-painting-landscape-with-buildings-and-figures-pompeii-ix-12-3-napoli-man-9438,Wall painting - landscape with buildings and figures - Pompeii (IX 12 3) - Napoli MAN 9438,Roman,Floral & Landscape,Late Neronian / Early Flavian,,,Pompeii,Campania,Naples National Archaeological Museum,40.74936,14.48515,approximate,https://commons.wikimedia.org/wiki/Special:FilePath/Wall_painting_-_landscape_with_buildings_and_figures_-_Pompeii_%28IX_12_3%29_-_Napoli_MAN_9438.jpg?width=400,ArchaiOptix,CC BY-SA 4.0,https://creativecommons.org/licenses/by-sa/4.0,https://commons.wikimedia.org/wiki/File:Wall_painting_-_landscape_with_buildings_and_figures_-_Pompeii_%28IX_12_3%29_-_Napoli_MAN_9438.jpg,,Wall painting - landscape with buildings and figures - Pompeii (IX 12 3) - Napoli MAN 9438
pompeii-wall-painting-apollon-and-the-nine-muses-pompeii-moregine-triclinium-a-pompeii-great-palaestra-01a,Wall painting - Apollon and the nine Muses - Pompeii (Moregine triclinium a) - Pompeii Great Palaestra - 01a,Roman,General / Decorative,Late Neronian / Early Flavian,,,Pompeii,Campania,Naples National Archaeological Museum,40.75051,14.48565,approximate,https://commons.wikimedia.org/wiki/Special:FilePath/Wall_painting_-_Apollon_and_the_nine_Muses_-_Pompeii_%28Moregine_triclinium_a%29_-_Pompeii_Great_Palaestra_-_01a.jpg?width=400,ArchaiOptix,CC BY-SA 4.0,https://creativecommons.org/licenses/by-sa/4.0,https://commons.wikimedia.org/wiki/File:Wall_painting_-_Apollon_and_the_nine_Muses_-_Pompeii_%28Moregine_triclinium_a%29_-_Pompeii_Great_Palaestra_-_01a.jpg,,Wall painting - Apollon and the nine Muses - Pompeii (Moregine triclinium a) - Pompeii Great Palaestra - 01a
pompeii-wall-painting-apollon-and-the-nine-muses-pompeii-moregine-triclinium-a-pompeii-great-palaestra-01b,Wall painting - Apollon and the nine Muses - Pompeii (Moregine triclinium a) - Pompeii Great Palaestra - 01b,Roman,General / Decorative,Late Neronian / Early Flavian,,,Pompeii,Campania,Naples National Archaeological Museum,40.7516,14.48577,approximate,https://commons.wikimedia.org/wiki/Special:FilePath/Wall_painting_-_Apollon_and_the_nine_Muses_-_Pompeii_%28Moregine_triclinium_a%29_-_Pompeii_Great_Palaestra_-_01b.jpg?width=400,ArchaiOptix,CC BY-SA 4.0,https://creativecommons.org/licenses/by-sa/4.0,https://commons.wikimedia.org/wiki/File:Wall_painting_-_Apollon_and_the_nine_Muses_-_Pompeii_%28Moregine_triclinium_a%29_-_Pompeii_Great_Palaestra_-_01b.jpg,,Wall painting - Apollon and the nine Muses - Pompeii (Moregine triclinium a) - Pompeii Great Palaestra - 01b
pompeii-wall-painting-apollon-and-the-nine-muses-pompeii-moregine-triclinium-a-pompeii-great-palaestra-01c,Wall painting - Apollon and the nine Muses - Pompeii (Moregine triclinium a) - Pompeii Great Palaestra - 01c,Roman,General / Decorative,Late Neronian / Early Flavian,,,Pompeii,Campania,Naples National Archaeological Museum,40.75178,14.48665,approximate,https://commons.wikimedia.org/wiki/Special:FilePath/Wall_painting_-_Apollon_and_the_nine_Muses_-_Pompeii_%28Moregine_triclinium_a%29_-_Pompeii_Great_Palaestra_-_01c.jpg?width=400,ArchaiOptix,CC BY-SA 4.0,https://creativecommons.org/licenses/by-sa/4.0,https://commons.wikimedia.org/wiki/File:Wall_painting_-_Apollon_and_the_nine_Muses_-_Pompeii_%28Moregine_triclinium_a%29_-_Pompeii_Great_Palaestra_-_01c.jpg,,Wall painting - Apollon and the nine Muses - Pompeii (Moregine triclinium a) - Pompeii Great Palaestra - 01c
pompeii-wall-painting-apollon-and-the-nine-muses-pompeii-moregine-triclinium-a-pompeii-great-palaestra-01,Wall painting - Apollon and the nine Muses - Pompeii (Moregine triclinium a) - Pompeii Great Palaestra - 01,Roman,General / Decorative,Late Neronian / Early Flavian,,,Pompeii,Campania,Naples National Archaeological Museum,40.75069,14.4878,approximate,https://commons.wikimedia.org/wiki/Special:FilePath/Wall_painting_-_Apollon_and_the_nine_Muses_-_Pompeii_%28Moregine_triclinium_a%29_-_Pompeii_Great_Palaestra_-_01.jpg?width=400,ArchaiOptix,CC BY-SA 4.0,https://creativecommons.org/licenses/by-sa/4.0,https://commons.wikimedia.org/wiki/File:Wall_painting_-_Apollon_and_the_nine_Muses_-_Pompeii_%28Moregine_triclinium_a%29_-_Pompeii_Great_Palaestra_-_01.jpg,,Wall painting - Apollon and the nine Muses - Pompeii (Moregine triclinium a) - Pompeii Great Palaestra - 01
pompeii-wall-painting-apollon-and-the-nine-muses-pompeii-moregine-triclinium-a-pompeii-great-palaestra-02a,Wall painting - Apollon and the nine Muses - Pompeii (Moregine triclinium a) - Pompeii Great Palaestra - 02a,Roman,General / Decorative,Late Neronian / Early Flavian,,,Pompeii,Campania,Naples National Archaeological Museum,40.7507,14.48654,approximate,https://commons.wikimedia.org/wiki/Special:FilePath/Wall_painting_-_Apollon_and_the_nine_Muses_-_Pompeii_%28Moregine_triclinium_a%29_-_Pompeii_Great_Palaestra_-_02a.jpg?width=400,ArchaiOptix,CC BY-SA 4.0,https://creativecommons.org/licenses/by-sa/4.0,https://commons.wikimedia.org/wiki/File:Wall_painting_-_Apollon_and_the_nine_Muses_-_Pompeii_%28Moregine_triclinium_a%29_-_Pompeii_Great_Palaestra_-_02a.jpg,,Wall painting - Apollon and the nine Muses - Pompeii (Moregine triclinium a) - Pompeii Great Palaestra - 02a
pompeii-wall-painting-apollon-and-the-nine-muses-pompeii-moregine-triclinium-a-pompeii-great-palaestra-02,Wall painting - Apollon and the nine Muses - Pompeii (Moregine triclinium a) - Pompeii Great Palaestra - 02,Roman,General / Decorative,Late Neronian / Early Flavian,,,Pompeii,Campania,Naples National Archaeological Museum,40.75014,14.48679,approximate,https://commons.wikimedia.org/wiki/Special:FilePath/Wall_painting_-_Apollon_and_the_nine_Muses_-_Pompeii_%28Moregine_triclinium_a%29_-_Pompeii_Great_Palaestra_-_02.jpg?width=400,ArchaiOptix,CC BY-SA 4.0,https://creativecommons.org/licenses/by-sa/4.0,https://commons.wikimedia.org/wiki/File:Wall_painting_-_Apollon_and_the_nine_Muses_-_Pompeii_%28Moregine_triclinium_a%29_-_Pompeii_Great_Palaestra_-_02.jpg,,Wall painting - Apollon and the nine Muses - Pompeii (Moregine triclinium a) - Pompeii Great Palaestra - 02
pompeii-wall-painting-apollon-and-the-nine-muses-pompeii-moregine-triclinium-a-pompeii-great-palaestra-03,Wall painting - Apollon and the nine Muses - Pompeii (Moregine triclinium a) - Pompeii Great Palaestra - 03,Roman,General / Decorative,Late Neronian / Early Flavian,,,Pompeii,Campania,Naples National Archaeological Museum,40.75202,14.48732,approximate,https://commons.wikimedia.org/wiki/Special:FilePath/Wall_painting_-_Apollon_and_the_nine_Muses_-_Pompeii_%28Moregine_triclinium_a%29_-_Pompeii_Great_Palaestra_-_03.jpg?width=400,ArchaiOptix,CC BY-SA 4.0,https://creativecommons.org/licenses/by-sa/4.0,https://commons.wikimedia.org/wiki/File:Wall_painting_-_Apollon_and_the_nine_Muses_-_Pompeii_%28Moregine_triclinium_a%29_-_Pompeii_Great_Palaestra_-_03.jpg,,Wall painting - Apollon and the nine Muses - Pompeii (Moregine triclinium a) - Pompeii Great Palaestra - 03
pompeii-wall-painting-apollon-and-the-nine-muses-pompeii-moregine-triclinium-a-pompeii-great-palaestra-04,Wall painting - Apollon and the nine Muses - Pompeii (Moregine triclinium a) - Pompeii Great Palaestra - 04,Roman,General / Decorative,Late Neronian / Early Flavian,,,Pompeii,Campania,Naples National Archaeological Museum,40.7512,14.48683,approximate,https://commons.wikimedia.org/wiki/Special:FilePath/Wall_painting_-_Apollon_and_the_nine_Muses_-_Pompeii_%28Moregine_triclinium_a%29_-_Pompeii_Great_Palaestra_-_04.jpg?width=400,ArchaiOptix,CC BY-SA 4.0,https://creativecommons.org/licenses/by-sa/4.0,https://commons.wikimedia.org/wiki/File:Wall_painting_-_Apollon_and_the_nine_Muses_-_Pompeii_%28Moregine_triclinium_a%29_-_Pompeii_Great_Palaestra_-_04.jpg,,Wall painting - Apollon and the nine Muses - Pompeii (Moregine triclinium a) - Pompeii Great Palaestra - 04
pompeii-wall-painting-apollon-and-the-nine-muses-pompeii-moregine-triclinium-a-pompeii-great-palaestra-04a,Wall painting - Apollon and the nine Muses - Pompeii (Moregine triclinium a) - Pompeii Great Palaestra - 04a,Roman,General / Decorative,Late Neronian / Early Flavian,,,Pompeii,Campania,Naples National Archaeological Museum,40.752,14.48693,approximate,https://commons.wikimedia.org/wiki/Special:FilePath/Wall_painting_-_Apollon_and_the_nine_Muses_-_Pompeii_%28Moregine_triclinium_a%29_-_Pompeii_Great_Palaestra_-_04a.jpg?width=400,ArchaiOptix,CC BY-SA 4.0,https://creativecommons.org/licenses/by-sa/4.0,https://commons.wikimedia.org/wiki/File:Wall_painting_-_Apollon_and_the_nine_Muses_-_Pompeii_%28Moregine_triclinium_a%29_-_Pompeii_Great_Palaestra_-_04a.jpg,,Wall painting - Apollon and the nine Muses - Pompeii (Moregine triclinium a) - Pompeii Great Palaestra - 04a
pompeii-wall-painting-apollon-and-the-nine-muses-pompeii-moregine-triclinium-a-pompeii-great-palaestra-05,Wall painting - Apollon and the nine Muses - Pompeii (Moregine triclinium a) - Pompeii Great Palaestra - 05,Roman,General / Decorative,Late Neronian / Early Flavian,,,Pompeii,Campania,Naples National Archaeological Museum,40.75082,14.487,approximate,https://commons.wikimedia.org/wiki/Special:FilePath/Wall_painting_-_Apollon_and_the_nine_Muses_-_Pompeii_%28Moregine_triclinium_a%29_-_Pompeii_Great_Palaestra_-_05.jpg?width=400,ArchaiOptix,CC BY-SA 4.0,https://creativecommons.org/licenses/by-sa/4.0,https://commons.wikimedia.org/wiki/File:Wall_painting_-_Apollon_and_the_nine_Muses_-_Pompeii_%28Moregine_triclinium_a%29_-_Pompeii_Great_Palaestra_-_05.jpg,,Wall painting - Apollon and the nine Muses - Pompeii (Moregine triclinium a) - Pompeii Great Palaestra - 05
pompeii-wall-painting-apollon-and-the-nine-muses-pompeii-moregine-triclinium-a-pompeii-great-palaestra-05a,Wall painting - Apollon and the nine Muses - Pompeii (Moregine triclinium a) - Pompeii Great Palaestra - 05a,Roman,General / Decorative,Late Neronian / Early Flavian,,,Pompeii,Campania,Naples National Archaeological Museum,40.75076,14.48548,approximate,https://commons.wikimedia.org/wiki/Special:FilePath/Wall_painting_-_Apollon_and_the_nine_Muses_-_Pompeii_%28Moregine_triclinium_a%29_-_Pompeii_Great_Palaestra_-_05a.jpg?width=400,ArchaiOptix,CC BY-SA 4.0,https://creativecommons.org/licenses/by-sa/4.0,https://commons.wikimedia.org/wiki/File:Wall_painting_-_Apollon_and_the_nine_Muses_-_Pompeii_%28Moregine_triclinium_a%29_-_Pompeii_Great_Palaestra_-_05a.jpg,,Wall painting - Apollon and the nine Muses - Pompeii (Moregine triclinium a) - Pompeii Great Palaestra - 05a
pompeii-wall-painting-apollon-and-the-nine-muses-pompeii-moregine-triclinium-a-pompeii-great-palaestra-06a,Wall painting - Apollon and the nine Muses - Pompeii (Moregine triclinium a) - Pompeii Great Palaestra - 06a,Roman,General / Decorative,Late Neronian / Early Flavian,,,Pompeii,Campania,Naples National Archaeological Museum,40.75132,14.48702,approximate,https://commons.wikimedia.org/wiki/Special:FilePath/Wall_painting_-_Apollon_and_the_nine_Muses_-_Pompeii_%28Moregine_triclinium_a%29_-_Pompeii_Great_Palaestra_-_06a.jpg?width=400,ArchaiOptix,CC BY-SA 4.0,https://creativecommons.org/licenses/by-sa/4.0,https://commons.wikimedia.org/wiki/File:Wall_painting_-_Apollon_and_the_nine_Muses_-_Pompeii_%28Moregine_triclinium_a%29_-_Pompeii_Great_Palaestra_-_06a.jpg,,Wall painting - Apollon and the nine Muses - Pompeii (Moregine triclinium a) - Pompeii Great Palaestra - 06a
pompeii-wall-painting-apollon-and-the-nine-muses-pompeii-moregine-triclinium-a-pompeii-great-palaestra-06,Wall painting - Apollon and the nine Muses - Pompeii (Moregine triclinium a) - Pompeii Great Palaestra - 06,Roman,General / Decorative,Late Neronian / Early Flavian,,,Pompeii,Campania,Naples National Archaeological Museum,40.74977,14.48656,approximate,https://commons.wikimedia.org/wiki/Special:FilePath/Wall_painting_-_Apollon_and_the_nine_Muses_-_Pompeii_%28Moregine_triclinium_a%29_-_Pompeii_Great_Palaestra_-_06.jpg?width=400,ArchaiOptix,CC BY-SA 4.0,https://creativecommons.org/licenses/by-sa/4.0,https://commons.wikimedia.org/wiki/File:Wall_painting_-_Apollon_and_the_nine_Muses_-_Pompeii_%28Moregine_triclinium_a%29_-_Pompeii_Great_Palaestra_-_06.jpg,,Wall painting - Apollon and the nine Muses - Pompeii (Moregine triclinium a) - Pompeii Great Palaestra - 06
pompeii-wall-painting-apollon-and-the-nine-muses-pompeii-moregine-triclinium-a-pompeii-great-palaestra-07a,Wall painting - Apollon and the nine Muses - Pompeii (Moregine triclinium a) - Pompeii Great Palaestra - 07a,Roman,General / Decorative,Late Neronian / Early Flavian,,,Pompeii,Campania,Naples National Archaeological Museum,40.75088,14.48551,approximate,https://commons.wikimedia.org/wiki/Special:FilePath/Wall_painting_-_Apollon_and_the_nine_Muses_-_Pompeii_%28Moregine_triclinium_a%29_-_Pompeii_Great_Palaestra_-_07a.jpg?width=400,ArchaiOptix,CC BY-SA 4.0,https://creativecommons.org/licenses/by-sa/4.0,https://commons.wikimedia.org/wiki/File:Wall_painting_-_Apollon_and_the_nine_Muses_-_Pompeii_%28Moregine_triclinium_a%29_-_Pompeii_Great_Palaestra_-_07a.jpg,,Wall painting - Apollon and the nine Muses - Pompeii (Moregine triclinium a) - Pompeii Great Palaestra - 07a
pompeii-wall-painting-apollon-and-the-nine-muses-pompeii-moregine-triclinium-a-pompeii-great-palaestra-07,Wall painting - Apollon and the nine Muses - Pompeii (Moregine triclinium a) - Pompeii Great Palaestra - 07,Roman,General / Decorative,Late Neronian / Early Flavian,,,Pompeii,Campania,Naples National Archaeological Museum,40.75068,14.48615,approximate,https://commons.wikimedia.org/wiki/Special:FilePath/Wall_painting_-_Apollon_and_the_nine_Muses_-_Pompeii_%28Moregine_triclinium_a%29_-_Pompeii_Great_Palaestra_-_07.jpg?width=400,ArchaiOptix,CC BY-SA 4.0,https://creativecommons.org/licenses/by-sa/4.0,https://commons.wikimedia.org/wiki/File:Wall_painting_-_Apollon_and_the_nine_Muses_-_Pompeii_%28Moregine_triclinium_a%29_-_Pompeii_Great_Palaestra_-_07.jpg,,Wall painting - Apollon and the nine Muses - Pompeii (Moregine triclinium a) - Pompeii Great Palaestra - 07
pompeii-wall-painting-apollon-and-the-nine-muses-pompeii-moregine-triclinium-a-pompeii-great-palaestra-07b,Wall painting - Apollon and the nine Muses - Pompeii (Moregine triclinium a) - Pompeii Great Palaestra - 07b,Roman,General / Decorative,Late Neronian / Early Flavian,,,Pompeii,Campania,Naples National Archaeological Museum,40.7496,14.48553,approximate,https://commons.wikimedia.org/wiki/Special:FilePath/Wall_painting_-_Apollon_and_the_nine_Muses_-_Pompeii_%28Moregine_triclinium_a%29_-_Pompeii_Great_Palaestra_-_07b.jpg?width=400,ArchaiOptix,CC BY-SA 4.0,https://creativecommons.org/licenses/by-sa/4.0,https://commons.wikimedia.org/wiki/File:Wall_painting_-_Apollon_and_the_nine_Muses_-_Pompeii_%28Moregine_triclinium_a%29_-_Pompeii_Great_Palaestra_-_07b.jpg,,Wall painting - Apollon and the nine Muses - Pompeii (Moregine triclinium a) - Pompeii Great Palaestra - 07b
pompeii-wall-painting-venus-and-the-dioskuroi-pompeii-moregine-triclinium-b-pompeii-great-palaestra-01a-01,Wall painting - Venus and the Dioskuroi - Pompeii (Moregine triclinium b) - Pompeii Great Palaestra - 01a 01,Roman,General / Decorative,Late Neronian / Early Flavian,,,Pompeii,Campania,Naples National Archaeological Museum,40.75117,14.48525,approximate,https://commons.wikimedia.org/wiki/Special:FilePath/Wall_painting_-_Venus_and_the_Dioskuroi_-_Pompeii_%28Moregine_triclinium_b%29_-_Pompeii_Great_Palaestra_-_01a_01.jpg?width=400,ArchaiOptix,CC BY-SA 4.0,https://creativecommons.org/licenses/by-sa/4.0,https://commons.wikimedia.org/wiki/File:Wall_painting_-_Venus_and_the_Dioskuroi_-_Pompeii_%28Moregine_triclinium_b%29_-_Pompeii_Great_Palaestra_-_01a_01.jpg,,Wall painting - Venus and the Dioskuroi - Pompeii (Moregine triclinium b) - Pompeii Great Palaestra - 01a 01
pompeii-wall-painting-venus-and-the-dioskuroi-pompeii-moregine-triclinium-b-pompeii-great-palaestra-01,Wall painting - Venus and the Dioskuroi - Pompeii (Moregine triclinium b) - Pompeii Great Palaestra - 01,Roman,General / Decorative,Late Neronian / Early Flavian,,,Pompeii,Campania,Naples National Archaeological Museum,40.74964,14.4861,approximate,https://commons.wikimedia.org/wiki/Special:FilePath/Wall_painting_-_Venus_and_the_Dioskuroi_-_Pompeii_%28Moregine_triclinium_b%29_-_Pompeii_Great_Palaestra_-_01.jpg?width=400,ArchaiOptix,CC BY-SA 4.0,https://creativecommons.org/licenses/by-sa/4.0,https://commons.wikimedia.org/wiki/File:Wall_painting_-_Venus_and_the_Dioskuroi_-_Pompeii_%28Moregine_triclinium_b%29_-_Pompeii_Great_Palaestra_-_01.jpg,,Wall painting - Venus and the Dioskuroi - Pompeii (Moregine triclinium b) - Pompeii Great Palaestra - 01
pompeii-wall-painting-venus-and-the-dioskuroi-pompeii-moregine-triclinium-b-pompeii-great-palaestra-02a,Wall painting - Venus and the Dioskuroi - Pompeii (Moregine triclinium b) - Pompeii Great Palaestra - 02a,Roman,General / Decorative,Late Neronian / Early Flavian,,,Pompeii,Campania,Naples National Archaeological Museum,40.74948,14.48809,approximate,https://commons.wikimedia.org/wiki/Special:FilePath/Wall_painting_-_Venus_and_the_Dioskuroi_-_Pompeii_%28Moregine_triclinium_b%29_-_Pompeii_Great_Palaestra_-_02a.jpg?width=400,ArchaiOptix,CC BY-SA 4.0,https://creativecommons.org/licenses/by-sa/4.0,https://commons.wikimedia.org/wiki/File:Wall_painting_-_Venus_and_the_Dioskuroi_-_Pompeii_%28Moregine_triclinium_b%29_-_Pompeii_Great_Palaestra_-_02a.jpg,,Wall painting - Venus and the Dioskuroi - Pompeii (Moregine triclinium b) - Pompeii Great Palaestra - 02a
pompeii-wall-painting-venus-and-the-dioskuroi-pompeii-moregine-triclinium-b-pompeii-great-palaestra-02,Wall painting - Venus and the Dioskuroi - Pompeii (Moregine triclinium b) - Pompeii Great Palaestra - 02,Roman,General / Decorative,Late Neronian / Early Flavian,,,Pompeii,Campania,Naples National Archaeological Museum,40.75185,14.4863,approximate,https://commons.wikimedia.org/wiki/Special:FilePath/Wall_painting_-_Venus_and_the_Dioskuroi_-_Pompeii_%28Moregine_triclinium_b%29_-_Pompeii_Great_Palaestra_-_02.jpg?width=400,ArchaiOptix,CC BY-SA 4.0,https://creativecommons.org/licenses/by-sa/4.0,https://commons.wikimedia.org/wiki/File:Wall_painting_-_Venus_and_the_Dioskuroi_-_Pompeii_%28Moregine_triclinium_b%29_-_Pompeii_Great_Palaestra_-_02.jpg,,Wall painting - Venus and the Dioskuroi - Pompeii (Moregine triclinium b) - Pompeii Great Palaestra - 02
pompeii-wall-painting-venus-and-the-dioskuroi-pompeii-moregine-triclinium-b-pompeii-great-palaestra-03,Wall painting - Venus and the Dioskuroi - Pompeii (Moregine triclinium b) - Pompeii Great Palaestra - 03,Roman,General / Decorative,Late Neronian / Early Flavian,,,Pompeii,Campania,Naples National Archaeological Museum,40.75112,14.48523,approximate,https://commons.wikimedia.org/wiki/Special:FilePath/Wall_painting_-_Venus_and_the_Dioskuroi_-_Pompeii_%28Moregine_triclinium_b%29_-_Pompeii_Great_Palaestra_-_03.jpg?width=400,ArchaiOptix,CC BY-SA 4.0,https://creativecommons.org/licenses/by-sa/4.0,https://commons.wikimedia.org/wiki/File:Wall_painting_-_Venus_and_the_Dioskuroi_-_Pompeii_%28Moregine_triclinium_b%29_-_Pompeii_Great_Palaestra_-_03.jpg,,Wall painting - Venus and the Dioskuroi - Pompeii (Moregine triclinium b) - Pompeii Great Palaestra - 03
pompeii-wall-painting-river-sarno-and-two-nikai-and-other-figures-pompeii-moregine-triclinium-c-pompeii-great-palaestra-01a,Wall painting - River Sarno and two Nikai and other figures - Pompeii (Moregine triclinium c) - Pompeii Great Palaestra - 01a,Roman,General / Decorative,Late Neronian / Early Flavian,,,Pompeii,Campania,Naples National Archaeological Museum,40.74995,14.487,approximate,https://commons.wikimedia.org/wiki/Special:FilePath/Wall_painting_-_River_Sarno_and_two_Nikai_and_other_figures_-_Pompeii_%28Moregine_triclinium_c%29_-_Pompeii_Great_Palaestra_-_01a.jpg?width=400,ArchaiOptix,CC BY-SA 4.0,https://creativecommons.org/licenses/by-sa/4.0,https://commons.wikimedia.org/wiki/File:Wall_painting_-_River_Sarno_and_two_Nikai_and_other_figures_-_Pompeii_%28Moregine_triclinium_c%29_-_Pompeii_Great_Palaestra_-_01a.jpg,,Wall painting - River Sarno and two Nikai and other figures - Pompeii (Moregine triclinium c) - Pompeii Great Palaestra - 01a
pompeii-wall-painting-river-sarno-and-two-nikai-and-other-figures-pompeii-moregine-triclinium-c-pompeii-great-palaestra-01,Wall painting - River Sarno and two Nikai and other figures - Pompeii (Moregine triclinium c) - Pompeii Great Palaestra - 01,Roman,General / Decorative,Late Neronian / Early Flavian,,,Pompeii,Campania,Naples National Archaeological Museum,40.75224,14.48592,approximate,https://commons.wikimedia.org/wiki/Special:FilePath/Wall_painting_-_River_Sarno_and_two_Nikai_and_other_figures_-_Pompeii_%28Moregine_triclinium_c%29_-_Pompeii_Great_Palaestra_-_01.jpg?width=400,ArchaiOptix,CC BY-SA 4.0,https://creativecommons.org/licenses/by-sa/4.0,https://commons.wikimedia.org/wiki/File:Wall_painting_-_River_Sarno_and_two_Nikai_and_other_figures_-_Pompeii_%28Moregine_triclinium_c%29_-_Pompeii_Great_Palaestra_-_01.jpg,,Wall painting - River Sarno and two Nikai and other figures - Pompeii (Moregine triclinium c) - Pompeii Great Palaestra - 01
pompeii-wall-painting-river-sarno-and-two-nikai-and-other-figures-pompeii-moregine-triclinium-c-pompeii-great-palaestra-02a,Wall painting - River Sarno and two Nikai and other figures - Pompeii (Moregine triclinium c) - Pompeii Great Palaestra - 02a,Roman,General / Decorative,Late Neronian / Early Flavian,,,Pompeii,Campania,Naples National Archaeological Museum,40.75097,14.48752,approximate,https://commons.wikimedia.org/wiki/Special:FilePath/Wall_painting_-_River_Sarno_and_two_Nikai_and_other_figures_-_Pompeii_%28Moregine_triclinium_c%29_-_Pompeii_Great_Palaestra_-_02a.jpg?width=400,ArchaiOptix,CC BY-SA 4.0,https://creativecommons.org/licenses/by-sa/4.0,https://commons.wikimedia.org/wiki/File:Wall_painting_-_River_Sarno_and_two_Nikai_and_other_figures_-_Pompeii_%28Moregine_triclinium_c%29_-_Pompeii_Great_Palaestra_-_02a.jpg,,Wall painting - River Sarno and two Nikai and other figures - Pompeii (Moregine triclinium c) - Pompeii Great Palaestra - 02a
pompeii-wall-painting-river-sarno-and-two-nikai-and-other-figures-pompeii-moregine-triclinium-c-pompeii-great-palaestra-02,Wall painting - River Sarno and two Nikai and other figures - Pompeii (Moregine triclinium c) - Pompeii Great Palaestra - 02,Roman,General / Decorative,Late Neronian / Early Flavian,,,Pompeii,Campania,Naples National Archaeological Museum,40.74986,14.48683,approximate,https://commons.wikimedia.org/wiki/Special:FilePath/Wall_painting_-_River_Sarno_and_two_Nikai_and_other_figures_-_Pompeii_%28Moregine_triclinium_c%29_-_Pompeii_Great_Palaestra_-_02.jpg?width=400,ArchaiOptix,CC BY-SA 4.0,https://creativecommons.org/licenses/by-sa/4.0,https://commons.wikimedia.org/wiki/File:Wall_painting_-_River_Sarno_and_two_Nikai_and_other_figures_-_Pompeii_%28Moregine_triclinium_c%29_-_Pompeii_Great_Palaestra_-_02.jpg,,Wall painting - River Sarno and two Nikai and other figures - Pompeii (Moregine triclinium c) - Pompeii Great Palaestra - 02
pompeii-wall-painting-river-sarno-and-two-nikai-and-other-figures-pompeii-moregine-triclinium-c-pompeii-great-palaestra-03a,Wall painting - River Sarno and two Nikai and other figures - Pompeii (Moregine triclinium c) - Pompeii Great Palaestra - 03a,Roman,General / Decorative,Late Neronian / Early Flavian,,,Pompeii,Campania,Naples National Archaeological Museum,40.75073,14.48727,approximate,https://commons.wikimedia.org/wiki/Special:FilePath/Wall_painting_-_River_Sarno_and_two_Nikai_and_other_figures_-_Pompeii_%28Moregine_triclinium_c%29_-_Pompeii_Great_Palaestra_-_03a.jpg?width=400,ArchaiOptix,CC BY-SA 4.0,https://creativecommons.org/licenses/by-sa/4.0,https://commons.wikimedia.org/wiki/File:Wall_painting_-_River_Sarno_and_two_Nikai_and_other_figures_-_Pompeii_%28Moregine_triclinium_c%29_-_Pompeii_Great_Palaestra_-_03a.jpg,,Wall painting - River Sarno and two Nikai and other figures - Pompeii (Moregine triclinium c) - Pompeii Great Palaestra - 03a
pompeii-wall-painting-river-sarno-and-two-nikai-and-other-figures-pompeii-moregine-triclinium-c-pompeii-great-palaestra-03,Wall painting - River Sarno and two Nikai and other figures - Pompeii (Moregine triclinium c) - Pompeii Great Palaestra - 03,Roman,General / Decorative,Late Neronian / Early Flavian,,,Pompeii,Campania,Naples National Archaeological Museum,40.75153,14.4868,approximate,https://commons.wikimedia.org/wiki/Special:FilePath/Wall_painting_-_River_Sarno_and_two_Nikai_and_other_figures_-_Pompeii_%28Moregine_triclinium_c%29_-_Pompeii_Great_Palaestra_-_03.jpg?width=400,ArchaiOptix,CC BY-SA 4.0,https://creativecommons.org/licenses/by-sa/4.0,https://commons.wikimedia.org/wiki/File:Wall_painting_-_River_Sarno_and_two_Nikai_and_other_figures_-_Pompeii_%28Moregine_triclinium_c%29_-_Pompeii_Great_Palaestra_-_03.jpg,,Wall painting - River Sarno and two Nikai and other figures - Pompeii (Moregine triclinium c) - Pompeii Great Palaestra - 03
pompeii-wall-painting-river-sarno-and-two-nikai-and-other-figures-pompeii-moregine-triclinium-c-pompeii-great-palaestra-04,Wall painting - River Sarno and two Nikai and other figures - Pompeii (Moregine triclinium c) - Pompeii Great Palaestra - 04,Roman,General / Decorative,Late Neronian / Early Flavian,,,Pompeii,Campania,Naples National Archaeological Museum,40.75207,14.48742,approximate,https://commons.wikimedia.org/wiki/Special:FilePath/Wall_painting_-_River_Sarno_and_two_Nikai_and_other_figures_-_Pompeii_%28Moregine_triclinium_c%29_-_Pompeii_Great_Palaestra_-_04.jpg?width=400,ArchaiOptix,CC BY-SA 4.0,https://creativecommons.org/licenses/by-sa/4.0,https://commons.wikimedia.org/wiki/File:Wall_painting_-_River_Sarno_and_two_Nikai_and_other_figures_-_Pompeii_%28Moregine_triclinium_c%29_-_Pompeii_Great_Palaestra_-_04.jpg,,Wall painting - River Sarno and two Nikai and other figures - Pompeii (Moregine triclinium c) - Pompeii Great Palaestra - 04
pompeii-wall-painting-river-sarno-and-two-nikai-and-other-figures-pompeii-moregine-triclinium-c-pompeii-great-palaestra-05,Wall painting - River Sarno and two Nikai and other figures - Pompeii (Moregine triclinium c) - Pompeii Great Palaestra - 05,Roman,General / Decorative,Late Neronian / Early Flavian,,,Pompeii,Campania,Naples National Archaeological Museum,40.75108,14.48627,approximate,https://commons.wikimedia.org/wiki/Special:FilePath/Wall_painting_-_River_Sarno_and_two_Nikai_and_other_figures_-_Pompeii_%28Moregine_triclinium_c%29_-_Pompeii_Great_Palaestra_-_05.jpg?width=400,ArchaiOptix,CC BY-SA 4.0,https://creativecommons.org/licenses/by-sa/4.0,https://commons.wikimedia.org/wiki/File:Wall_painting_-_River_Sarno_and_two_Nikai_and_other_figures_-_Pompeii_%28Moregine_triclinium_c%29_-_Pompeii_Great_Palaestra_-_05.jpg,,Wall painting - River Sarno and two Nikai and other figures - Pompeii (Moregine triclinium c) - Pompeii Great Palaestra - 05
pompeii-wall-painting-river-sarno-and-two-nikai-and-other-figures-pompeii-moregine-triclinium-c-pompeii-great-palaestra-06,Wall painting - River Sarno and two Nikai and other figures - Pompeii (Moregine triclinium c) - Pompeii Great Palaestra - 06,Roman,General / Decorative,Late Neronian / Early Flavian,,,Pompeii,Campania,Naples National Archaeological Museum,40.75138,14.48731,approximate,https://commons.wikimedia.org/wiki/Special:FilePath/Wall_painting_-_River_Sarno_and_two_Nikai_and_other_figures_-_Pompeii_%28Moregine_triclinium_c%29_-_Pompeii_Great_Palaestra_-_06.jpg?width=400,ArchaiOptix,CC BY-SA 4.0,https://creativecommons.org/licenses/by-sa/4.0,https://commons.wikimedia.org/wiki/File:Wall_painting_-_River_Sarno_and_two_Nikai_and_other_figures_-_Pompeii_%28Moregine_triclinium_c%29_-_Pompeii_Great_Palaestra_-_06.jpg,,Wall painting - River Sarno and two Nikai and other figures - Pompeii (Moregine triclinium c) - Pompeii Great Palaestra - 06
pompeii-wall-painting-river-sarno-and-two-nikai-and-other-figures-pompeii-moregine-triclinium-c-pompeii-great-palaestra-07a,Wall painting - River Sarno and two Nikai and other figures - Pompeii (Moregine triclinium c) - Pompeii Great Palaestra - 07a,Roman,General / Decorative,Late Neronian / Early Flavian,,,Pompeii,Campania,Naples National Archaeological Museum,40.75158,14.48513,approximate,https://commons.wikimedia.org/wiki/Special:FilePath/Wall_painting_-_River_Sarno_and_two_Nikai_and_other_figures_-_Pompeii_%28Moregine_triclinium_c%29_-_Pompeii_Great_Palaestra_-_07a.jpg?width=400,ArchaiOptix,CC BY-SA 4.0,https://creativecommons.org/licenses/by-sa/4.0,https://commons.wikimedia.org/wiki/File:Wall_painting_-_River_Sarno_and_two_Nikai_and_other_figures_-_Pompeii_%28Moregine_triclinium_c%29_-_Pompeii_Great_Palaestra_-_07a.jpg,,Wall painting - River Sarno and two Nikai and other figures - Pompeii (Moregine triclinium c) - Pompeii Great Palaestra - 07a
pompeii-wall-painting-river-sarno-and-two-nikai-and-other-figures-pompeii-moregine-triclinium-c-pompeii-great-palaestra-07,Wall painting - River Sarno and two Nikai and other figures - Pompeii (Moregine triclinium c) - Pompeii Great Palaestra - 07,Roman,General / Decorative,Late Neronian / Early Flavian,,,Pompeii,Campania,Naples National Archaeological Museum,40.75228,14.4865,approximate,https://commons.wikimedia.org/wiki/Special:FilePath/Wall_painting_-_River_Sarno_and_two_Nikai_and_other_figures_-_Pompeii_%28Moregine_triclinium_c%29_-_Pompeii_Great_Palaestra_-_07.jpg?width=400,ArchaiOptix,CC BY-SA 4.0,https://creativecommons.org/licenses/by-sa/4.0,https://commons.wikimedia.org/wiki/File:Wall_painting_-_River_Sarno_and_two_Nikai_and_other_figures_-_Pompeii_%28Moregine_triclinium_c%29_-_Pompeii_Great_Palaestra_-_07.jpg,,Wall painting - River Sarno and two Nikai and other figures - Pompeii (Moregine triclinium c) - Pompeii Great Palaestra - 07
pompeii-wall-painting-river-sarno-and-two-nikai-and-other-figures-pompeii-moregine-triclinium-c-pompeii-great-palaestra-08,Wall painting - River Sarno and two Nikai and other figures - Pompeii (Moregine triclinium c) - Pompeii Great Palaestra - 08,Roman,General / Decorative,Late Neronian / Early Flavian,,,Pompeii,Campania,Naples National Archaeological Museum,40.75075,14.48795,approximate,https://commons.wikimedia.org/wiki/Special:FilePath/Wall_painting_-_River_Sarno_and_two_Nikai_and_other_figures_-_Pompeii_%28Moregine_triclinium_c%29_-_Pompeii_Great_Palaestra_-_08.jpg?width=400,ArchaiOptix,CC BY-SA 4.0,https://creativecommons.org/licenses/by-sa/4.0,https://commons.wikimedia.org/wiki/File:Wall_painting_-_River_Sarno_and_two_Nikai_and_other_figures_-_Pompeii_%28Moregine_triclinium_c%29_-_Pompeii_Great_Palaestra_-_08.jpg,,Wall painting - River Sarno and two Nikai and other figures - Pompeii (Moregine triclinium c) - Pompeii Great Palaestra - 08
pompeii-wall-painting-river-sarno-and-two-nikai-and-other-figures-pompeii-moregine-triclinium-c-pompeii-great-palaestra-09a,Wall painting - River Sarno and two Nikai and other figures - Pompeii (Moregine triclinium c) - Pompeii Great Palaestra - 09a,Roman,General / Decorative,Late Neronian / Early Flavian,,,Pompeii,Campania,Naples National Archaeological Museum,40.74958,14.48727,approximate,https://commons.wikimedia.org/wiki/Special:FilePath/Wall_painting_-_River_Sarno_and_two_Nikai_and_other_figures_-_Pompeii_%28Moregine_triclinium_c%29_-_Pompeii_Great_Palaestra_-_09a.jpg?width=400,ArchaiOptix,CC BY-SA 4.0,https://creativecommons.org/licenses/by-sa/4.0,https://commons.wikimedia.org/wiki/File:Wall_painting_-_River_Sarno_and_two_Nikai_and_other_figures_-_Pompeii_%28Moregine_triclinium_c%29_-_Pompeii_Great_Palaestra_-_09a.jpg,,Wall painting - River Sarno and two Nikai and other figures - Pompeii (Moregine triclinium c) - Pompeii Great Palaestra - 09a
pompeii-wall-painting-river-sarno-and-two-nikai-and-other-figures-pompeii-moregine-triclinium-c-pompeii-great-palaestra-09,Wall painting - River Sarno and two Nikai and other figures - Pompeii (Moregine triclinium c) - Pompeii Great Palaestra - 09,Roman,General / Decorative,Late Neronian / Early Flavian,,,Pompeii,Campania,Naples National Archaeological Museum,40.74972,14.48704,approximate,https://commons.wikimedia.org/wiki/Special:FilePath/Wall_painting_-_River_Sarno_and_two_Nikai_and_other_figures_-_Pompeii_%28Moregine_triclinium_c%29_-_Pompeii_Great_Palaestra_-_09.jpg?width=400,ArchaiOptix,CC BY-SA 4.0,https://creativecommons.org/licenses/by-sa/4.0,https://commons.wikimedia.org/wiki/File:Wall_painting_-_River_Sarno_and_two_Nikai_and_other_figures_-_Pompeii_%28Moregine_triclinium_c%29_-_Pompeii_Great_Palaestra_-_09.jpg,,Wall painting - River Sarno and two Nikai and other figures - Pompeii (Moregine triclinium c) - Pompeii Great Palaestra - 09
pompeii-wall-painting-paris-guarding-his-herd-area-of-pompeii-napoli-man-9508,Wall painting - Paris guarding his herd - area of Pompeii - Napoli MAN 9508,Roman,General / Decorative,Late Neronian / Early Flavian,,,Pompeii,Campania,Naples National Archaeological Museum,40.75063,14.4854,approximate,https://commons.wikimedia.org/wiki/Special:FilePath/Wall_painting_-_Paris_guarding_his_herd_-_area_of_Pompeii_-_Napoli_MAN_9508.jpg?width=400,ArchaiOptix,CC BY-SA 4.0,https://creativecommons.org/licenses/by-sa/4.0,https://commons.wikimedia.org/wiki/File:Wall_painting_-_Paris_guarding_his_herd_-_area_of_Pompeii_-_Napoli_MAN_9508.jpg,,Wall painting - Paris guarding his herd - area of Pompeii - Napoli MAN 9508
aegean-prehistoric-wall-painting-hermaphrodite-and-eros-boscoreale-stuttgart-lmw-as-arch-83-1c-jpg,Wall painting - Hermaphrodite and Eros - Boscoreale - Stuttgart LMW AS Arch 83-1c,Minoan,General / Decorative,Late Neronian / Early Flavian,,,Aegean Prehistoric,Crete,Heraklion Archaeological Museum,35.29674,25.16506,approximate,https://commons.wikimedia.org/wiki/Special:FilePath/Wall_painting_-_Hermaphrodite_and_Eros_-_Boscoreale_-_Stuttgart_LMW_AS_Arch_83-1c.jpg?width=400,ArchaiOptix,CC BY-SA 4.0,https://creativecommons.org/licenses/by-sa/4.0,https://commons.wikimedia.org/wiki/File:Wall_painting_-_Hermaphrodite_and_Eros_-_Boscoreale_-_Stuttgart_LMW_AS_Arch_83-1c.jpg,,Wall painting - Hermaphrodite and Eros - Boscoreale - Stuttgart LMW AS Arch 83-1c.jpg
aegean-prehistoric-wall-painting-danae-receiving-the-golden-rain-boscoreale-stuttgart-lmw-as-arch-83-1n,Wall painting - Danae receiving the golden rain - Boscoreale - Stuttgart LMW AS Arch 83-1n,Minoan,General / Decorative,Late Neronian / Early Flavian,,,Aegean Prehistoric,Crete,Heraklion Archaeological Museum,35.2991,25.16242,approximate,https://commons.wikimedia.org/wiki/Special:FilePath/Wall_painting_-_Danae_receiving_the_golden_rain_-_Boscoreale_-_Stuttgart_LMW_AS_Arch_83-1n.jpg?width=400,ArchaiOptix,CC BY-SA 4.0,https://creativecommons.org/licenses/by-sa/4.0,https://commons.wikimedia.org/wiki/File:Wall_painting_-_Danae_receiving_the_golden_rain_-_Boscoreale_-_Stuttgart_LMW_AS_Arch_83-1n.jpg,,Wall painting - Danae receiving the golden rain - Boscoreale - Stuttgart LMW AS Arch 83-1n
pompeii-wall-painting-athena-in-aedicula-and-snake-at-altar-gragnano-carmiano-villa-a-pompeii-paant-63688-01,Wall painting - Athena in aedicula and snake at altar - Gragnano Carmiano (villa A) - Pompeii PAAnt 63688 - 01,Roman,Ritual & Religion,Late Neronian / Early Flavian,,,Pompeii,Campania,Naples National Archaeological Museum,40.7504,14.48782,approximate,https://commons.wikimedia.org/wiki/Special:FilePath/Wall_painting_-_Athena_in_aedicula_and_snake_at_altar_-_Gragnano_Carmiano_%28villa_A%29_-_Pompeii_PAAnt_63688_-_01.jpg?width=400,ArchaiOptix,CC BY-SA 4.0,https://creativecommons.org/licenses/by-sa/4.0,https://commons.wikimedia.org/wiki/File:Wall_painting_-_Athena_in_aedicula_and_snake_at_altar_-_Gragnano_Carmiano_%28villa_A%29_-_Pompeii_PAAnt_63688_-_01.jpg,,Wall painting - Athena in aedicula and snake at altar - Gragnano Carmiano (villa A) - Pompeii PAAnt 63688 - 01
pompeii-wall-painting-athena-in-aedicula-and-snake-at-altar-gragnano-carmiano-villa-a-pompeii-paant-63688-02,Wall painting - Athena in aedicula and snake at altar - Gragnano Carmiano (villa A) - Pompeii PAAnt 63688 - 02,Roman,Ritual & Religion,Late Neronian / Early Flavian,,,Pompeii,Campania,Naples National Archaeological Museum,40.75102,14.48674,approximate,https://commons.wikimedia.org/wiki/Special:FilePath/Wall_painting_-_Athena_in_aedicula_and_snake_at_altar_-_Gragnano_Carmiano_%28villa_A%29_-_Pompeii_PAAnt_63688_-_02.jpg?width=400,ArchaiOptix,CC BY-SA 4.0,https://creativecommons.org/licenses/by-sa/4.0,https://commons.wikimedia.org/wiki/File:Wall_painting_-_Athena_in_aedicula_and_snake_at_altar_-_Gragnano_Carmiano_%28villa_A%29_-_Pompeii_PAAnt_63688_-_02.jpg,,Wall painting - Athena in aedicula and snake at altar - Gragnano Carmiano (villa A) - Pompeii PAAnt 63688 - 02
pompeii-wall-painting-athena-in-aedicula-and-snake-at-altar-gragnano-carmiano-villa-a-pompeii-paant-63688-03,Wall painting - Athena in aedicula and snake at altar - Gragnano Carmiano (villa A) - Pompeii PAAnt 63688 - 03,Roman,Ritual & Religion,Late Neronian / Early Flavian,,,Pompeii,Campania,Naples National Archaeological Museum,40.75129,14.48692,approximate,https://commons.wikimedia.org/wiki/Special:FilePath/Wall_painting_-_Athena_in_aedicula_and_snake_at_altar_-_Gragnano_Carmiano_%28villa_A%29_-_Pompeii_PAAnt_63688_-_03.jpg?width=400,ArchaiOptix,CC BY-SA 4.0,https://creativecommons.org/licenses/by-sa/4.0,https://commons.wikimedia.org/wiki/File:Wall_painting_-_Athena_in_aedicula_and_snake_at_altar_-_Gragnano_Carmiano_%28villa_A%29_-_Pompeii_PAAnt_63688_-_03.jpg,,Wall painting - Athena in aedicula and snake at altar - Gragnano Carmiano (villa A) - Pompeii PAAnt 63688 - 03
aegean-prehistoric-wall-painting-four-landscapes-with-buildings-and-figures-vesuvius-region-napoli-man-9510-01,Wall painting - four landscapes with buildings and figures - Vesuvius region - Napoli MAN 9510 - 01,Minoan,Floral & Landscape,Late Neronian / Early Flavian,,,Aegean Prehistoric,Crete,Heraklion Archaeological Museum,35.29978,25.16171,approximate,https://commons.wikimedia.org/wiki/Special:FilePath/Wall_painting_-_four_landscapes_with_buildings_and_figures_-_Vesuvius_region_-_Napoli_MAN_9510_-_01.jpg?width=400,ArchaiOptix,CC BY-SA 4.0,https://creativecommons.org/licenses/by-sa/4.0,https://commons.wikimedia.org/wiki/File:Wall_painting_-_four_landscapes_with_buildings_and_figures_-_Vesuvius_region_-_Napoli_MAN_9510_-_01.jpg,,Wall painting - four landscapes with buildings and figures - Vesuvius region - Napoli MAN 9510 - 01
aegean-prehistoric-wall-painting-four-landscapes-with-buildings-and-figures-vesuvius-region-napoli-man-9510-02,Wall painting - four landscapes with buildings and figures - Vesuvius region - Napoli MAN 9510 - 02,Minoan,Floral & Landscape,Late Neronian / Early Flavian,,,Aegean Prehistoric,Crete,Heraklion Archaeological Museum,35.29745,25.16408,approximate,https://commons.wikimedia.org/wiki/Special:FilePath/Wall_painting_-_four_landscapes_with_buildings_and_figures_-_Vesuvius_region_-_Napoli_MAN_9510_-_02.jpg?width=400,ArchaiOptix,CC BY-SA 4.0,https://creativecommons.org/licenses/by-sa/4.0,https://commons.wikimedia.org/wiki/File:Wall_painting_-_four_landscapes_with_buildings_and_figures_-_Vesuvius_region_-_Napoli_MAN_9510_-_02.jpg,,Wall painting - four landscapes with buildings and figures - Vesuvius region - Napoli MAN 9510 - 02
luxor-wall-painting-egyptian-landscape-with-buildings-and-figures-vesuvius-region-napoli-man-9503,Wall painting - egyptian landscape with buildings and figures - Vesuvius region - Napoli MAN 9503,Egyptian,Floral & Landscape,Late Neronian / Early Flavian,,,Luxor,Egypt,"Egyptian Museum, Cairo",25.72797,32.60631,approximate,https://commons.wikimedia.org/wiki/Special:FilePath/Wall_painting_-_egyptian_landscape_with_buildings_and_figures_-_Vesuvius_region_-_Napoli_MAN_9503.jpg?width=400,ArchaiOptix,CC BY-SA 4.0,https://creativecommons.org/licenses/by-sa/4.0,https://commons.wikimedia.org/wiki/File:Wall_painting_-_egyptian_landscape_with_buildings_and_figures_-_Vesuvius_region_-_Napoli_MAN_9503.jpg,,Wall painting - egyptian landscape with buildings and figures - Vesuvius region - Napoli MAN 9503
aegean-prehistoric-painted-altar-four-gods-milano-via-circo-milano-ma-a-0-9-1070-01,Painted altar - four gods - Milano (Via Circo) - Milano MA A 0 9 1070 - 01,Minoan,Ritual & Religion,Flavian / Trajanic,,,Aegean Prehistoric,Crete,Heraklion Archaeological Museum,35.29737,25.16486,approximate,https://commons.wikimedia.org/wiki/Special:FilePath/Painted_altar_-_four_gods_-_Milano_%28Via_Circo%29_-_Milano_MA_A_0_9_1070_-_01.jpg?width=400,ArchaiOptix,CC BY-SA 4.0,https://creativecommons.org/licenses/by-sa/4.0,https://commons.wikimedia.org/wiki/File:Painted_altar_-_four_gods_-_Milano_%28Via_Circo%29_-_Milano_MA_A_0_9_1070_-_01.jpg,,Painted altar - four gods - Milano (Via Circo) - Milano MA A 0 9 1070 - 01
aegean-prehistoric-painted-altar-four-gods-milano-via-circo-milano-ma-a-0-9-1070-02,Painted altar - four gods - Milano (Via Circo) - Milano MA A 0 9 1070 - 02,Minoan,Ritual & Religion,Flavian / Trajanic,,,Aegean Prehistoric,Crete,Heraklion Archaeological Museum,35.29658,25.1638,approximate,https://commons.wikimedia.org/wiki/Special:FilePath/Painted_altar_-_four_gods_-_Milano_%28Via_Circo%29_-_Milano_MA_A_0_9_1070_-_02.jpg?width=400,ArchaiOptix,CC BY-SA 4.0,https://creativecommons.org/licenses/by-sa/4.0,https://commons.wikimedia.org/wiki/File:Painted_altar_-_four_gods_-_Milano_%28Via_Circo%29_-_Milano_MA_A_0_9_1070_-_02.jpg,,Painted altar - four gods - Milano (Via Circo) - Milano MA A 0 9 1070 - 02
aegean-prehistoric-painted-altar-four-gods-milano-via-circo-milano-ma-a-0-9-1070-03,Painted altar - four gods - Milano (Via Circo) - Milano MA A 0 9 1070 - 03,Minoan,Ritual & Religion,Flavian / Trajanic,,,Aegean Prehistoric,Crete,Heraklion Archaeological Museum,35.29973,25.16303,approximate,https://commons.wikimedia.org/wiki/Special:FilePath/Painted_altar_-_four_gods_-_Milano_%28Via_Circo%29_-_Milano_MA_A_0_9_1070_-_03.jpg?width=400,ArchaiOptix,CC BY-SA 4.0,https://creativecommons.org/licenses/by-sa/4.0,https://commons.wikimedia.org/wiki/File:Painted_altar_-_four_gods_-_Milano_%28Via_Circo%29_-_Milano_MA_A_0_9_1070_-_03.jpg,,Painted altar - four gods - Milano (Via Circo) - Milano MA A 0 9 1070 - 03
aegean-prehistoric-painted-altar-four-gods-milano-via-circo-milano-ma-a-0-9-1070-04,Painted altar - four gods - Milano (Via Circo) - Milano MA A 0 9 1070 - 04,Minoan,Ritual & Religion,Flavian / Trajanic,,,Aegean Prehistoric,Crete,Heraklion Archaeological Museum,35.29911,25.16276,approximate,https://commons.wikimedia.org/wiki/Special:FilePath/Painted_altar_-_four_gods_-_Milano_%28Via_Circo%29_-_Milano_MA_A_0_9_1070_-_04.jpg?width=400,ArchaiOptix,CC BY-SA 4.0,https://creativecommons.org/licenses/by-sa/4.0,https://commons.wikimedia.org/wiki/File:Painted_altar_-_four_gods_-_Milano_%28Via_Circo%29_-_Milano_MA_A_0_9_1070_-_04.jpg,,Painted altar - four gods - Milano (Via Circo) - Milano MA A 0 9 1070 - 04
aegean-prehistoric-wall-painting-architecture-with-floral-volutes-and-peacocks-bergamo-via-arena-bergamo-cma-01,Wall painting - architecture with floral volutes and peacocks - Bergamo (via Arena) - Bergamo CMA - 01,Minoan,General / Decorative,Trajanic,,,Aegean Prehistoric,Crete,Heraklion Archaeological Museum,35.29836,25.16131,approximate,https://commons.wikimedia.org/wiki/Special:FilePath/Wall_painting_-_architecture_with_floral_volutes_and_peacocks_-_Bergamo_%28via_Arena%29_-_Bergamo_CMA_-_01.jpg?width=400,ArchaiOptix,CC BY-SA 4.0,https://creativecommons.org/licenses/by-sa/4.0,https://commons.wikimedia.org/wiki/File:Wall_painting_-_architecture_with_floral_volutes_and_peacocks_-_Bergamo_%28via_Arena%29_-_Bergamo_CMA_-_01.jpg,,Wall painting - architecture with floral volutes and peacocks - Bergamo (via Arena) - Bergamo CMA - 01
aegean-prehistoric-wall-painting-architecture-with-floral-volutes-and-peacocks-bergamo-via-arena-bergamo-cma-02,Wall painting - architecture with floral volutes and peacocks - Bergamo (via Arena) - Bergamo CMA - 02,Minoan,General / Decorative,Trajanic,,,Aegean Prehistoric,Crete,Heraklion Archaeological Museum,35.29901,25.16384,approximate,https://commons.wikimedia.org/wiki/Special:FilePath/Wall_painting_-_architecture_with_floral_volutes_and_peacocks_-_Bergamo_%28via_Arena%29_-_Bergamo_CMA_-_02.jpg?width=400,ArchaiOptix,CC BY-SA 4.0,https://creativecommons.org/licenses/by-sa/4.0,https://commons.wikimedia.org/wiki/File:Wall_painting_-_architecture_with_floral_volutes_and_peacocks_-_Bergamo_%28via_Arena%29_-_Bergamo_CMA_-_02.jpg,,Wall painting - architecture with floral volutes and peacocks - Bergamo (via Arena) - Bergamo CMA - 02
aegean-prehistoric-wall-painting-plants-with-fruit-stands-and-candelabra-bergamo-via-arena-bergamo-cma,Wall painting - plants with fruit stands and candelabra - Bergamo (via Arena) - Bergamo CMA,Minoan,General / Decorative,Trajanic,,,Aegean Prehistoric,Crete,Heraklion Archaeological Museum,35.29969,25.16446,approximate,https://commons.wikimedia.org/wiki/Special:FilePath/Wall_painting_-_plants_with_fruit_stands_and_candelabra_-_Bergamo_%28via_Arena%29_-_Bergamo_CMA.jpg?width=400,ArchaiOptix,CC BY-SA 4.0,https://creativecommons.org/licenses/by-sa/4.0,https://commons.wikimedia.org/wiki/File:Wall_painting_-_plants_with_fruit_stands_and_candelabra_-_Bergamo_%28via_Arena%29_-_Bergamo_CMA.jpg,,Wall painting - plants with fruit stands and candelabra - Bergamo (via Arena) - Bergamo CMA
aegean-prehistoric-wall-painting-young-satyr-with-pedum-and-rattle-roman-wien-khm-as-v-3227,Wall painting - young satyr with pedum and rattle - Roman - Wien KHM AS V 3227,Roman,General / Decorative,Trajanic,,,Aegean Prehistoric,Crete,Heraklion Archaeological Museum,35.29858,25.16342,approximate,https://commons.wikimedia.org/wiki/Special:FilePath/Wall_painting_-_young_satyr_with_pedum_and_rattle_-_Roman_-_Wien_KHM_AS_V_3227.jpg?width=400,ArchaiOptix,CC BY-SA 4.0,https://creativecommons.org/licenses/by-sa/4.0,https://commons.wikimedia.org/wiki/File:Wall_painting_-_young_satyr_with_pedum_and_rattle_-_Roman_-_Wien_KHM_AS_V_3227.jpg,,Wall painting - young satyr with pedum and rattle - Roman - Wien KHM AS V 3227
rome-wall-painting-young-men-in-two-boats-rome-river-port-of-san-paolo-roma-mnr-pmat-121462-01,Wall painting - young men in two boats - Rome (river port of San Paolo) - Roma MNR PMaT 121462 - 01,Minoan,General / Decorative,Late Hadrianic / Early Antonine,,,Rome,Lazio,National Roman Museum,41.89012,12.49321,approximate,https://commons.wikimedia.org/wiki/Special:FilePath/Wall_painting_-_young_men_in_two_boats_-_Rome_%28river_port_of_San_Paolo%29_-_Roma_MNR_PMaT.jpg?width=400,ArchaiOptix,CC BY-SA 4.0,https://creativecommons.org/licenses/by-sa/4.0,https://commons.wikimedia.org/wiki/File:Wall_painting_-_young_men_in_two_boats_-_Rome_%28river_port_of_San_Paolo%29_-_Roma_MNR_PMaT.jpg,,Wall painting - young men in two boats - Rome (river port of San Paolo) - Roma MNR PMaT 121462 - 01
rome-wall-painting-young-men-in-two-boats-rome-river-port-of-san-paolo-roma-mnr-pmat-121462-02,Wall painting - young men in two boats - Rome (river port of San Paolo) - Roma MNR PMaT 121462 - 02,Minoan,General / Decorative,Late Hadrianic / Early Antonine,,,Rome,Lazio,National Roman Museum,41.88897,12.49288,approximate,https://commons.wikimedia.org/wiki/Special:FilePath/Wall_painting_-_young_men_in_two_boats_-_Rome_%28river_port_of_San_Paolo%29_-_Roma_MNR_PMaT_121462_-_02.jpg?width=400,ArchaiOptix,CC BY-SA 4.0,https://creativecommons.org/licenses/by-sa/4.0,https://commons.wikimedia.org/wiki/File:Wall_painting_-_young_men_in_two_boats_-_Rome_%28river_port_of_San_Paolo%29_-_Roma_MNR_PMaT_121462_-_02.jpg,,Wall painting - young men in two boats - Rome (river port of San Paolo) - Roma MNR PMaT 121462 - 02
rome-wall-painting-young-men-in-two-boats-rome-river-port-of-san-paolo-roma-mnr-pmat-121462-03,Wall painting - young men in two boats - Rome (river port of San Paolo) - Roma MNR PMaT 121462 - 03,Minoan,General / Decorative,Late Hadrianic / Early Antonine,,,Rome,Lazio,National Roman Museum,41.89121,12.49291,approximate,https://commons.wikimedia.org/wiki/Special:FilePath/Wall_painting_-_young_men_in_two_boats_-_Rome_%28river_port_of_San_Paolo%29_-_Roma_MNR_PMaT_121462_-_03.jpg?width=400,ArchaiOptix,CC BY-SA 4.0,https://creativecommons.org/licenses/by-sa/4.0,https://commons.wikimedia.org/wiki/File:Wall_painting_-_young_men_in_two_boats_-_Rome_%28river_port_of_San_Paolo%29_-_Roma_MNR_PMaT_121462_-_03.jpg,,Wall painting - young men in two boats - Rome (river port of San Paolo) - Roma MNR PMaT 121462 - 03
rome-wall-painting-octopus-strangling-lobster-and-moray-eal-rome-river-port-of-san-paolo-roma-mnr-pmat-463253-01,Wall painting - octopus strangling lobster and moray eal - Rome (river port of San Paolo) - Roma MNR PMaT 463253 - 01,Minoan,Animal,Late Hadrianic / Early Antonine,,,Rome,Lazio,National Roman Museum,41.89117,12.49167,approximate,https://commons.wikimedia.org/wiki/Special:FilePath/Wall_painting_-_octopus_strangling_lobster_and_moray_eal_-_Rome_%28river_port_of_San_Paolo%29_-_Roma_MNR_PMaT_463253_-_01.jpg?width=400,ArchaiOptix,CC BY-SA 4.0,https://creativecommons.org/licenses/by-sa/4.0,https://commons.wikimedia.org/wiki/File:Wall_painting_-_octopus_strangling_lobster_and_moray_eal_-_Rome_%28river_port_of_San_Paolo%29_-_Roma_MNR_PMaT_463253_-_01.jpg,,Wall painting - octopus strangling lobster and moray eal - Rome (river port of San Paolo) - Roma MNR PMaT 463253 - 01
rome-wall-painting-octopus-strangling-lobster-and-moray-eal-rome-river-port-of-san-paolo-roma-mnr-pmat-463253-02,Wall painting - octopus strangling lobster and moray eal - Rome (river port of San Paolo) - Roma MNR PMaT 463253 - 02,Minoan,Animal,Late Hadrianic / Early Antonine,,,Rome,Lazio,National Roman Museum,41.8908,12.49146,approximate,https://commons.wikimedia.org/wiki/Special:FilePath/Wall_painting_-_octopus_strangling_lobster_and_moray_eal_-_Rome_%28river_port_of_San_Paolo%29_-_Roma_MNR_PMaT_463253_-_02.jpg?width=400,ArchaiOptix,CC BY-SA 4.0,https://creativecommons.org/licenses/by-sa/4.0,https://commons.wikimedia.org/wiki/File:Wall_painting_-_octopus_strangling_lobster_and_moray_eal_-_Rome_%28river_port_of_San_Paolo%29_-_Roma_MNR_PMaT_463253_-_02.jpg,,Wall painting - octopus strangling lobster and moray eal - Rome (river port of San Paolo) - Roma MNR PMaT 463253 - 02
luxor-tempera-painting-on-wood-panel-septimius-severus-and-his-family-egypt-berlin-as-31329-01,Tempera painting on wood panel - Septimius Severus and his family - Egypt - Berlin AS 31329 - 01,Egyptian,General / Decorative,Severan,,,Luxor,Egypt,"Egyptian Museum, Cairo",25.7271,32.6062,approximate,https://commons.wikimedia.org/wiki/Special:FilePath/Tempera_painting_on_wood_panel_-_Septimius_Severus_and_his_family_-_Egypt_-_Berlin_AS_31329_-_01.jpg?width=400,ArchaiOptix,CC BY-SA 4.0,https://creativecommons.org/licenses/by-sa/4.0,https://commons.wikimedia.org/wiki/File:Tempera_painting_on_wood_panel_-_Septimius_Severus_and_his_family_-_Egypt_-_Berlin_AS_31329_-_01.jpg,,Tempera painting on wood panel - Septimius Severus and his family - Egypt - Berlin AS 31329 - 01
luxor-tempera-painting-on-wood-panel-septimius-severus-and-his-family-egypt-berlin-as-31329-02,Tempera painting on wood panel - Septimius Severus and his family - Egypt - Berlin AS 31329 - 02,Egyptian,General / Decorative,Severan,,,Luxor,Egypt,"Egyptian Museum, Cairo",25.72882,32.60496,approximate,https://commons.wikimedia.org/wiki/Special:FilePath/Tempera_painting_on_wood_panel_-_Septimius_Severus_and_his_family_-_Egypt_-_Berlin_AS_31329_-_02.jpg?width=400,ArchaiOptix,CC BY-SA 4.0,https://creativecommons.org/licenses/by-sa/4.0,https://commons.wikimedia.org/wiki/File:Tempera_painting_on_wood_panel_-_Septimius_Severus_and_his_family_-_Egypt_-_Berlin_AS_31329_-_02.jpg,,Tempera painting on wood panel - Septimius Severus and his family - Egypt - Berlin AS 31329 - 02
aegean-prehistoric-wall-painting-jason-taking-the-golden-fleece-with-medea-s-help-trier-palastgarten-trier-rlm,Wall painting - Jason taking the golden fleece with Medea´s help - Trier (Palastgarten) - Trier RLM,Minoan,General / Decorative,Third Century AD,,,Aegean Prehistoric,Crete,Heraklion Archaeological Museum,35.29997,25.16385,approximate,https://commons.wikimedia.org/wiki/Special:FilePath/Wall_painting_-_Jason_taking_the_golden_fleece_with_Medea%C2%B4s_help_-_Trier_%28Palastgarten%29_-_Trier_RLM.jpg?width=400,ArchaiOptix,CC BY-SA 4.0,https://creativecommons.org/licenses/by-sa/4.0,https://commons.wikimedia.org/wiki/File:Wall_painting_-_Jason_taking_the_golden_fleece_with_Medea%C2%B4s_help_-_Trier_%28Palastgarten%29_-_Trier_RLM.jpg,,Wall painting - Jason taking the golden fleece with Medea´s help - Trier (Palastgarten) - Trier RLM
aegean-prehistoric-wall-painting-architecture-with-nikai-and-candelabra-with-umbrellas-k-ln-south-of-the-cathedral-k-ln-rgm-01,Wall painting - architecture with Nikai and candelabra with umbrellas - Köln (south of the cathedral) - Köln RGM - 01,Minoan,Animal,Third Century AD,,,Aegean Prehistoric,Crete,Heraklion Archaeological Museum,35.297,25.16516,approximate,https://commons.wikimedia.org/wiki/Special:FilePath/Wall_painting_-_architecture_with_Nikai_and_candelabra_with_umbrellas_-_K%C3%B6ln_%28south_of_the_cathedral%29_-_K%C3%B6ln_RGM_-_01.jpg?width=400,ArchaiOptix,CC BY-SA 4.0,https://creativecommons.org/licenses/by-sa/4.0,https://commons.wikimedia.org/wiki/File:Wall_painting_-_architecture_with_Nikai_and_candelabra_with_umbrellas_-_K%C3%B6ln_%28south_of_the_cathedral%29_-_K%C3%B6ln_RGM_-_01.jpg,,Wall painting - architecture with Nikai and candelabra with umbrellas - Köln (south of the cathedral) - Köln RGM - 01
aegean-prehistoric-wall-painting-architecture-with-nikai-and-candelabra-with-umbrellas-k-ln-south-of-the-cathedral-k-ln-rgm-02,Wall painting - architecture with Nikai and candelabra with umbrellas - Köln (south of the cathedral) - Köln RGM - 02,Minoan,Animal,Third Century AD,,,Aegean Prehistoric,Crete,Heraklion Archaeological Museum,35.29634,25.16378,approximate,https://commons.wikimedia.org/wiki/Special:FilePath/Wall_painting_-_architecture_with_Nikai_and_candelabra_with_umbrellas_-_K%C3%B6ln_%28south_of_the_cathedral%29_-_K%C3%B6ln_RGM_-_02.jpg?width=400,ArchaiOptix,CC BY-SA 4.0,https://creativecommons.org/licenses/by-sa/4.0,https://commons.wikimedia.org/wiki/File:Wall_painting_-_architecture_with_Nikai_and_candelabra_with_umbrellas_-_K%C3%B6ln_%28south_of_the_cathedral%29_-_K%C3%B6ln_RGM_-_02.jpg,,Wall painting - architecture with Nikai and candelabra with umbrellas - Köln (south of the cathedral) - Köln RGM - 02
aegean-prehistoric-wall-painting-architecture-with-nikai-and-candelabra-with-umbrellas-k-ln-south-of-the-cathedral-k-ln-rgm-03,Wall painting - architecture with Nikai and candelabra with umbrellas - Köln (south of the cathedral) - Köln RGM - 03,Minoan,Animal,Third Century AD,,,Aegean Prehistoric,Crete,Heraklion Archaeological Museum,35.29903,25.16225,approximate,https://commons.wikimedia.org/wiki/Special:FilePath/Wall_painting_-_architecture_with_Nikai_and_candelabra_with_umbrellas_-_K%C3%B6ln_%28south_of_the_cathedral%29_-_K%C3%B6ln_RGM_-_03.jpg?width=400,ArchaiOptix,CC BY-SA 4.0,https://creativecommons.org/licenses/by-sa/4.0,https://commons.wikimedia.org/wiki/File:Wall_painting_-_architecture_with_Nikai_and_candelabra_with_umbrellas_-_K%C3%B6ln_%28south_of_the_cathedral%29_-_K%C3%B6ln_RGM_-_03.jpg,,Wall painting - architecture with Nikai and candelabra with umbrellas - Köln (south of the cathedral) - Köln RGM - 03
rome-wall-painting-dea-barberini-rome-near-baptisterium-of-san-giovanni-in-laterano-roma-mnr-pmat-124506-01,Wall painting - dea Barberini - Rome (near baptisterium of San Giovanni in Laterano) - Roma MNR PMaT 124506 - 01,Minoan,General / Decorative,300-350 AD,,,Rome,Lazio,National Roman Museum,41.89159,12.49241,approximate,https://commons.wikimedia.org/wiki/Special:FilePath/Wall_painting_-_dea_Barberini_-_Rome_%28near_baptisterium_of_San_Giovanni_in_Laterano%29_-_Roma_MNR_PMaT.jpg?width=400,ArchaiOptix,CC BY-SA 4.0,https://creativecommons.org/licenses/by-sa/4.0,https://commons.wikimedia.org/wiki/File:Wall_painting_-_dea_Barberini_-_Rome_%28near_baptisterium_of_San_Giovanni_in_Laterano%29_-_Roma_MNR_PMaT.jpg,,Wall painting - dea Barberini - Rome (near baptisterium of San Giovanni in Laterano) - Roma MNR PMaT 124506 - 01
rome-wall-painting-dea-barberini-rome-near-baptisterium-of-san-giovanni-in-laterano-roma-mnr-pmat-124506-02,Wall painting - dea Barberini - Rome (near baptisterium of San Giovanni in Laterano) - Roma MNR PMaT 124506 - 02,Minoan,General / Decorative,300-350 AD,,,Rome,Lazio,National Roman Museum,41.88943,12.4915,approximate,https://commons.wikimedia.org/wiki/Special:FilePath/Wall_painting_-_dea_Barberini_-_Rome_%28near_baptisterium_of_San_Giovanni_in_Laterano%29_-_Roma_MNR_PMaT_124506_-_02.jpg?width=400,ArchaiOptix,CC BY-SA 4.0,https://creativecommons.org/licenses/by-sa/4.0,https://commons.wikimedia.org/wiki/File:Wall_painting_-_dea_Barberini_-_Rome_%28near_baptisterium_of_San_Giovanni_in_Laterano%29_-_Roma_MNR_PMaT_124506_-_02.jpg,,Wall painting - dea Barberini - Rome (near baptisterium of San Giovanni in Laterano) - Roma MNR PMaT 124506 - 02
rome-wall-painting-dea-barberini-rome-near-baptisterium-of-san-giovanni-in-laterano-roma-mnr-pmat-124506-03,Wall painting - dea Barberini - Rome (near baptisterium of San Giovanni in Laterano) - Roma MNR PMaT 124506 - 03,Minoan,General / Decorative,300-350 AD,,,Rome,Lazio,National Roman Museum,41.88919,12.49343,approximate,https://commons.wikimedia.org/wiki/Special:FilePath/Wall_painting_-_dea_Barberini_-_Rome_%28near_baptisterium_of_San_Giovanni_in_Laterano%29_-_Roma_MNR_PMaT_124506_-_03.jpg?width=400,ArchaiOptix,CC BY-SA 4.0,https://creativecommons.org/licenses/by-sa/4.0,https://commons.wikimedia.org/wiki/File:Wall_painting_-_dea_Barberini_-_Rome_%28near_baptisterium_of_San_Giovanni_in_Laterano%29_-_Roma_MNR_PMaT_124506_-_03.jpg,,Wall painting - dea Barberini - Rome (near baptisterium of San Giovanni in Laterano) - Roma MNR PMaT 124506 - 03
rome-wall-painting-dea-barberini-rome-near-baptisterium-of-san-giovanni-in-laterano-roma-mnr-pmat-124506-04,Wall painting - dea Barberini - Rome (near baptisterium of San Giovanni in Laterano) - Roma MNR PMaT 124506 - 04,Minoan,General / Decorative,300-350 AD,,,Rome,Lazio,National Roman Museum,41.89014,12.4934,approximate,https://commons.wikimedia.org/wiki/Special:FilePath/Wall_painting_-_dea_Barberini_-_Rome_%28near_baptisterium_of_San_Giovanni_in_Laterano%29_-_Roma_MNR_PMaT_124506_-_04.jpg?width=400,ArchaiOptix,CC BY-SA 4.0,https://creativecommons.org/licenses/by-sa/4.0,https://commons.wikimedia.org/wiki/File:Wall_painting_-_dea_Barberini_-_Rome_%28near_baptisterium_of_San_Giovanni_in_Laterano%29_-_Roma_MNR_PMaT_124506_-_04.jpg,,Wall painting - dea Barberini - Rome (near baptisterium of San Giovanni in Laterano) - Roma MNR PMaT 124506 - 04
rome-wall-painting-dea-barberini-rome-near-baptisterium-of-san-giovanni-in-laterano-roma-mnr-pmat-124506-05,Wall painting - dea Barberini - Rome (near baptisterium of San Giovanni in Laterano) - Roma MNR PMaT 124506 - 05,Minoan,General / Decorative,300-350 AD,,,Rome,Lazio,National Roman Museum,41.89035,12.49362,approximate,https://commons.wikimedia.org/wiki/Special:FilePath/Wall_painting_-_dea_Barberini_-_Rome_%28near_baptisterium_of_San_Giovanni_in_Laterano%29_-_Roma_MNR_PMaT_124506_-_05.jpg?width=400,ArchaiOptix,CC BY-SA 4.0,https://creativecommons.org/licenses/by-sa/4.0,https://commons.wikimedia.org/wiki/File:Wall_painting_-_dea_Barberini_-_Rome_%28near_baptisterium_of_San_Giovanni_in_Laterano%29_-_Roma_MNR_PMaT_124506_-_05.jpg,,Wall painting - dea Barberini - Rome (near baptisterium of San Giovanni in Laterano) - Roma MNR PMaT 124506 - 05
aegean-prehistoric-wall-painting-christ-blessing-a-woman-ephesos-wien-khm-as-v-2057-and-2058,Wall painting - Christ blessing a woman - Ephesos - Wien KHM AS V 2057 and 2058,Minoan,General / Decorative,450-550 AD,,,Aegean Prehistoric,Crete,Heraklion Archaeological Museum,35.29928,25.16414,approximate,https://commons.wikimedia.org/wiki/Special:FilePath/Wall_painting_-_Christ_blessing_a_woman_-_Ephesos_-_Wien_KHM_AS_V_2057_and_2058.jpg?width=400,ArchaiOptix,CC BY-SA 4.0,https://creativecommons.org/licenses/by-sa/4.0,https://commons.wikimedia.org/wiki/File:Wall_painting_-_Christ_blessing_a_woman_-_Ephesos_-_Wien_KHM_AS_V_2057_and_2058.jpg,,Wall painting - Christ blessing a woman - Ephesos - Wien KHM AS V 2057 and 2058
